"SitRecID","kba","ovl","year","random","nPAs","DOMAIN","range_countries","RangeName","COUNTRY","multiple_ranges","all_gmba_intersec","in_gmba","note","percPA"
44651,30621203793.5068,2242189717.91967,1998,FALSE,1,"14431","NZL","Campbell Island","NZL",FALSE,"14431",TRUE,"",0.0732234347493265
44651,30621203793.5068,219236.775349963,2007,FALSE,1,"14431","NZL","Campbell Island","NZL",FALSE,"14431",TRUE,"",7.15963934103898e-06
44651,30621203793.5068,455843.3893646,2014,FALSE,1,"14431","NZL","Campbell Island","NZL",FALSE,"14431",TRUE,"",1.48865274023375e-05
44650,650837810.165861,704814.578543631,1954,FALSE,1,"14431","NZL","Campbell Island","NZL",FALSE,"14431",TRUE,"",0.00108293428490889
44650,650837810.165861,650132995.760241,1998,FALSE,1,"14431","NZL","Campbell Island","NZL",FALSE,"14431",TRUE,"",0.998917065980786
26732,109836148.122473,107959831.127108,1954,FALSE,1,"14431","NZL","Campbell Island","NZL",FALSE,"14431",TRUE,"",0.982917126761644
