"SitRecID","kba","ovl","year","random","nPAs","DOMAIN","range_countries","RangeName","COUNTRY","multiple_ranges","all_gmba_intersec","in_gmba","note","percPA"
9433,253220109.882959,24455907.0076013,1964,FALSE,1,"15417","DEU","Allgäu Alps","DEU",FALSE,"15417",TRUE,"",0.096579639819701
9433,253220109.882959,146875509.725393,1972,FALSE,1,"15417","DEU","Allgäu Alps","DEU",FALSE,"15417",TRUE,"",0.580030984874307
9433,253220109.882959,61010654.1508711,1992,FALSE,1,"15417","DEU","Allgäu Alps","DEU",FALSE,"15417",TRUE,"",0.240939213631456
9433,253220109.882959,7785449.53137731,2004,FALSE,5,"15417","DEU","Allgäu Alps","DEU",FALSE,"15417",TRUE,"",0.0307457789785172
9433,253220109.882959,13065313.0278488,2006,FALSE,2,"15417","DEU","Allgäu Alps","DEU",FALSE,"15417",TRUE,"",0.051596664395603
