"SitRecID","kba","ovl","year","random","nPAs","DOMAIN","range_countries","RangeName","COUNTRY","multiple_ranges","all_gmba_intersec","in_gmba","note","percPA"
3372,288718636.695954,65245.3075521886,1956,FALSE,1,"15418","DEU","Ammergau Alps","DEU",TRUE,"15412;15418;15419",TRUE,"",0.000225982320707955
3372,288718636.695954,23767.9579918111,1976,FALSE,1,"15418","DEU","Ammergau Alps","DEU",TRUE,"15412;15418;15419",TRUE,"",8.23222160640805e-05
3372,288718636.695954,4300.17864521174,1982,FALSE,1,"15418","DEU","Ammergau Alps","DEU",TRUE,"15412;15418;15419",TRUE,"",1.48940113268137e-05
3372,288718636.695954,288346533.806604,1986,FALSE,1,"15418","DEU","Ammergau Alps","DEU",TRUE,"15412;15418;15419",TRUE,"",0.998711191997826
