"SitRecID","kba","ovl","year","random","nPAs","DOMAIN","range_countries","RangeName","COUNTRY","multiple_ranges","all_gmba_intersec","in_gmba","note","percPA"
31092,4680445559.93133,4996894.28074668,1980,FALSE,1,"15800","USA","Rat Islands","USA",FALSE,"15800",TRUE,"",0.00106761081114252
31092,4680445559.93133,129120020.479955,2013,FALSE,1,"15800","USA","Rat Islands","USA",FALSE,"15800",TRUE,"",0.0275871215307651
30165,309293035.525207,82549385.2945777,1980,FALSE,1,"15800","USA","Rat Islands","USA",FALSE,"15800",TRUE,"",0.266897006440516
30165,309293035.525207,2988600.19822359,2013,FALSE,1,"15800","USA","Rat Islands","USA",FALSE,"15800",TRUE,"",0.00966268184199068
31141,614765766.257934,199230182.523677,1980,FALSE,1,"15800","USA","Rat Islands","USA",FALSE,"15800",TRUE,"",0.324074946034141
31141,614765766.257934,8646750.97674585,2013,FALSE,1,"15800","USA","Rat Islands","USA",FALSE,"15800",TRUE,"",0.0140651146360645
31155,573493792.581854,50311586.3328802,1980,FALSE,1,"15800","USA","Rat Islands","USA",FALSE,"15800",TRUE,"",0.0877282142957098
30187,309293035.833996,219529168.627275,1980,FALSE,1,"15800","USA","Rat Islands","USA",FALSE,"15800",TRUE,"",0.709777276540754
30187,309293035.833996,40484388.4075721,2013,FALSE,1,"15800","USA","Rat Islands","USA",FALSE,"15800",TRUE,"",0.130893307372433
