"SitRecID","kba","ovl","year","random","nPAs","DOMAIN","range_countries","RangeName","COUNTRY","multiple_ranges","all_gmba_intersec","in_gmba","note","percPA"
28641,3873862803.49686,6402745.61442707,1973,FALSE,1,"12116","ETH","Semien Mountains","ETH",TRUE,"12116;20055;20346",TRUE,"",0.00165280649811538
28641,3873862803.49686,1741994916.14117,2007,FALSE,1,"12116","ETH","Semien Mountains","ETH",TRUE,"12116;20055;20346",TRUE,"",0.449679042471175
6237,1079591390.18484,485829888.409921,1959,FALSE,1,"12116","ETH","Semien Mountains","ETH",FALSE,"12116",TRUE,"",0.450012748181272
6237,1079591390.18484,5193858.21390939,1978,FALSE,1,"12116","ETH","Semien Mountains","ETH",FALSE,"12116",TRUE,"",0.00481094816161893
