"SitRecID","kba","ovl","year","random","nPAs","DOMAIN","range_countries","RangeName","COUNTRY","multiple_ranges","all_gmba_intersec","in_gmba","note","percPA"
31678,32145512.2831316,669919.772805914,1960,FALSE,1,"11432","MKD;ALB","Jablanica","MKD",TRUE,"11432;11537",TRUE,"",0.0208402269935967
31693,162135324.371242,2488954.5116998,1979,FALSE,1,"11432","MKD;ALB","Jablanica","MKD",FALSE,"11432",TRUE,"",0.0153510934236689
31693,162135324.371242,12749012.0326614,1999,FALSE,1,"11432","MKD;ALB","Jablanica","MKD",FALSE,"11432",TRUE,"",0.0786319210949361
31693,162135324.371242,594161.455440597,2008,FALSE,1,"11432","MKD;ALB","Jablanica","MKD",FALSE,"11432",TRUE,"",0.00366460213247635
2900,110671259.013061,672229.707584321,1977,FALSE,1,"11432","MKD;ALB","Jablanica","ALB",TRUE,"11432;14816",TRUE,"",0.0060741127694679
2900,110671259.013061,109334919.82464,1979,FALSE,1,"11432","MKD;ALB","Jablanica","ALB",TRUE,"11432;14816",TRUE,"",0.987925146959225
31748,235676033.651802,21294123.7129651,2007,FALSE,1,"11432","MKD;ALB","Jablanica","ALB",FALSE,"11432",TRUE,"",0.0903533693393108
31748,235676033.651802,198700478.777246,2008,FALSE,1,"11432","MKD;ALB","Jablanica","ALB",FALSE,"11432",TRUE,"",0.843108549046676
46559,28429016.5506272,0,0,FALSE,0,"11432","MKD;ALB","Jablanica","ALB",NA,NA,NA,"no pas overlapping kba",0
