"SitRecID","kba","ovl","year","random","nPAs","DOMAIN","range_countries","RangeName","COUNTRY","multiple_ranges","all_gmba_intersec","in_gmba","note","percPA"
1037,532927575.409797,1385326.42703831,1986,FALSE,1,"20891","GRC","Tzoumerka (nn)","GRC",TRUE,"20355;18416;20891",TRUE,"",0.00259946471333006
1037,532927575.409797,1675076.36691375,2002,FALSE,1,"20891","GRC","Tzoumerka (nn)","GRC",TRUE,"20355;18416;20891",TRUE,"",0.00314315949146692
1037,532927575.409797,14570356.1950423,2004,FALSE,2,"20891","GRC","Tzoumerka (nn)","GRC",TRUE,"20355;18416;20891",TRUE,"",0.0273402181972632
1037,532927575.409797,202642412.499458,2006,FALSE,4,"20891","GRC","Tzoumerka (nn)","GRC",TRUE,"20355;18416;20891",TRUE,"",0.380243811447804
1037,532927575.409797,251744098.702878,2009,FALSE,10,"20891","GRC","Tzoumerka (nn)","GRC",TRUE,"20355;18416;20891",TRUE,"",0.472379569605304
1037,532927575.409797,58791845.9804361,2010,FALSE,2,"20891","GRC","Tzoumerka (nn)","GRC",TRUE,"20355;18416;20891",TRUE,"",0.110318641206036
1093,200483625.928585,10175066.867766,1986,FALSE,1,"20891","GRC","Tzoumerka (nn)","GRC",FALSE,"20891",TRUE,"",0.0507526079530831
1093,200483625.928585,187428862.102567,2002,FALSE,1,"20891","GRC","Tzoumerka (nn)","GRC",FALSE,"20891",TRUE,"",0.934883640668648
