"SitRecID","kba","ovl","year","random","nPAs","DOMAIN","range_countries","RangeName","COUNTRY","multiple_ranges","all_gmba_intersec","in_gmba","note","percPA"
1699,297018762.048171,74437456.0864472,2000,FALSE,1,"20997","ESP","Sierra de Ministra","ESP",FALSE,"20997",TRUE,"",0.250615333432623
1699,297018762.048171,27806930.5391178,2005,FALSE,1,"20997","ESP","Sierra de Ministra","ESP",FALSE,"20997",TRUE,"",0.0936201145926534
1699,297018762.048171,26573193.2033711,2015,FALSE,3,"20997","ESP","Sierra de Ministra","ESP",FALSE,"20997",TRUE,"",0.0894663792284658
29998,88399860.4046022,4257442.33265106,1998,FALSE,1,"20997","ESP","Sierra de Ministra","ESP",TRUE,"20033;20997",TRUE,"",0.0481611884132502
29998,88399860.4046022,1450276.06248711,1999,FALSE,1,"20997","ESP","Sierra de Ministra","ESP",TRUE,"20033;20997",TRUE,"",0.0164058637179885
29998,88399860.4046022,16667.7074773334,2003,FALSE,1,"20997","ESP","Sierra de Ministra","ESP",TRUE,"20033;20997",TRUE,"",0.00018854902486323
29998,88399860.4046022,NA,2008,FALSE,1,"20997","ESP","Sierra de Ministra","ESP",TRUE,"20033;20997",TRUE,"",NA
