"SitRecID","kba","ovl","year","random","nPAs","DOMAIN","range_countries","RangeName","COUNTRY","multiple_ranges","all_gmba_intersec","in_gmba","note","percPA"
14361,2636481687.70758,433779.190886378,1996,FALSE,1,"19698","BOL;PER","Altiplano (nn)","BOL",TRUE,"19698;11250;15651",TRUE,"",0.000164529567153394
14361,2636481687.70758,NA,2000,FALSE,1,"19698","BOL;PER","Altiplano (nn)","BOL",TRUE,"19698;11250;15651",TRUE,"",NA
14361,2636481687.70758,1288847485.57702,2002,FALSE,1,"19698","BOL;PER","Altiplano (nn)","BOL",TRUE,"19698;11250;15651",TRUE,"",0.488851294354208
26268,57256846.2340875,0,0,FALSE,0,"19698","BOL;PER","Altiplano (nn)","BOL",NA,NA,NA,"no pas overlapping kba",0
14717,4779741926.19299,357273469.154087,1978,FALSE,1,"19698","BOL;PER","Altiplano (nn)","PER",TRUE,"19698;15529;18530",TRUE,"",0.0747474392280949
14717,4779741926.19299,4321402733.45089,1997,FALSE,1,"19698","BOL;PER","Altiplano (nn)","PER",TRUE,"19698;15529;18530",TRUE,"",0.904107962350352
14364,4025604252.93237,82674263.4550022,1997,FALSE,1,"19698","BOL;PER","Altiplano (nn)","BOL",TRUE,"13039;19698;18530;20945",TRUE,"",0.020537106546124
