"SitRecID","kba","ovl","year","random","nPAs","DOMAIN","range_countries","RangeName","COUNTRY","multiple_ranges","all_gmba_intersec","in_gmba","note","percPA"
414,234933260.551082,5834929.70904193,1949,FALSE,1,"11603","BGR","Malesevske Mountains","BGR",TRUE,"11603;11740",TRUE,"",0.0248365416431669
414,234933260.551082,111385.458495809,1974,FALSE,3,"11603","BGR","Malesevske Mountains","BGR",TRUE,"11603;11740",TRUE,"",0.000474115322089909
414,234933260.551082,10400.3345591333,1977,FALSE,1,"11603","BGR","Malesevske Mountains","BGR",TRUE,"11603;11740",TRUE,"",4.42693151865226e-05
414,234933260.551082,1805667.99071268,1985,FALSE,1,"11603","BGR","Malesevske Mountains","BGR",TRUE,"11603;11740",TRUE,"",0.00768587634836009
414,234933260.551082,227020034.269402,2007,FALSE,1,"11603","BGR","Malesevske Mountains","BGR",TRUE,"11603;11740",TRUE,"",0.966317130817841
19020,88353139.4557317,937460.888278738,1962,FALSE,1,"11603","BGR","Malesevske Mountains","BGR",TRUE,"11160;11603;15143",TRUE,"",0.0106103857095926
19020,88353139.4557317,138285.540053457,1980,FALSE,1,"11603","BGR","Malesevske Mountains","BGR",TRUE,"11160;11603;15143",TRUE,"",0.00156514574247521
19020,88353139.4557317,87175314.7096099,2007,FALSE,1,"11603","BGR","Malesevske Mountains","BGR",TRUE,"11160;11603;15143",TRUE,"",0.986669124001961
