"SitRecID","kba","ovl","year","random","nPAs","DOMAIN","range_countries","RangeName","COUNTRY","multiple_ranges","all_gmba_intersec","in_gmba","note","percPA"
6442,715710545.303809,18419340.2978617,1932,FALSE,1,"18142","KEN","Mau Escarpment","KEN",TRUE,"18142;19747",TRUE,"",0.0257357397047196
6442,715710545.303809,44444837.962621,1941,FALSE,1,"18142","KEN","Mau Escarpment","KEN",TRUE,"18142;19747",TRUE,"",0.0620989005321346
6442,715710545.303809,63047529.0868398,1957,FALSE,1,"18142","KEN","Mau Escarpment","KEN",TRUE,"18142;19747",TRUE,"",0.0880908203749843
6442,715710545.303809,2063108.72052513,1967,FALSE,1,"18142","KEN","Mau Escarpment","KEN",TRUE,"18142;19747",TRUE,"",0.00288260209949732
32101,118856857.938693,35664825.421504,1984,FALSE,1,"18142","KEN","Mau Escarpment","KEN",FALSE,"18142",TRUE,"",0.300065356261563
6437,117528689.736921,0,0,FALSE,0,"18142","KEN","Mau Escarpment","KEN",NA,NA,NA,"no pas overlapping kba",0
6439,193631895.934666,187711470.717148,1968,FALSE,1,"18142","KEN","Mau Escarpment","KEN",TRUE,"13008;18142",TRUE,"",0.969424328626542
6439,193631895.934666,869917.143478558,1990,FALSE,1,"18142","KEN","Mau Escarpment","KEN",TRUE,"13008;18142",TRUE,"",0.00449263350585628
6439,193631895.934666,4405310.87560081,2011,FALSE,1,"18142","KEN","Mau Escarpment","KEN",TRUE,"13008;18142",TRUE,"",0.0227509566765137
