"SitRecID","kba","ovl","year","random","nPAs","DOMAIN","range_countries","RangeName","COUNTRY","multiple_ranges","all_gmba_intersec","in_gmba","note","percPA"
31193,4518106336.74695,52028.6222194508,1933,FALSE,1,"12928","USA","Southern Oregon Coast Range","USA",TRUE,"12928;17159",TRUE,"",1.15155816046843e-05
31193,4518106336.74695,129473.262509687,1954,FALSE,1,"12928","USA","Southern Oregon Coast Range","USA",TRUE,"12928;17159",TRUE,"",2.86565328170005e-05
31193,4518106336.74695,893597199.775229,1970,FALSE,1,"12928","USA","Southern Oregon Coast Range","USA",TRUE,"12928;17159",TRUE,"",0.197781356429655
31193,4518106336.74695,75336.9375992129,1988,FALSE,2,"12928","USA","Southern Oregon Coast Range","USA",TRUE,"12928;17159",TRUE,"",1.66744498655283e-05
31193,4518106336.74695,21254.5100907686,1999,FALSE,2,"12928","USA","Southern Oregon Coast Range","USA",TRUE,"12928;17159",TRUE,"",4.70429611580853e-06
31193,4518106336.74695,1.99432523176074,2010,FALSE,2,"12928","USA","Southern Oregon Coast Range","USA",TRUE,"12928;17159",TRUE,"",4.41407324909635e-10
31178,1109401117.92462,174417967.959308,1970,FALSE,1,"12928","USA","Southern Oregon Coast Range","USA",FALSE,"12928",TRUE,"",0.157218128899667
31178,1109401117.92462,0.00379579141736031,1996,FALSE,1,"12928","USA","Southern Oregon Coast Range","USA",FALSE,"12928",TRUE,"",3.42147790914541e-12
31178,1109401117.92462,386.859233770519,1997,FALSE,1,"12928","USA","Southern Oregon Coast Range","USA",FALSE,"12928",TRUE,"",3.48709972903421e-07
