"SitRecID","kba","ovl","year","random","nPAs","DOMAIN","range_countries","RangeName","COUNTRY","multiple_ranges","all_gmba_intersec","in_gmba","note","percPA"
24813,2186805816.00727,1586869693.56368,1992,FALSE,1,"20772","AUS","Burnett Range (Australia)","AUS",TRUE,"14412;20772",TRUE,"",0.725656426349291
24813,2186805816.00727,13777.7018559501,1998,FALSE,1,"20772","AUS","Burnett Range (Australia)","AUS",TRUE,"14412;20772",TRUE,"",6.3003773609427e-06
24813,2186805816.00727,36330996.2665859,1999,FALSE,1,"20772","AUS","Burnett Range (Australia)","AUS",TRUE,"14412;20772",TRUE,"",0.0166137276573189
24813,2186805816.00727,452996.309689987,2006,FALSE,1,"20772","AUS","Burnett Range (Australia)","AUS",TRUE,"14412;20772",TRUE,"",0.000207149764452831
24813,2186805816.00727,472807.438149009,2008,FALSE,5,"20772","AUS","Burnett Range (Australia)","AUS",TRUE,"14412;20772",TRUE,"",0.000216209155238243
24813,2186805816.00727,6348.96079945564,2010,FALSE,1,"20772","AUS","Burnett Range (Australia)","AUS",TRUE,"14412;20772",TRUE,"",2.90330341769794e-06
24813,2186805816.00727,30762.7012760325,2016,FALSE,5,"20772","AUS","Burnett Range (Australia)","AUS",TRUE,"14412;20772",TRUE,"",1.40674133253404e-05
24813,2186805816.00727,2639.58093091054,2017,FALSE,1,"20772","AUS","Burnett Range (Australia)","AUS",TRUE,"14412;20772",TRUE,"",1.20704861473707e-06
24813,2186805816.00727,533136470.627053,2018,FALSE,1,"20772","AUS","Burnett Range (Australia)","AUS",TRUE,"14412;20772",TRUE,"",0.24379689624224
