"SitRecID","kba","ovl","year","random","nPAs","DOMAIN","range_countries","RangeName","COUNTRY","multiple_ranges","all_gmba_intersec","in_gmba","note","percPA"
2717,163404859.029819,105.193695425987,1978,FALSE,1,"19452","ITA","Ligurian Alps (nn)","ITA",FALSE,"19452",TRUE,"",6.43761122224589e-07
2717,163404859.029819,50876199.4808694,2000,FALSE,6,"19452","ITA","Ligurian Alps (nn)","ITA",FALSE,"19452",TRUE,"",0.311350591303929
2717,163404859.029819,151998.099984117,2006,FALSE,1,"19452","ITA","Ligurian Alps (nn)","ITA",FALSE,"19452",TRUE,"",0.000930193268955232
2717,163404859.029819,62459771.3492602,2015,FALSE,5,"19452","ITA","Ligurian Alps (nn)","ITA",FALSE,"19452",TRUE,"",0.382239375989805
2717,163404859.029819,11905208.0943688,2017,FALSE,4,"19452","ITA","Ligurian Alps (nn)","ITA",FALSE,"19452",TRUE,"",0.07285712410912
