"SitRecID","kba","ovl","year","random","nPAs","DOMAIN","range_countries","RangeName","COUNTRY","multiple_ranges","all_gmba_intersec","in_gmba","note","percPA"
2313,22861935.2858763,2215369.2171769,1989,FALSE,1,"17926","FRA","Massif de Plantaurel","FRA",FALSE,"17926",TRUE,"",0.0969020859115771
2313,22861935.2858763,1486010.72804827,1991,FALSE,1,"17926","FRA","Massif de Plantaurel","FRA",FALSE,"17926",TRUE,"",0.0649993410210683
2313,22861935.2858763,86424.6309979605,1992,FALSE,1,"17926","FRA","Massif de Plantaurel","FRA",FALSE,"17926",TRUE,"",0.0037802849985037
2313,22861935.2858763,164407.984779404,1995,FALSE,1,"17926","FRA","Massif de Plantaurel","FRA",FALSE,"17926",TRUE,"",0.00719134153445759
2313,22861935.2858763,3500141.83864058,2004,FALSE,1,"17926","FRA","Massif de Plantaurel","FRA",FALSE,"17926",TRUE,"",0.153099105341397
2313,22861935.2858763,9428724.44846447,2006,FALSE,1,"17926","FRA","Massif de Plantaurel","FRA",FALSE,"17926",TRUE,"",0.41242022298477
