"SitRecID","kba","ovl","year","random","nPAs","DOMAIN","range_countries","RangeName","COUNTRY","multiple_ranges","all_gmba_intersec","in_gmba","note","percPA"
10079,264525989.056057,23843047.3551853,1977,FALSE,1,"21003","MEX","Sierra Durango","MEX",TRUE,"21003;21024",TRUE,"",0.0901349899125888
10079,264525989.056057,54921010.2441483,2000,FALSE,1,"21003","MEX","Sierra Durango","MEX",TRUE,"21003;21024",TRUE,"",0.207620470261278
10079,264525989.056057,29059113.0745012,2002,FALSE,1,"21003","MEX","Sierra Durango","MEX",TRUE,"21003;21024",TRUE,"",0.10985352773161
10078,1119763525.8245,819347632.386455,2002,FALSE,1,"21003","MEX","Sierra Durango","MEX",TRUE,"17735;21003",TRUE,"",0.731714878624176
10075,3847500617.76018,237219794.630816,2012,FALSE,1,"21003","MEX","Sierra Durango","MEX",TRUE,"21003;21024",TRUE,"",0.061655557256002
