"SitRecID","kba","ovl","year","random","nPAs","DOMAIN","range_countries","RangeName","COUNTRY","multiple_ranges","all_gmba_intersec","in_gmba","note","percPA"
26019,413296476.684049,128003944.01799,1979,FALSE,1,"16135","USA","Paria Plateau","USA",TRUE,"19736;11452;16135;16141;11455",TRUE,"",0.309714578369958
26019,413296476.684049,200403202.749197,1984,FALSE,2,"16135","USA","Paria Plateau","USA",TRUE,"19736;11452;16135;16141;11455",TRUE,"",0.484889695545114
26019,413296476.684049,102862.404067778,2003,FALSE,1,"16135","USA","Paria Plateau","USA",TRUE,"19736;11452;16135;16141;11455",TRUE,"",0.000248882847715182
26019,413296476.684049,1267512.81006884,2008,FALSE,1,"16135","USA","Paria Plateau","USA",TRUE,"19736;11452;16135;16141;11455",TRUE,"",0.00306683671788911
