"SitRecID","kba","ovl","year","random","nPAs","DOMAIN","range_countries","RangeName","COUNTRY","multiple_ranges","all_gmba_intersec","in_gmba","note","percPA"
7166,1457155403.36883,444798197.447918,1964,FALSE,1,"11696","ZAF","Outeniekwaberge","ZAF",FALSE,"11696",TRUE,"",0.305251036656474
7166,1457155403.36883,450.156082428992,1968,FALSE,1,"11696","ZAF","Outeniekwaberge","ZAF",FALSE,"11696",TRUE,"",3.08927984886352e-07
7166,1457155403.36883,2.83150142431259,1972,FALSE,1,"11696","ZAF","Outeniekwaberge","ZAF",FALSE,"11696",TRUE,"",1.9431705209797e-09
7166,1457155403.36883,6672151.37289029,1985,FALSE,1,"11696","ZAF","Outeniekwaberge","ZAF",FALSE,"11696",TRUE,"",0.00457888798783218
7166,1457155403.36883,99378558.5173757,1986,FALSE,2,"11696","ZAF","Outeniekwaberge","ZAF",FALSE,"11696",TRUE,"",0.0682003843156469
7166,1457155403.36883,0.000238418579101562,1987,FALSE,1,"11696","ZAF","Outeniekwaberge","ZAF",FALSE,"11696",TRUE,"",1.63619184714518e-13
7166,1457155403.36883,92955152.7673473,1988,FALSE,1,"11696","ZAF","Outeniekwaberge","ZAF",FALSE,"11696",TRUE,"",0.0637922026384024
7166,1457155403.36883,NA,1994,FALSE,1,"11696","ZAF","Outeniekwaberge","ZAF",FALSE,"11696",TRUE,"",NA
7166,1457155403.36883,245626974.818258,2004,FALSE,1,"11696","ZAF","Outeniekwaberge","ZAF",FALSE,"11696",TRUE,"",0.168566080357927
