"SitRecID","kba","ovl","year","random","nPAs","DOMAIN","range_countries","RangeName","COUNTRY","multiple_ranges","all_gmba_intersec","in_gmba","note","percPA"
3120,289871270.934084,19864.9538067654,1965,TRUE,1,"20306","SVK","Muranska planina","SVK",TRUE,"20293;20303;20305;20306;20307",TRUE,"",6.85302608387245e-05
3120,289871270.934084,211934706.364929,1997,TRUE,4,"20306","SVK","Muranska planina","SVK",TRUE,"20293;20303;20305;20306;20307",TRUE,"",0.73113387774507
3120,289871270.934084,21141103.858903,2002,TRUE,1,"20306","SVK","Muranska planina","SVK",TRUE,"20293;20303;20305;20306;20307",TRUE,"",0.0729327324876923
3120,289871270.934084,13129103.1679865,2004,TRUE,27,"20306","SVK","Muranska planina","SVK",TRUE,"20293;20303;20305;20306;20307",TRUE,"",0.0452928747498127
3120,289871270.934084,NA,2008,TRUE,1,"20306","SVK","Muranska planina","SVK",TRUE,"20293;20303;20305;20306;20307",TRUE,"",NA
3120,289871270.934084,6033.32238817215,2011,TRUE,2,"20306","SVK","Muranska planina","SVK",TRUE,"20293;20303;20305;20306;20307",TRUE,"",2.08137990658071e-05
