"SitRecID","kba","ovl","year","random","nPAs","DOMAIN","range_countries","RangeName","COUNTRY","multiple_ranges","all_gmba_intersec","in_gmba","note","percPA"
23533,5612947387.99313,155691951.787443,1998,FALSE,1,"14445","SUR","Bakhuis Mountains","SUR",FALSE,"14445",TRUE,"",0.0277380030535276
23533,5612947387.99313,23097217.3155343,2000,FALSE,1,"14445","SUR","Bakhuis Mountains","SUR",FALSE,"14445",TRUE,"",0.00411498909912151
23539,16825331592.836,247721906.686769,1998,FALSE,1,"14445","SUR","Bakhuis Mountains","SUR",TRUE,"14445;14446;15523;19315",TRUE,"",0.0147231515361187
23539,16825331592.836,8093267.78716402,2000,FALSE,1,"14445","SUR","Bakhuis Mountains","SUR",TRUE,"14445;14446;15523;19315",TRUE,"",0.000481016837172471
