"SitRecID","kba","ovl","year","random","nPAs","DOMAIN","range_countries","RangeName","COUNTRY","multiple_ranges","all_gmba_intersec","in_gmba","note","percPA"
46564,19646212.2337236,406746.596858263,2006,FALSE,1,"15158","ALB","Skanderbeg Mountains","ALB",FALSE,"15158",TRUE,"",0.0207035632120508
31747,428591079.624311,171575664.40621,2006,FALSE,1,"15158","ALB","Skanderbeg Mountains","ALB",TRUE,"11432;15158",TRUE,"",0.400324861069455
31747,428591079.624311,208681919.375199,2007,FALSE,1,"15158","ALB","Skanderbeg Mountains","ALB",TRUE,"11432;15158",TRUE,"",0.486902152882237
2905,22834156.7277052,22659056.390704,2010,FALSE,1,"15158","ALB","Skanderbeg Mountains","ALB",FALSE,"15158",TRUE,"",0.992331648631076
2913,230964676.007718,218545306.281522,2005,FALSE,1,"15158","ALB","Skanderbeg Mountains","ALB",TRUE,"15158;19483;14893;20888",TRUE,"",0.946228272041993
