"SitRecID","kba","ovl","year","random","nPAs","DOMAIN","range_countries","RangeName","COUNTRY","multiple_ranges","all_gmba_intersec","in_gmba","note","percPA"
1019,493041526.331008,1330724.95807195,1985,FALSE,1,"14812","GRC;ALB","Grammos","GRC",TRUE,"14812;18413",TRUE,"",0.00269901192294004
1019,493041526.331008,40298575.5959856,1986,FALSE,2,"14812","GRC;ALB","Grammos","GRC",TRUE,"14812;18413",TRUE,"",0.0817346479836483
1019,493041526.331008,17989786.1285308,1995,FALSE,1,"14812","GRC;ALB","Grammos","GRC",TRUE,"14812;18413",TRUE,"",0.0364873649941875
1019,493041526.331008,272680734.125371,2002,FALSE,1,"14812","GRC;ALB","Grammos","GRC",TRUE,"14812;18413",TRUE,"",0.553058352213328
1019,493041526.331008,NA,2006,FALSE,1,"14812","GRC;ALB","Grammos","GRC",TRUE,"14812;18413",TRUE,"",NA
46624,99676981.8885565,2559828.36755289,2002,FALSE,1,"14812","GRC;ALB","Grammos","ALB",FALSE,"14812",TRUE,"",0.025681238727863
46624,99676981.8885565,NA,2006,FALSE,1,"14812","GRC;ALB","Grammos","ALB",FALSE,"14812",TRUE,"",NA
46560,10912146.0695829,0,0,FALSE,0,"14812","GRC;ALB","Grammos","ALB",NA,NA,NA,"no pas overlapping kba",0
