"SitRecID","kba","ovl","year","random","nPAs","DOMAIN","range_countries","RangeName","COUNTRY","multiple_ranges","all_gmba_intersec","in_gmba","note","percPA"
44608,297093725.546408,799497.56844281,1867,FALSE,1,"13738","NZL","Big Ben Range","NZL",TRUE,"13165;13738",TRUE,"",0.0026910617751095
44608,297093725.546408,37957.1113241985,1882,FALSE,1,"13738","NZL","Big Ben Range","NZL",TRUE,"13165;13738",TRUE,"",0.000127761403423747
44608,297093725.546408,29650.7577102629,1891,FALSE,1,"13738","NZL","Big Ben Range","NZL",TRUE,"13165;13738",TRUE,"",9.98027058825626e-05
44608,297093725.546408,2617386.4688988,1979,FALSE,1,"13738","NZL","Big Ben Range","NZL",TRUE,"13165;13738",TRUE,"",0.00880996885439084
44608,297093725.546408,24289777.2109451,1987,FALSE,11,"13738","NZL","Big Ben Range","NZL",TRUE,"13165;13738",TRUE,"",0.0817579609474146
44608,297093725.546408,331253.399286446,1988,FALSE,4,"13738","NZL","Big Ben Range","NZL",TRUE,"13165;13738",TRUE,"",0.00111497945194639
44608,297093725.546408,2100097.56862044,2004,FALSE,1,"13738","NZL","Big Ben Range","NZL",TRUE,"13165;13738",TRUE,"",0.00706880485193011
44608,297093725.546408,27611.5386452824,2005,FALSE,1,"13738","NZL","Big Ben Range","NZL",TRUE,"13165;13738",TRUE,"",9.29388144919583e-05
44608,297093725.546408,104228.071569994,2015,FALSE,1,"13738","NZL","Big Ben Range","NZL",TRUE,"13165;13738",TRUE,"",0.000350825556407494
