"SitRecID","kba","ovl","year","random","nPAs","DOMAIN","range_countries","RangeName","COUNTRY","multiple_ranges","all_gmba_intersec","in_gmba","note","percPA"
6742,330484640.658336,330473520.038477,1972,TRUE,1,"19367","NGA","Jos Plateau (nn)","NGA",FALSE,"19367",TRUE,"",0.999966350569765
6746,118325477.301461,26362534.5527097,1960,TRUE,1,"19367","NGA","Jos Plateau (nn)","NGA",FALSE,"19367",TRUE,"",0.222796773390951
6746,118325477.301461,27523783.3130123,1972,TRUE,1,"19367","NGA","Jos Plateau (nn)","NGA",FALSE,"19367",TRUE,"",0.232610794739406
6746,118325477.301461,58447665.5096532,1988,TRUE,1,"19367","NGA","Jos Plateau (nn)","NGA",FALSE,"19367",TRUE,"",0.493956727178412
6746,118325477.301461,5964557.49328499,2008,TRUE,1,"19367","NGA","Jos Plateau (nn)","NGA",FALSE,"19367",TRUE,"",0.0504080577514928
6756,29782262.9550663,23267723.0562325,1972,TRUE,1,"19367","NGA","Jos Plateau (nn)","NGA",FALSE,"19367",TRUE,"",0.781261084536708
6758,2891357997.76009,431672994.019955,1960,TRUE,1,"19367","NGA","Jos Plateau (nn)","NGA",FALSE,"19367",TRUE,"",0.149297663711781
6758,2891357997.76009,225878195.135304,1969,TRUE,1,"19367","NGA","Jos Plateau (nn)","NGA",FALSE,"19367",TRUE,"",0.0781218359367087
6758,2891357997.76009,2233771178.83761,1972,TRUE,1,"19367","NGA","Jos Plateau (nn)","NGA",FALSE,"19367",TRUE,"",0.772568177502784
