"SitRecID","kba","ovl","year","random","nPAs","DOMAIN","range_countries","RangeName","COUNTRY","multiple_ranges","all_gmba_intersec","in_gmba","note","percPA"
29536,84491854.0433919,7277187.09418815,1980,TRUE,1,"16002","USA","Roan-Unaka Mountains","USA",FALSE,"16002",TRUE,"",0.0861288603094312
29536,84491854.0433919,37646.4731459264,1985,TRUE,1,"16002","USA","Roan-Unaka Mountains","USA",FALSE,"16002",TRUE,"",0.000445563345391765
29536,84491854.0433919,926906.952983856,1992,TRUE,1,"16002","USA","Roan-Unaka Mountains","USA",FALSE,"16002",TRUE,"",0.0109703706171228
29536,84491854.0433919,99592.7806947827,2010,TRUE,1,"16002","USA","Roan-Unaka Mountains","USA",FALSE,"16002",TRUE,"",0.00117872642069892
29536,84491854.0433919,2995063.24153725,2011,TRUE,1,"16002","USA","Roan-Unaka Mountains","USA",FALSE,"16002",TRUE,"",0.0354479526511408
