"SitRecID","kba","ovl","year","random","nPAs","DOMAIN","range_countries","RangeName","COUNTRY","multiple_ranges","all_gmba_intersec","in_gmba","note","percPA"
14324,1486046331.05149,896458063.919968,1976,FALSE,1,"20986","NPL","Churia Range","NPL",TRUE,"13915;20985;20986",TRUE,"",0.603250413656793
14324,1486046331.05149,501297245.534562,1996,FALSE,1,"20986","NPL","Churia Range","NPL",TRUE,"13915;20985;20986",TRUE,"",0.337336215607664
14324,1486046331.05149,22605215.5354423,2010,FALSE,2,"20986","NPL","Churia Range","NPL",TRUE,"13915;20985;20986",TRUE,"",0.0152116492353556
14329,10921150.4298553,0,0,FALSE,0,"20986","NPL","Churia Range","NPL",NA,NA,NA,"no pas overlapping kba",0
14345,684063486.301046,381098016.672314,1976,FALSE,1,"20986","NPL","Churia Range","NPL",TRUE,"18425;20986",TRUE,"",0.557109134318855
14345,684063486.301046,253297133.384789,2004,FALSE,1,"20986","NPL","Churia Range","NPL",TRUE,"18425;20986",TRUE,"",0.370283078189787
