"SitRecID","kba","ovl","year","random","nPAs","DOMAIN","range_countries","RangeName","COUNTRY","multiple_ranges","all_gmba_intersec","in_gmba","note","percPA"
21934,343214768.039461,940442.06200844,1954,FALSE,1,"20900","HUN","Northern Bakony","HUN",TRUE,"20899;20900",TRUE,"",0.00274009789083526
21934,343214768.039461,3596137.09176707,1977,FALSE,1,"20900","HUN","Northern Bakony","HUN",TRUE,"20899;20900",TRUE,"",0.0104778040651025
21934,343214768.039461,236608.299054779,1990,FALSE,1,"20900","HUN","Northern Bakony","HUN",TRUE,"20899;20900",TRUE,"",0.000689388456115546
21934,343214768.039461,87073166.2573287,1991,FALSE,1,"20900","HUN","Northern Bakony","HUN",TRUE,"20899;20900",TRUE,"",0.253698775127641
21934,343214768.039461,134390228.598918,2004,FALSE,1,"20900","HUN","Northern Bakony","HUN",TRUE,"20899;20900",TRUE,"",0.391563071037395
21934,343214768.039461,38454793.5482812,2010,FALSE,2,"20900","HUN","Northern Bakony","HUN",TRUE,"20899;20900",TRUE,"",0.112042945494291
