"SitRecID","kba","ovl","year","random","nPAs","DOMAIN","range_countries","RangeName","COUNTRY","multiple_ranges","all_gmba_intersec","in_gmba","note","percPA"
44822,6504681.90187368,6292411.53648149,2009,TRUE,1,"12745","IDN","Mekongga Mountains","IDN",FALSE,"12745",TRUE,"",0.967366526358338
16376,4643919137.97384,38967676.3860695,2012,TRUE,1,"12745","IDN","Mekongga Mountains","IDN",TRUE,"12745;12746",TRUE,"",0.00839111862810585
16377,1417277543.76081,1047559648.19379,2013,TRUE,1,"12745","IDN","Mekongga Mountains","IDN",FALSE,"12745",TRUE,"",0.739135148796644
44821,323837427.09362,254482163.966298,2003,FALSE,1,"12745","IDN","Mekongga Mountains","IDN",FALSE,"12745",TRUE,"",0.785833083748927
44821,323837427.09362,27613972.692857,2013,FALSE,1,"12745","IDN","Mekongga Mountains","IDN",FALSE,"12745",TRUE,"",0.0852710971078522
44821,323837427.09362,41688677.6404816,2014,FALSE,1,"12745","IDN","Mekongga Mountains","IDN",FALSE,"12745",TRUE,"",0.128733352455983
