"SitRecID","kba","ovl","year","random","nPAs","DOMAIN","range_countries","RangeName","COUNTRY","multiple_ranges","all_gmba_intersec","in_gmba","note","percPA"
24355,196799226.421336,100905102.979125,2007,FALSE,1,"20160","ROU","Moldovan Subcarpathians","ROU",TRUE,"21035;20160",TRUE,"",0.512731197241053
24355,196799226.421336,150213.729230355,2013,FALSE,1,"20160","ROU","Moldovan Subcarpathians","ROU",TRUE,"21035;20160",TRUE,"",0.000763284144769737
24355,196799226.421336,10172228.9162382,2018,FALSE,1,"20160","ROU","Moldovan Subcarpathians","ROU",TRUE,"21035;20160",TRUE,"",0.0516883582380553
24362,311879200.767769,5908.64474568516,1995,FALSE,2,"20160","ROU","Moldovan Subcarpathians","ROU",TRUE,"20140;20160",TRUE,"",1.89452991130526e-05
24362,311879200.767769,15019915.4530509,2009,FALSE,1,"20160","ROU","Moldovan Subcarpathians","ROU",TRUE,"20140;20160",TRUE,"",0.0481594008708358
24362,311879200.767769,275185482.563559,2011,FALSE,1,"20160","ROU","Moldovan Subcarpathians","ROU",TRUE,"20140;20160",TRUE,"",0.882346376052398
24363,71072684.3457868,54276832.1282229,2007,FALSE,1,"20160","ROU","Moldovan Subcarpathians","ROU",TRUE,"21035;20160",TRUE,"",0.763680626781341
24363,71072684.3457868,1082678.55355988,2018,FALSE,1,"20160","ROU","Moldovan Subcarpathians","ROU",TRUE,"21035;20160",TRUE,"",0.0152333989285162
