"SitRecID","kba","ovl","year","random","nPAs","DOMAIN","range_countries","RangeName","COUNTRY","multiple_ranges","all_gmba_intersec","in_gmba","note","percPA"
29499,101691054.264836,22753669.3703254,2005,TRUE,1,"17159","USA","Kalmiopsis Area","USA",TRUE,"12930;17159",TRUE,"",0.223752910566426
29499,101691054.264836,597460.814671338,2013,TRUE,1,"17159","USA","Kalmiopsis Area","USA",TRUE,"12930;17159",TRUE,"",0.00587525440650227
30176,267066.173004359,267066.173004359,1970,FALSE,1,"17159","USA","Kalmiopsis Area","USA",FALSE,"17159",TRUE,"",1
30179,1714418.590167,1713134.19230734,1970,FALSE,1,"17159","USA","Kalmiopsis Area","USA",FALSE,"17159",TRUE,"",0.99925082598437
30192,415425.979127916,413938.469934095,1970,FALSE,1,"17159","USA","Kalmiopsis Area","USA",FALSE,"17159",TRUE,"",0.996419315910518
31191,52603798.3796053,3302077.75167051,1968,FALSE,2,"17159","USA","Kalmiopsis Area","USA",TRUE,"12930;17159",TRUE,"",0.0627726105982252
31191,52603798.3796053,NA,1980,FALSE,1,"17159","USA","Kalmiopsis Area","USA",TRUE,"12930;17159",TRUE,"",NA
31191,52603798.3796053,2318.70975016057,2012,FALSE,1,"17159","USA","Kalmiopsis Area","USA",TRUE,"12930;17159",TRUE,"",4.40787513751012e-05
