"SitRecID","kba","ovl","year","random","nPAs","DOMAIN","range_countries","RangeName","COUNTRY","multiple_ranges","all_gmba_intersec","in_gmba","note","percPA"
1719,961096129.277788,675769426.278096,1989,FALSE,1,"18656","ESP","Sierra de San Vicente","ESP",TRUE,"12726;18656",TRUE,"",0.703123658177565
1719,961096129.277788,172407603.166856,1990,FALSE,1,"18656","ESP","Sierra de San Vicente","ESP",TRUE,"12726;18656",TRUE,"",0.179386429634683
1719,961096129.277788,580798.671936049,1998,FALSE,1,"18656","ESP","Sierra de San Vicente","ESP",TRUE,"12726;18656",TRUE,"",0.000604308616217702
1719,961096129.277788,7682687.36050224,2000,FALSE,1,"18656","ESP","Sierra de San Vicente","ESP",TRUE,"12726;18656",TRUE,"",0.0079936721483577
1719,961096129.277788,180276.572897798,2002,FALSE,1,"18656","ESP","Sierra de San Vicente","ESP",TRUE,"12726;18656",TRUE,"",0.000187573924611751
1719,961096129.277788,38527.2671455098,2004,FALSE,1,"18656","ESP","Sierra de San Vicente","ESP",TRUE,"12726;18656",TRUE,"",4.00867987830323e-05
1719,961096129.277788,0.00399202141282551,2006,FALSE,1,"18656","ESP","Sierra de San Vicente","ESP",TRUE,"12726;18656",TRUE,"",4.15361303746515e-12
1719,961096129.277788,0.00443292990101104,2008,FALSE,1,"18656","ESP","Sierra de San Vicente","ESP",TRUE,"12726;18656",TRUE,"",4.6123689045987e-12
1719,961096129.277788,0.0147663648240268,2015,FALSE,1,"18656","ESP","Sierra de San Vicente","ESP",TRUE,"12726;18656",TRUE,"",1.53640872897105e-11
