"SitRecID","kba","ovl","year","random","nPAs","DOMAIN","range_countries","RangeName","COUNTRY","multiple_ranges","all_gmba_intersec","in_gmba","note","percPA"
2789,709292589.254497,279719749.002527,1993,FALSE,1,"15780","ITA","Matese","ITA",TRUE,"18581;15780",TRUE,"",0.394364403689212
2789,709292589.254497,9318313.73421389,1996,FALSE,1,"15780","ITA","Matese","ITA",TRUE,"18581;15780",TRUE,"",0.0131374751060178
2789,709292589.254497,1219924.30261527,2001,FALSE,1,"15780","ITA","Matese","ITA",TRUE,"18581;15780",TRUE,"",0.00171991688775075
2789,709292589.254497,504300.21136409,2003,FALSE,1,"15780","ITA","Matese","ITA",TRUE,"18581;15780",TRUE,"",0.000710990385355832
2789,709292589.254497,221889611.217489,2005,FALSE,3,"15780","ITA","Matese","ITA",TRUE,"18581;15780",TRUE,"",0.312832270601764
2789,709292589.254497,NA,2017,FALSE,1,"15780","ITA","Matese","ITA",TRUE,"18581;15780",TRUE,"",NA
2789,709292589.254497,NA,2018,FALSE,2,"15780","ITA","Matese","ITA",TRUE,"18581;15780",TRUE,"",NA
2789,709292589.254497,32966711.5606684,2019,FALSE,2,"15780","ITA","Matese","ITA",TRUE,"18581;15780",TRUE,"",0.0464782969117415
