"SitRecID","kba","ovl","year","random","nPAs","DOMAIN","range_countries","RangeName","COUNTRY","multiple_ranges","all_gmba_intersec","in_gmba","note","percPA"
22176,425891256.990375,51794.4949561357,1976,TRUE,1,"20276","SVK","Cergov","SVK",TRUE,"20268;20276;20287;20269",TRUE,"",0.000121614365418415
22176,425891256.990375,21402.1440565288,1982,TRUE,1,"20276","SVK","Cergov","SVK",TRUE,"20268;20276;20287;20269",TRUE,"",5.02526025252791e-05
22176,425891256.990375,131556.168159515,1986,TRUE,1,"20276","SVK","Cergov","SVK",TRUE,"20268;20276;20287;20269",TRUE,"",0.000308896146610701
22176,425891256.990375,357630.953924485,1989,TRUE,5,"20276","SVK","Cergov","SVK",TRUE,"20268;20276;20287;20269",TRUE,"",0.000839723633802059
22176,425891256.990375,103461125.683187,2004,TRUE,10,"20276","SVK","Cergov","SVK",TRUE,"20268;20276;20287;20269",TRUE,"",0.242928503426698
22176,425891256.990375,9946.84577971697,2008,TRUE,1,"20276","SVK","Cergov","SVK",TRUE,"20268;20276;20287;20269",TRUE,"",2.33553650525908e-05
22176,425891256.990375,253878807.550012,2011,TRUE,1,"20276","SVK","Cergov","SVK",TRUE,"20268;20276;20287;20269",TRUE,"",0.596111808784441
