"SitRecID","kba","ovl","year","random","nPAs","DOMAIN","range_countries","RangeName","COUNTRY","multiple_ranges","all_gmba_intersec","in_gmba","note","percPA"
24358,199295629.193055,1403579.42950386,1995,FALSE,2,"20206","ROU","Codru-Moma Mountains","ROU",TRUE,"20197;20206",TRUE,"",0.00704270051072837
24358,199295629.193055,31338.4741345495,2000,FALSE,1,"20206","ROU","Codru-Moma Mountains","ROU",TRUE,"20197;20206",TRUE,"",0.000157246168726522
24358,199295629.193055,134459388.226275,2007,FALSE,1,"20206","ROU","Codru-Moma Mountains","ROU",TRUE,"20197;20206",TRUE,"",0.674673041103304
24358,199295629.193055,0.00404341518878937,2009,FALSE,1,"20206","ROU","Codru-Moma Mountains","ROU",TRUE,"20197;20206",TRUE,"",2.02885291823062e-11
24358,199295629.193055,3191.78801885247,2013,FALSE,2,"20206","ROU","Codru-Moma Mountains","ROU",TRUE,"20197;20206",TRUE,"",1.60153437974329e-05
