"SitRecID","kba","ovl","year","random","nPAs","DOMAIN","range_countries","RangeName","COUNTRY","multiple_ranges","all_gmba_intersec","in_gmba","note","percPA"
1017,56840207.6748543,37270608.786348,2003,FALSE,1,"14792","GRC","Verno","GRC",TRUE,"14791;14792",TRUE,"",0.655708525900343
1017,56840207.6748543,4760884.46353481,2006,FALSE,1,"14792","GRC","Verno","GRC",TRUE,"14791;14792",TRUE,"",0.0837590969190106
1017,56840207.6748543,8298659.68963914,2010,FALSE,1,"14792","GRC","Verno","GRC",TRUE,"14791;14792",TRUE,"",0.145999812968847
1018,37930511.2110968,37328419.3292336,1997,FALSE,1,"14792","GRC","Verno","GRC",FALSE,"14792",TRUE,"",0.984126449587977
