"SitRecID","kba","ovl","year","random","nPAs","DOMAIN","range_countries","RangeName","COUNTRY","multiple_ranges","all_gmba_intersec","in_gmba","note","percPA"
23458,34176590.2628076,14338688.1095875,2008,FALSE,1,"19293","AUS","McIlwraith Range","AUS",FALSE,"19293",TRUE,"",0.419547064213468
23968,30383060.7908555,30383060.7908555,1981,FALSE,1,"19293","AUS","McIlwraith Range","AUS",FALSE,"19293",TRUE,"",1
24045,6006492093.4391,2195613.42622994,1981,FALSE,1,"19293","AUS","McIlwraith Range","AUS",TRUE,"19293;20968",TRUE,"",0.000365540051010507
24045,6006492093.4391,39321.8648279336,2004,FALSE,6,"19293","AUS","McIlwraith Range","AUS",TRUE,"19293;20968",TRUE,"",6.54656065740684e-06
24045,6006492093.4391,2103579446.21212,2008,FALSE,2,"19293","AUS","McIlwraith Range","AUS",TRUE,"19293;20968",TRUE,"",0.350217633435307
24045,6006492093.4391,10050438.9828074,2010,FALSE,1,"19293","AUS","McIlwraith Range","AUS",TRUE,"19293;20968",TRUE,"",0.00167326266753693
24045,6006492093.4391,14678937.6429019,2011,FALSE,1,"19293","AUS","McIlwraith Range","AUS",TRUE,"19293;20968",TRUE,"",0.00244384532844649
24045,6006492093.4391,138758583.067953,2012,FALSE,1,"19293","AUS","McIlwraith Range","AUS",TRUE,"19293;20968",TRUE,"",0.0231014343995424
24045,6006492093.4391,522206057.553185,2013,FALSE,2,"19293","AUS","McIlwraith Range","AUS",TRUE,"19293;20968",TRUE,"",0.0869402721970769
24045,6006492093.4391,26358962.8225116,2017,FALSE,1,"19293","AUS","McIlwraith Range","AUS",TRUE,"19293;20968",TRUE,"",0.00438841214014141
24045,6006492093.4391,103475421.773739,2018,FALSE,2,"19293","AUS","McIlwraith Range","AUS",TRUE,"19293;20968",TRUE,"",0.0172272634616078
