"SitRecID","kba","ovl","year","random","nPAs","DOMAIN","range_countries","RangeName","COUNTRY","multiple_ranges","all_gmba_intersec","in_gmba","note","percPA"
29637,9367770207.98232,363195.407348665,1907,FALSE,1,"17196","USA","Northwest Olympics","USA",FALSE,"17196",TRUE,"",3.8770742587087e-05
29637,9367770207.98232,6719282.68655934,1909,FALSE,1,"17196","USA","Northwest Olympics","USA",FALSE,"17196",TRUE,"",0.000717276634394149
29637,9367770207.98232,421458.689703497,1940,FALSE,1,"17196","USA","Northwest Olympics","USA",FALSE,"17196",TRUE,"",4.49902890812127e-05
29637,9367770207.98232,208661.708627254,1970,FALSE,1,"17196","USA","Northwest Olympics","USA",FALSE,"17196",TRUE,"",2.22744264637761e-05
29637,9367770207.98232,7014840.14888785,1981,FALSE,2,"17196","USA","Northwest Olympics","USA",FALSE,"17196",TRUE,"",0.000748827094724257
29637,9367770207.98232,3180028.88257975,1983,FALSE,1,"17196","USA","Northwest Olympics","USA",FALSE,"17196",TRUE,"",0.000339464868584205
29637,9367770207.98232,29085.6636672488,1988,FALSE,1,"17196","USA","Northwest Olympics","USA",FALSE,"17196",TRUE,"",3.10486519433032e-06
29637,9367770207.98232,7081437353.84067,1994,FALSE,1,"17196","USA","Northwest Olympics","USA",FALSE,"17196",TRUE,"",0.755936279031113
