"SitRecID","kba","ovl","year","random","nPAs","DOMAIN","range_countries","RangeName","COUNTRY","multiple_ranges","all_gmba_intersec","in_gmba","note","percPA"
3167,691406887.165924,269947296.62976,2009,FALSE,10,"20572","NOR","Western Fjords (nn)","NOR",FALSE,"20572",TRUE,"",0.390431888430088
3167,691406887.165924,232376.221891832,2010,FALSE,1,"20572","NOR","Western Fjords (nn)","NOR",FALSE,"20572",TRUE,"",0.000336091853010521
32082,17902440.1845014,2668220.52660894,2002,FALSE,1,"20572","NOR","Western Fjords (nn)","NOR",FALSE,"20572",TRUE,"",0.149042281337652
3163,305145469.715836,1982789.1279763,1997,FALSE,1,"20572","NOR","Western Fjords (nn)","NOR",FALSE,"20572",TRUE,"",0.00649784881231484
3163,305145469.715836,2490164.81616017,2000,FALSE,1,"20572","NOR","Western Fjords (nn)","NOR",FALSE,"20572",TRUE,"",0.00816058261811691
3163,305145469.715836,216392300.516256,2002,FALSE,4,"20572","NOR","Western Fjords (nn)","NOR",FALSE,"20572",TRUE,"",0.709144726014677
