"SitRecID","kba","ovl","year","random","nPAs","DOMAIN","range_countries","RangeName","COUNTRY","multiple_ranges","all_gmba_intersec","in_gmba","note","percPA"
2736,397487934.906493,6210643.6408667,1971,FALSE,1,"15447","ITA","Southcentral Dolomites","ITA",TRUE,"15447;15448;15449;15451",TRUE,"",0.0156247349805164
2736,397487934.906493,150404165.833891,1975,FALSE,7,"15447","ITA","Southcentral Dolomites","ITA",TRUE,"15447;15448;15449;15451",TRUE,"",0.37838674491912
2736,397487934.906493,147631573.420056,1988,FALSE,1,"15447","ITA","Southcentral Dolomites","ITA",TRUE,"15447;15448;15449;15451",TRUE,"",0.371411457947235
2736,397487934.906493,86142007.907989,2003,FALSE,3,"15447","ITA","Southcentral Dolomites","ITA",TRUE,"15447;15448;15449;15451",TRUE,"",0.216716031716166
2737,1630605.17265032,966687.170980342,1971,FALSE,1,"15447","ITA","Southcentral Dolomites","ITA",TRUE,"15447;15451",TRUE,"",0.592839509646058
2737,1630605.17265032,41773.076403991,1976,FALSE,1,"15447","ITA","Southcentral Dolomites","ITA",TRUE,"15447;15451",TRUE,"",0.0256181429475626
2737,1630605.17265032,620476.349827296,2003,FALSE,1,"15447","ITA","Southcentral Dolomites","ITA",TRUE,"15447;15451",TRUE,"",0.380519061410064
