"SitRecID","kba","ovl","year","random","nPAs","DOMAIN","range_countries","RangeName","COUNTRY","multiple_ranges","all_gmba_intersec","in_gmba","note","percPA"
7219,9786163643.14357,3378035555.48998,1964,FALSE,1,"19358","ZWE","Southern Zambezi Escarpment (nn)","ZWE",TRUE,"20861;18105;19357;19358",TRUE,"",0.345184862901482
7219,9786163643.14357,6173522218.69674,1975,FALSE,6,"19358","ZWE","Southern Zambezi Escarpment (nn)","ZWE",TRUE,"20861;18105;19357;19358",TRUE,"",0.6308419155674
7219,9786163643.14357,4799.57419608533,1984,FALSE,1,"19358","ZWE","Southern Zambezi Escarpment (nn)","ZWE",TRUE,"20861;18105;19357;19358",TRUE,"",4.90444914994655e-07
7219,9786163643.14357,52670309.046371,2002,FALSE,4,"19358","ZWE","Southern Zambezi Escarpment (nn)","ZWE",TRUE,"20861;18105;19357;19358",TRUE,"",0.00538212020225853
