"SitRecID","kba","ovl","year","random","nPAs","DOMAIN","range_countries","RangeName","COUNTRY","multiple_ranges","all_gmba_intersec","in_gmba","note","percPA"
19471,605998993.585541,219505981.920798,1995,FALSE,1,"13109","ARG","Cumbres Calchaquíes","ARG",TRUE,"13109;19713",TRUE,"",0.362221693838198
19473,1140009917.12601,497410491.612171,1995,FALSE,1,"13109","ARG","Cumbres Calchaquíes","ARG",TRUE,"13109;19713",TRUE,"",0.43632119698235
19475,685414859.467678,0,0,FALSE,0,"13109","ARG","Cumbres Calchaquíes","ARG",NA,NA,NA,"no pas overlapping kba",0
19583,130779507.17976,120621815.597904,1973,FALSE,1,"13109","ARG","Cumbres Calchaquíes","ARG",FALSE,"13109",TRUE,"",0.922329638634482
19586,26997061.1984167,26997146.2548378,1940,FALSE,1,"13109","ARG","Cumbres Calchaquíes","ARG",TRUE,"13109;13110",TRUE,"",1.00000315058074
19587,679313816.341096,679312406.91139,1965,FALSE,1,"13109","ARG","Cumbres Calchaquíes","ARG",FALSE,"13109",TRUE,"",0.999997925215604
26261,371995050.600421,16717103.2521276,1996,FALSE,1,"13109","ARG","Cumbres Calchaquíes","ARG",TRUE,"13109;13110",TRUE,"",0.0449390475092217
