"SitRecID","kba","ovl","year","random","nPAs","DOMAIN","range_countries","RangeName","COUNTRY","multiple_ranges","all_gmba_intersec","in_gmba","note","percPA"
1811,344184926.851436,69747818.194585,1986,FALSE,3,"18706","ESP","Serra del Montsià","ESP",TRUE,"15042;18706",TRUE,"",0.20264634721988
1811,344184926.851436,61166001.940065,1988,FALSE,1,"18706","ESP","Serra del Montsià","ESP",TRUE,"15042;18706",TRUE,"",0.177712610774691
1811,344184926.851436,NA,1991,FALSE,1,"18706","ESP","Serra del Montsià","ESP",TRUE,"15042;18706",TRUE,"",NA
1811,344184926.851436,2054.31229987445,1992,FALSE,3,"18706","ESP","Serra del Montsià","ESP",TRUE,"15042;18706",TRUE,"",5.96862947679625e-06
1811,344184926.851436,2914567.66373017,1993,FALSE,1,"18706","ESP","Serra del Montsià","ESP",TRUE,"15042;18706",TRUE,"",0.00846802819168259
1811,344184926.851436,NA,1995,FALSE,1,"18706","ESP","Serra del Montsià","ESP",TRUE,"15042;18706",TRUE,"",NA
1811,344184926.851436,0.115830219910436,2014,FALSE,1,"18706","ESP","Serra del Montsià","ESP",TRUE,"15042;18706",TRUE,"",3.3653484180739e-10
