"SitRecID","kba","ovl","year","random","nPAs","DOMAIN","range_countries","RangeName","COUNTRY","multiple_ranges","all_gmba_intersec","in_gmba","note","percPA"
27412,11936938.9827964,129129.670414414,1979,FALSE,1,"13860","NZL","Herekohu Range","NZL",FALSE,"13860",TRUE,"",0.0108176535542752
27412,11936938.9827964,692999.135658801,1980,FALSE,1,"13860","NZL","Herekohu Range","NZL",FALSE,"13860",TRUE,"",0.0580550119806724
27412,11936938.9827964,3334637.98003932,1985,FALSE,1,"13860","NZL","Herekohu Range","NZL",FALSE,"13860",TRUE,"",0.279354530072175
27412,11936938.9827964,609610.852926344,2005,FALSE,1,"13860","NZL","Herekohu Range","NZL",FALSE,"13860",TRUE,"",0.0510692777943256
27412,11936938.9827964,5596198.47682705,2015,FALSE,1,"13860","NZL","Herekohu Range","NZL",FALSE,"13860",TRUE,"",0.468813527897925
44583,668352.003873765,0,0,FALSE,0,"13860","NZL","Herekohu Range","NZL",NA,NA,NA,"no pas overlapping kba",0
27413,30814450.5439299,30378743.3429105,1976,FALSE,1,"13860","NZL","Herekohu Range","NZL",FALSE,"13860",TRUE,"",0.98586029627891
