"SitRecID","kba","ovl","year","random","nPAs","DOMAIN","range_countries","RangeName","COUNTRY","multiple_ranges","all_gmba_intersec","in_gmba","note","percPA"
2906,47914291.648551,47130668.9035985,1966,FALSE,1,"20888","ALB;SRB","Prokletije (nn)","ALB",FALSE,"20888",TRUE,"",0.983645323389099
46567,568174085.060284,487932071.439725,2005,FALSE,2,"20888","ALB;SRB","Prokletije (nn)","ALB",TRUE,"14874;15158;19483;14893;20888",TRUE,"",0.858772133875051
2899,269442907.541371,266172189.73191,2005,FALSE,2,"20888","ALB;SRB","Prokletije (nn)","ALB",TRUE,"14874;19483;14893;20888",TRUE,"",0.987861184251215
3093,571121418.214027,43179.6126968926,1996,FALSE,1,"20888","ALB;SRB","Prokletije (nn)","SRB",TRUE,"19881;20888",TRUE,"",7.56049612566115e-05
