"SitRecID","kba","ovl","year","random","nPAs","DOMAIN","range_countries","RangeName","COUNTRY","multiple_ranges","all_gmba_intersec","in_gmba","note","percPA"
1813,548206151.389911,412862892.666198,2000,FALSE,1,"15001","ESP","Muela de Ares","ESP",TRUE,"14385;15001;15012;15014;15041;20996",TRUE,"",0.753116125420033
1813,548206151.389911,105549287.308311,2002,FALSE,2,"15001","ESP","Muela de Ares","ESP",TRUE,"14385;15001;15012;15014;15041;20996",TRUE,"",0.192535758748243
1813,548206151.389911,16774.0720251944,2004,FALSE,1,"15001","ESP","Muela de Ares","ESP",TRUE,"14385;15001;15012;15014;15041;20996",TRUE,"",3.05981098217628e-05
1813,548206151.389911,NA,2006,FALSE,2,"15001","ESP","Muela de Ares","ESP",TRUE,"14385;15001;15012;15014;15041;20996",TRUE,"",NA
1813,548206151.389911,NA,2008,FALSE,1,"15001","ESP","Muela de Ares","ESP",TRUE,"14385;15001;15012;15014;15041;20996",TRUE,"",NA
