"SitRecID","kba","ovl","year","random","nPAs","DOMAIN","range_countries","RangeName","COUNTRY","multiple_ranges","all_gmba_intersec","in_gmba","note","percPA"
19,474631265.47697,10671868.4670966,1993,FALSE,1,"17929","AND","Massif de l'Hospitalet","AND",TRUE,"17916;17917;17929;17930;17969",TRUE,"",0.0224845458850507
19,474631265.47697,58945041.9126849,2000,FALSE,4,"17929","AND","Massif de l'Hospitalet","AND",TRUE,"17916;17917;17929;17930;17969",TRUE,"",0.12419123264762
19,474631265.47697,15293752.8045944,2003,FALSE,1,"17929","AND","Massif de l'Hospitalet","AND",TRUE,"17916;17917;17929;17930;17969",TRUE,"",0.0322223880241545
19,474631265.47697,0.00697745342658598,2012,FALSE,1,"17929","AND","Massif de l'Hospitalet","AND",TRUE,"17916;17917;17929;17930;17969",TRUE,"",1.47007876094596e-11
19,474631265.47697,38894870.2255823,2013,FALSE,1,"17929","AND","Massif de l'Hospitalet","AND",TRUE,"17916;17917;17929;17930;17969",TRUE,"",0.0819475518253012
19,474631265.47697,NA,2014,FALSE,1,"17929","AND","Massif de l'Hospitalet","AND",TRUE,"17916;17917;17929;17930;17969",TRUE,"",NA
