"SitRecID","kba","ovl","year","random","nPAs","DOMAIN","range_countries","RangeName","COUNTRY","multiple_ranges","all_gmba_intersec","in_gmba","note","percPA"
2735,79943182.0795791,23509.8750999682,1971,FALSE,1,"15450","ITA","Vicentine Prealps","ITA",FALSE,"15450",TRUE,"",0.000294082303060758
2735,79943182.0795791,44463589.5988845,1990,FALSE,1,"15450","ITA","Vicentine Prealps","ITA",FALSE,"15450",TRUE,"",0.55618988939699
2735,79943182.0795791,31818919.3421528,1998,FALSE,3,"15450","ITA","Vicentine Prealps","ITA",FALSE,"15450",TRUE,"",0.398019174549229
2735,79943182.0795791,1256968.17339262,2003,FALSE,2,"15450","ITA","Vicentine Prealps","ITA",FALSE,"15450",TRUE,"",0.0157232692106423
2735,79943182.0795791,NA,2014,FALSE,3,"15450","ITA","Vicentine Prealps","ITA",FALSE,"15450",TRUE,"",NA
2735,79943182.0795791,43294.9563996792,2018,FALSE,2,"15450","ITA","Vicentine Prealps","ITA",FALSE,"15450",TRUE,"",0.000541571592141296
2870,23513022.3678234,15068342.9040768,2003,FALSE,1,"15450","ITA","Vicentine Prealps","ITA",TRUE,"15450;15451",TRUE,"",0.640850957752553
2870,23513022.3678234,NA,2018,FALSE,1,"15450","ITA","Vicentine Prealps","ITA",TRUE,"15450;15451",TRUE,"",NA
