"SitRecID","kba","ovl","year","random","nPAs","DOMAIN","range_countries","RangeName","COUNTRY","multiple_ranges","all_gmba_intersec","in_gmba","note","percPA"
24329,352764166.184644,1998699.13600783,1988,FALSE,1,"14416","AUS","Lamb Range","AUS",TRUE,"14416;19817",TRUE,"",0.00566582246044137
24329,352764166.184644,608011.507322863,1994,FALSE,2,"14416","AUS","Lamb Range","AUS",TRUE,"14416;19817",TRUE,"",0.00172356368816842
24329,352764166.184644,335184.933855295,2001,FALSE,1,"14416","AUS","Lamb Range","AUS",TRUE,"14416;19817",TRUE,"",0.000950167182456544
24329,352764166.184644,81074.1854979694,2008,FALSE,2,"14416","AUS","Lamb Range","AUS",TRUE,"14416;19817",TRUE,"",0.000229825456408556
24329,352764166.184644,414626.600506324,2013,FALSE,1,"14416","AUS","Lamb Range","AUS",TRUE,"14416;19817",TRUE,"",0.00117536484782669
24329,352764166.184644,17673.5712174624,2014,FALSE,1,"14416","AUS","Lamb Range","AUS",TRUE,"14416;19817",TRUE,"",5.01002451825329e-05
24329,352764166.184644,3510427.26572315,2015,FALSE,2,"14416","AUS","Lamb Range","AUS",TRUE,"14416;19817",TRUE,"",0.00995120140373249
24329,352764166.184644,445042.436227389,2016,FALSE,2,"14416","AUS","Lamb Range","AUS",TRUE,"14416;19817",TRUE,"",0.00126158629160323
24329,352764166.184644,11402.0698183767,2017,FALSE,1,"14416","AUS","Lamb Range","AUS",TRUE,"14416;19817",TRUE,"",3.23220749479659e-05
