"SitRecID","kba","ovl","year","random","nPAs","DOMAIN","range_countries","RangeName","COUNTRY","multiple_ranges","all_gmba_intersec","in_gmba","note","percPA"
1782,260318998.425898,109935515.855356,1992,FALSE,2,"17934","ESP","Serra de Sant Gervàs","ESP",TRUE,"14387;17934;17943",TRUE,"",0.42231076686725
1782,260318998.425898,120008.599998056,2001,FALSE,2,"17934","ESP","Serra de Sant Gervàs","ESP",TRUE,"14387;17934;17943",TRUE,"",0.00046100592244026
1782,260318998.425898,1.26884115161374e-05,2003,FALSE,1,"17934","ESP","Serra de Sant Gervàs","ESP",TRUE,"14387;17934;17943",TRUE,"",4.87417806339988e-14
1782,260318998.425898,55706.0984074361,2005,FALSE,1,"17934","ESP","Serra de Sant Gervàs","ESP",TRUE,"14387;17934;17943",TRUE,"",0.000213991674615686
1782,260318998.425898,634823.48068795,2006,FALSE,2,"17934","ESP","Serra de Sant Gervàs","ESP",TRUE,"14387;17934;17943",TRUE,"",0.00243863676691526
