"SitRecID","kba","ovl","year","random","nPAs","DOMAIN","range_countries","RangeName","COUNTRY","multiple_ranges","all_gmba_intersec","in_gmba","note","percPA"
31723,115862646.789574,152930.524939585,1949,FALSE,1,"11537","MKD;ALB","Korab","MKD",FALSE,"11537",TRUE,"",0.00131992949563229
31723,115862646.789574,11760.4970014095,1960,FALSE,1,"11537","MKD;ALB","Korab","MKD",FALSE,"11537",TRUE,"",0.000101503783378681
46625,489725821.271079,3008514.34494936,1949,FALSE,1,"11537","MKD;ALB","Korab","ALB",FALSE,"11537",TRUE,"",0.00614326264672095
46625,489725821.271079,448478806.481917,2011,FALSE,1,"11537","MKD;ALB","Korab","ALB",FALSE,"11537",TRUE,"",0.915775290994243
