"SitRecID","kba","ovl","year","random","nPAs","DOMAIN","range_countries","RangeName","COUNTRY","multiple_ranges","all_gmba_intersec","in_gmba","note","percPA"
24467,198191287.67471,2415478.85357015,1991,FALSE,1,"18411","MKD","Selecka Planina","MKD",TRUE,"18411;14820;20893",TRUE,"",0.0121876137034573
24468,1136708091.0229,148287.069352262,2003,FALSE,1,"18411","MKD","Selecka Planina","MKD",TRUE,"14817;14818;14821;18411;18412;14820;19482;20893",TRUE,"",0.000130453078079897
24468,1136708091.0229,1912842.76525304,2006,FALSE,1,"18411","MKD","Selecka Planina","MKD",TRUE,"14817;14818;14821;18411;18412;14820;19482;20893",TRUE,"",0.00168279154548087
24479,633170570.532372,350907.230584562,1961,FALSE,1,"18411","MKD","Selecka Planina","MKD",TRUE,"18411;18412",TRUE,"",0.000554206475973003
