"SitRecID","kba","ovl","year","random","nPAs","DOMAIN","range_countries","RangeName","COUNTRY","multiple_ranges","all_gmba_intersec","in_gmba","note","percPA"
2773,297471621.811461,230944434.131146,1996,FALSE,1,"18590","ITA","Monti Reatini","ITA",TRUE,"18594;18590;19473;19474",TRUE,"",0.776357868104539
2773,297471621.811461,9598.91819734126,2014,FALSE,1,"18590","ITA","Monti Reatini","ITA",TRUE,"18594;18590;19473;19474",TRUE,"",3.22683492929121e-05
2773,297471621.811461,150253.920249641,2016,FALSE,5,"18590","ITA","Monti Reatini","ITA",TRUE,"18594;18590;19473;19474",TRUE,"",0.000505103375356163
2774,10250826.102293,10202878.0789141,1985,FALSE,1,"18590","ITA","Monti Reatini","ITA",TRUE,"18590;18597",TRUE,"",0.995322521043631
