"SitRecID","kba","ovl","year","random","nPAs","DOMAIN","range_countries","RangeName","COUNTRY","multiple_ranges","all_gmba_intersec","in_gmba","note","percPA"
2656,227451494.542311,1825954.45028138,1909,FALSE,1,"19054","GBR","Exmoor Hills","GBR",FALSE,"19054",TRUE,"",0.00802788503964619
2656,227451494.542311,379927.40564263,1918,FALSE,1,"19054","GBR","Exmoor Hills","GBR",FALSE,"19054",TRUE,"",0.00167036671448187
2656,227451494.542311,5031419.07893172,1931,FALSE,1,"19054","GBR","Exmoor Hills","GBR",FALSE,"19054",TRUE,"",0.0221208442224405
2656,227451494.542311,31183271.8959599,1932,FALSE,2,"19054","GBR","Exmoor Hills","GBR",FALSE,"19054",TRUE,"",0.137098557908835
2656,227451494.542311,516600.123078892,1951,FALSE,1,"19054","GBR","Exmoor Hills","GBR",FALSE,"19054",TRUE,"",0.00227125402767048
2656,227451494.542311,159152806.505624,1954,FALSE,1,"19054","GBR","Exmoor Hills","GBR",FALSE,"19054",TRUE,"",0.699721964130765
2656,227451494.542311,23684249.9542693,1957,FALSE,1,"19054","GBR","Exmoor Hills","GBR",FALSE,"19054",TRUE,"",0.104128794589493
2656,227451494.542311,3204159.40801773,1960,FALSE,1,"19054","GBR","Exmoor Hills","GBR",FALSE,"19054",TRUE,"",0.0140872207257433
