"SitRecID","kba","ovl","year","random","nPAs","DOMAIN","range_countries","RangeName","COUNTRY","multiple_ranges","all_gmba_intersec","in_gmba","note","percPA"
31407,1977644441.73001,782380574.113304,1992,FALSE,6,"16430","USA","Oregon Canyon Mountains","USA",TRUE,"16427;16429;16430;16431;16432",TRUE,"",0.395612354579214
31407,1977644441.73001,154175.635525015,2000,FALSE,1,"16430","USA","Oregon Canyon Mountains","USA",TRUE,"16427;16429;16430;16431;16432",TRUE,"",7.79592288036088e-05
31407,1977644441.73001,3746.22996091843,2002,FALSE,2,"16430","USA","Oregon Canyon Mountains","USA",TRUE,"16427;16429;16430;16431;16432",TRUE,"",1.89428892366582e-06
