"SitRecID","kba","ovl","year","random","nPAs","DOMAIN","range_countries","RangeName","COUNTRY","multiple_ranges","all_gmba_intersec","in_gmba","note","percPA"
129,33809142.3587463,33809141.6658026,2007,FALSE,2,"14493","BIH;HRV","Požeška Gora","BIH",FALSE,"14493",TRUE,"",0.999999979504252
3597,388443638.836115,7273482.50788355,1987,FALSE,1,"14493","BIH;HRV","Požeška Gora","HRV",TRUE,"14489;14493",TRUE,"",0.0187246791572567
3597,388443638.836115,3812545.81244418,1990,FALSE,1,"14493","BIH;HRV","Požeška Gora","HRV",TRUE,"14489;14493",TRUE,"",0.00981492662324868
3597,388443638.836115,188906424.67394,1995,FALSE,2,"14493","BIH;HRV","Požeška Gora","HRV",TRUE,"14489;14493",TRUE,"",0.486316175082585
3597,388443638.836115,172292619.506672,2013,FALSE,1,"14493","BIH;HRV","Požeška Gora","HRV",TRUE,"14489;14493",TRUE,"",0.443545992986031
3597,388443638.836115,126029.086436484,2014,FALSE,7,"14493","BIH;HRV","Požeška Gora","HRV",TRUE,"14489;14493",TRUE,"",0.000324446261532568
