"SitRecID","kba","ovl","year","random","nPAs","DOMAIN","range_countries","RangeName","COUNTRY","multiple_ranges","all_gmba_intersec","in_gmba","note","percPA"
20664,364885961.171937,2996966.55104424,1928,TRUE,2,"11677","TTO","Northern Range","TTO",FALSE,"11677",TRUE,"",0.00821343342840217
20664,364885961.171937,847884.315973133,1958,TRUE,1,"11677","TTO","Northern Range","TTO",FALSE,"11677",TRUE,"",0.00232369673322017
20664,364885961.171937,7587297.37405256,1970,TRUE,2,"11677","TTO","Northern Range","TTO",FALSE,"11677",TRUE,"",0.0207936127487168
20664,364885961.171937,177197243.127456,1984,TRUE,4,"11677","TTO","Northern Range","TTO",FALSE,"11677",TRUE,"",0.485623624867166
