"SitRecID","kba","ovl","year","random","nPAs","DOMAIN","range_countries","RangeName","COUNTRY","multiple_ranges","all_gmba_intersec","in_gmba","note","percPA"
31067,19398300287.0048,9439316.65567261,1980,FALSE,1,"15799","USA","Near Islands","USA",FALSE,"15799",TRUE,"",0.000486605347685856
31067,19398300287.0048,0.0296955147678091,1997,FALSE,1,"15799","USA","Near Islands","USA",FALSE,"15799",TRUE,"",1.53083075983222e-12
31067,19398300287.0048,263919932.942325,2013,FALSE,1,"15799","USA","Near Islands","USA",FALSE,"15799",TRUE,"",0.0136053122715668
31118,309289581.038354,290714227.650972,1980,FALSE,1,"15799","USA","Near Islands","USA",FALSE,"15799",TRUE,"",0.939941871546333
31112,899971069.252053,221318186.879659,1980,FALSE,1,"15799","USA","Near Islands","USA",FALSE,"15799",TRUE,"",0.245917001602721
31112,899971069.252053,182799677.497836,2013,FALSE,1,"15799","USA","Near Islands","USA",FALSE,"15799",TRUE,"",0.203117282036362
