"SitRecID","kba","ovl","year","random","nPAs","DOMAIN","range_countries","RangeName","COUNTRY","multiple_ranges","all_gmba_intersec","in_gmba","note","percPA"
22255,38596004016.4739,3064028742.58095,1985,FALSE,1,"19312","BRA","Southeastern Guiana Highlands (nn)","BRA",TRUE,"11845;19312",TRUE,"",0.079387201360875
22255,38596004016.4739,2395088461.99113,1989,FALSE,2,"19312","BRA","Southeastern Guiana Highlands (nn)","BRA",TRUE,"11845;19312",TRUE,"",0.0620553480347043
22255,38596004016.4739,2129123729.09509,1998,FALSE,1,"19312","BRA","Southeastern Guiana Highlands (nn)","BRA",TRUE,"11845;19312",TRUE,"",0.0551643566050598
22255,38596004016.4739,2518986887.99929,2005,FALSE,1,"19312","BRA","Southeastern Guiana Highlands (nn)","BRA",TRUE,"11845;19312",TRUE,"",0.0652654841398637
22255,38596004016.4739,9323799997.72221,2006,FALSE,1,"19312","BRA","Southeastern Guiana Highlands (nn)","BRA",TRUE,"11845;19312",TRUE,"",0.241574231201306
22255,38596004016.4739,835732287.472233,2009,FALSE,1,"19312","BRA","Southeastern Guiana Highlands (nn)","BRA",TRUE,"11845;19312",TRUE,"",0.0216533371463926
22255,38596004016.4739,5464424.10254495,2017,FALSE,1,"19312","BRA","Southeastern Guiana Highlands (nn)","BRA",TRUE,"11845;19312",TRUE,"",0.000141580048033278
22255,38596004016.4739,1.25507358461618e-05,2018,FALSE,1,"19312","BRA","Southeastern Guiana Highlands (nn)","BRA",TRUE,"11845;19312",TRUE,"",3.25182260858011e-16
