"SitRecID","kba","ovl","year","random","nPAs","DOMAIN","range_countries","RangeName","COUNTRY","multiple_ranges","all_gmba_intersec","in_gmba","note","percPA"
579,492105932.810637,79.0856075614861,1995,TRUE,1,"19011","IRL","Twelve Bens","IRL",TRUE,"19007;19011",TRUE,"",1.60708502557148e-07
579,492105932.810637,718.877539080334,2003,TRUE,2,"19011","IRL","Twelve Bens","IRL",TRUE,"19007;19011",TRUE,"",1.46081867977999e-06
579,492105932.810637,15.9477462917566,2005,TRUE,1,"19011","IRL","Twelve Bens","IRL",TRUE,"19007;19011",TRUE,"",3.24071408785338e-08
579,492105932.810637,191283907.136834,2010,TRUE,2,"19011","IRL","Twelve Bens","IRL",TRUE,"19007;19011",TRUE,"",0.388704736893387
579,492105932.810637,301210088.838196,2011,TRUE,1,"19011","IRL","Twelve Bens","IRL",TRUE,"19007;19011",TRUE,"",0.612083839586835
