"SitRecID","kba","ovl","year","random","nPAs","DOMAIN","range_countries","RangeName","COUNTRY","multiple_ranges","all_gmba_intersec","in_gmba","note","percPA"
6533,1624148346.21693,110438427.989757,2010,FALSE,1,"12281","MDG","Manongarivo Range","MDG",FALSE,"12281",TRUE,"",0.0679977467864912
45360,4179487.59277314,640756.898402959,2017,FALSE,1,"12281","MDG","Manongarivo Range","MDG",FALSE,"12281",TRUE,"",0.153309917586766
45342,1899145060.84493,282605954.700523,2010,FALSE,1,"12281","MDG","Manongarivo Range","MDG",FALSE,"12281",TRUE,"",0.14880693451336
45342,1899145060.84493,163589940.210358,2017,FALSE,1,"12281","MDG","Manongarivo Range","MDG",FALSE,"12281",TRUE,"",0.086138728200982
6541,577336394.165951,0,0,FALSE,0,"12281","MDG","Manongarivo Range","MDG",NA,NA,NA,"no pas overlapping kba",0
22465,27332965.5666761,0,0,FALSE,0,"12281","MDG","Manongarivo Range","MDG",NA,NA,NA,"no pas overlapping kba",0
22428,1626109367.23083,24812770.3671727,2010,FALSE,1,"12281","MDG","Manongarivo Range","MDG",TRUE,"12281;18144;19344",TRUE,"",0.0152589800336907
6539,644768689.537548,109146853.858629,2017,FALSE,1,"12281","MDG","Manongarivo Range","MDG",FALSE,"12281",TRUE,"",0.1692806360323
6534,935564168.573662,570793189.588617,1956,FALSE,1,"12281","MDG","Manongarivo Range","MDG",FALSE,"12281",TRUE,"",0.610105868482366
