"SitRecID","kba","ovl","year","random","nPAs","DOMAIN","range_countries","RangeName","COUNTRY","multiple_ranges","all_gmba_intersec","in_gmba","note","percPA"
15926,897402862.170297,0,0,FALSE,0,"20908","IDN","Sumbawa (nn)","IDN",NA,NA,NA,"no pas overlapping kba",0
44928,408178342.721324,0,0,FALSE,0,"20908","IDN","Sumbawa (nn)","IDN",NA,NA,NA,"no pas overlapping kba",0
15927,288201257.817542,926074.078454796,2009,TRUE,1,"20908","IDN","Sumbawa (nn)","IDN",TRUE,"12762;20908",TRUE,"",0.00321328950979488
15927,288201257.817542,247448523.729842,2014,TRUE,1,"20908","IDN","Sumbawa (nn)","IDN",TRUE,"12762;20908",TRUE,"",0.858596265691874
15925,731398334.748221,951282.307449132,1932,TRUE,1,"20908","IDN","Sumbawa (nn)","IDN",FALSE,"20908",TRUE,"",0.00130063504694279
15923,52916522.3938947,5027837.10827566,2011,TRUE,1,"20908","IDN","Sumbawa (nn)","IDN",FALSE,"20908",TRUE,"",0.095014503614768
15924,671889536.75694,39141974.1464436,1990,TRUE,1,"20908","IDN","Sumbawa (nn)","IDN",FALSE,"20908",TRUE,"",0.0582565615404179
15924,671889536.75694,4568977.12047749,2001,TRUE,1,"20908","IDN","Sumbawa (nn)","IDN",FALSE,"20908",TRUE,"",0.0068001909101471
