"SitRecID","kba","ovl","year","random","nPAs","DOMAIN","range_countries","RangeName","COUNTRY","multiple_ranges","all_gmba_intersec","in_gmba","note","percPA"
1091,106587980.007837,26872163.0798606,2001,TRUE,2,"14803","GRC","Thasos","GRC",TRUE,"11707;14803",TRUE,"",0.252112509101727
1091,106587980.007837,73907.1092820592,2006,TRUE,2,"14803","GRC","Thasos","GRC",TRUE,"11707;14803",TRUE,"",0.000693390655087233
1091,106587980.007837,73413868.6842022,2010,TRUE,1,"14803","GRC","Thasos","GRC",TRUE,"11707;14803",TRUE,"",0.688763110801088
30093,857754482.449484,1077619.4728349,1975,FALSE,1,"14803","GRC","Thasos","GRC",TRUE,"11707;14803;18691;19893",TRUE,"",0.00125632625055779
30093,857754482.449484,2.40449152623127,1976,FALSE,1,"14803","GRC","Thasos","GRC",TRUE,"11707;14803;18691;19893",TRUE,"",2.80323982611525e-09
30093,857754482.449484,53574.7233510872,1977,FALSE,1,"14803","GRC","Thasos","GRC",TRUE,"11707;14803;18691;19893",TRUE,"",6.24592752906335e-05
30093,857754482.449484,17947344.6830439,1988,FALSE,1,"14803","GRC","Thasos","GRC",TRUE,"11707;14803;18691;19893",TRUE,"",0.0209236384656269
30093,857754482.449484,564026893.503957,2001,FALSE,2,"14803","GRC","Thasos","GRC",TRUE,"11707;14803;18691;19893",TRUE,"",0.657562163817866
30093,857754482.449484,18126904.9086798,2006,FALSE,3,"14803","GRC","Thasos","GRC",TRUE,"11707;14803;18691;19893",TRUE,"",0.0211329760200319
30093,857754482.449484,44858.1034839265,2008,FALSE,4,"14803","GRC","Thasos","GRC",TRUE,"11707;14803;18691;19893",TRUE,"",5.2297136770216e-05
30093,857754482.449484,32168020.2064645,2010,FALSE,1,"14803","GRC","Thasos","GRC",TRUE,"11707;14803;18691;19893",TRUE,"",0.0375025964476484
