"SitRecID","kba","ovl","year","random","nPAs","DOMAIN","range_countries","RangeName","COUNTRY","multiple_ranges","all_gmba_intersec","in_gmba","note","percPA"
18447,1158421441.42682,391029472.64592,1972,FALSE,1,"14368","IND","Gangotri Group","IND",FALSE,"14368",TRUE,"",0.337553724976197
18453,90867233.9099393,76480520.3745461,1982,FALSE,1,"14368","IND","Gangotri Group","IND",FALSE,"14368",TRUE,"",0.841673253203105
18453,90867233.9099393,2674.24698562018,1988,FALSE,1,"14368","IND","Gangotri Group","IND",FALSE,"14368",TRUE,"",2.94302673312438e-05
18454,2404276522.856,238321644.835639,1972,FALSE,1,"14368","IND","Gangotri Group","IND",TRUE,"14368;20850",TRUE,"",0.0991240577238346
18454,2404276522.856,250070540.512906,1989,FALSE,1,"14368","IND","Gangotri Group","IND",TRUE,"14368;20850",TRUE,"",0.10401072344867
