"SitRecID","kba","ovl","year","random","nPAs","DOMAIN","range_countries","RangeName","COUNTRY","multiple_ranges","all_gmba_intersec","in_gmba","note","percPA"
3595,1211704339.61999,261838.741374224,1963,FALSE,1,"14492","HRV","Psunj","HRV",TRUE,"14492;20889",TRUE,"",0.000216091279706352
3595,1211704339.61999,544639.418675542,1965,FALSE,1,"14492","HRV","Psunj","HRV",TRUE,"14492;20889",TRUE,"",0.000449482106209465
3595,1211704339.61999,2272611.28249925,1969,FALSE,2,"14492","HRV","Psunj","HRV",TRUE,"14492;20889",TRUE,"",0.00187554934664341
3595,1211704339.61999,499286758.624476,1990,FALSE,1,"14492","HRV","Psunj","HRV",TRUE,"14492;20889",TRUE,"",0.412053289155554
3595,1211704339.61999,29193410.7881841,1993,FALSE,1,"14492","HRV","Psunj","HRV",TRUE,"14492;20889",TRUE,"",0.0240928499086994
3595,1211704339.61999,2681381.72179376,2010,FALSE,1,"14492","HRV","Psunj","HRV",TRUE,"14492;20889",TRUE,"",0.00221290098097254
3595,1211704339.61999,384700.084147841,2011,FALSE,1,"14492","HRV","Psunj","HRV",TRUE,"14492;20889",TRUE,"",0.000317486759409056
3595,1211704339.61999,648787554.427893,2013,FALSE,2,"14492","HRV","Psunj","HRV",TRUE,"14492;20889",TRUE,"",0.535433878722728
3595,1211704339.61999,790578.207351652,2014,FALSE,5,"14492","HRV","Psunj","HRV",TRUE,"14492;20889",TRUE,"",0.000652451412033062
