"SitRecID","kba","ovl","year","random","nPAs","DOMAIN","range_countries","RangeName","COUNTRY","multiple_ranges","all_gmba_intersec","in_gmba","note","percPA"
7198,269502718.171363,259042.026497464,1965,FALSE,1,"13123","ZMB;MWI","Vipama Hills","ZMB",TRUE,"13123;13124;19339",TRUE,"",0.000961185209021723
7198,269502718.171363,34004599.8188531,1971,FALSE,1,"13123","ZMB;MWI","Vipama Hills","ZMB",TRUE,"13123;13124;19339",TRUE,"",0.126175350102522
7198,269502718.171363,189452598.19796,1972,FALSE,1,"13123","ZMB;MWI","Vipama Hills","ZMB",TRUE,"13123;13124;19339",TRUE,"",0.702971010769163
48981,56287408.4404762,0,0,FALSE,0,"13123","ZMB;MWI","Vipama Hills","MWI",NA,NA,NA,"no pas overlapping kba",0
6664,3117497323.43352,3072238287.65686,1965,FALSE,1,"13123","ZMB;MWI","Vipama Hills","MWI",TRUE,"13123;13124",TRUE,"",0.985482253525461
48978,206515695.074096,27661.5831191987,1965,FALSE,1,"13123","ZMB;MWI","Vipama Hills","MWI",FALSE,"13123",TRUE,"",0.000133944217214454
