"SitRecID","kba","ovl","year","random","nPAs","DOMAIN","range_countries","RangeName","COUNTRY","multiple_ranges","all_gmba_intersec","in_gmba","note","percPA"
1649,494318657.673691,1268100.90367996,2002,FALSE,3,"17875","ESP","Sierra de Fontebona","ESP",TRUE,"17820;17875",TRUE,"",0.0025653510827363
1649,494318657.673691,97379284.9582903,2003,FALSE,1,"17875","ESP","Sierra de Fontebona","ESP",TRUE,"17820;17875",TRUE,"",0.196996984529304
1649,494318657.673691,216.357725429742,2006,FALSE,1,"17875","ESP","Sierra de Fontebona","ESP",TRUE,"17820;17875",TRUE,"",4.37688770332767e-07
1649,494318657.673691,217339795.130213,2009,FALSE,1,"17875","ESP","Sierra de Fontebona","ESP",TRUE,"17820;17875",TRUE,"",0.439675484136152
1649,494318657.673691,31165691.0231543,2012,FALSE,1,"17875","ESP","Sierra de Fontebona","ESP",TRUE,"17820;17875",TRUE,"",0.0630477740205537
1649,494318657.673691,84847351.7268349,2014,FALSE,5,"17875","ESP","Sierra de Fontebona","ESP",TRUE,"17820;17875",TRUE,"",0.171645052052323
