"SitRecID","kba","ovl","year","random","nPAs","DOMAIN","range_countries","RangeName","COUNTRY","multiple_ranges","all_gmba_intersec","in_gmba","note","percPA"
22131,356230548.440388,248302.289334297,1958,FALSE,1,"20249","POL","Beskid Żywiecki","POL",TRUE,"20240;20241;20249;20257;20261",TRUE,"",0.000697026940618621
22131,356230548.440388,305867.040492535,1961,FALSE,1,"20249","POL","Beskid Żywiecki","POL",TRUE,"20240;20241;20249;20257;20261",TRUE,"",0.00085862103020544
22131,356230548.440388,1244015.11444871,1963,FALSE,1,"20249","POL","Beskid Żywiecki","POL",TRUE,"20240;20241;20249;20257;20261",TRUE,"",0.00349216292621486
22131,356230548.440388,268100.159734249,1970,FALSE,1,"20249","POL","Beskid Żywiecki","POL",TRUE,"20240;20241;20249;20257;20261",TRUE,"",0.000752602944660467
22131,356230548.440388,1366427.44908285,1971,FALSE,2,"20249","POL","Beskid Żywiecki","POL",TRUE,"20240;20241;20249;20257;20261",TRUE,"",0.00383579525974177
22131,356230548.440388,334139328.529145,1986,FALSE,1,"20249","POL","Beskid Żywiecki","POL",TRUE,"20240;20241;20249;20257;20261",TRUE,"",0.937986172134984
22131,356230548.440388,NA,1996,FALSE,2,"20249","POL","Beskid Żywiecki","POL",TRUE,"20240;20241;20249;20257;20261",TRUE,"",NA
22131,356230548.440388,NA,1998,FALSE,1,"20249","POL","Beskid Żywiecki","POL",TRUE,"20240;20241;20249;20257;20261",TRUE,"",NA
22131,356230548.440388,7748979.36742979,2008,FALSE,3,"20249","POL","Beskid Żywiecki","POL",TRUE,"20240;20241;20249;20257;20261",TRUE,"",0.0217527087481845
