"SitRecID","kba","ovl","year","random","nPAs","DOMAIN","range_countries","RangeName","COUNTRY","multiple_ranges","all_gmba_intersec","in_gmba","note","percPA"
2155,195953101.383581,22717.8925110228,1970,TRUE,1,"15500","FRA","Monts Doré","FRA",TRUE,"15500;15502",TRUE,"",0.000115935355708161
2155,195953101.383581,125544276.799326,1977,TRUE,1,"15500","FRA","Monts Doré","FRA",TRUE,"15500;15502",TRUE,"",0.640685326809762
2155,195953101.383581,25609.5288294256,1993,TRUE,2,"15500","FRA","Monts Doré","FRA",TRUE,"15500;15502",TRUE,"",0.0001306921332125
2155,195953101.383581,NA,1997,TRUE,1,"15500","FRA","Monts Doré","FRA",TRUE,"15500;15502",TRUE,"",NA
2155,195953101.383581,34058.5470472267,2006,TRUE,1,"15500","FRA","Monts Doré","FRA",TRUE,"15500;15502",TRUE,"",0.000173809686127685
2155,195953101.383581,3634015.62513573,2007,TRUE,1,"15500","FRA","Monts Doré","FRA",TRUE,"15500;15502",TRUE,"",0.0185453335490827
2155,195953101.383581,4511422.61970524,2011,TRUE,1,"15500","FRA","Monts Doré","FRA",TRUE,"15500;15502",TRUE,"",0.0230229712510345
2155,195953101.383581,62155719.129626,2018,TRUE,1,"15500","FRA","Monts Doré","FRA",TRUE,"15500;15502",TRUE,"",0.317196914418595
