"SitRecID","kba","ovl","year","random","nPAs","DOMAIN","range_countries","RangeName","COUNTRY","multiple_ranges","all_gmba_intersec","in_gmba","note","percPA"
545,12674676.2720346,10960643.0128397,1987,TRUE,1,"18995","IRL","Inishowen","IRL",FALSE,"18995",TRUE,"",0.86476709760416
545,12674676.2720346,39756.2056712779,1995,TRUE,1,"18995","IRL","Inishowen","IRL",FALSE,"18995",TRUE,"",0.00313666438637142
545,12674676.2720346,625090.149172935,1996,TRUE,1,"18995","IRL","Inishowen","IRL",FALSE,"18995",TRUE,"",0.049318036670659
638,193182539.230337,5167400.3335861,1996,FALSE,1,"18995","IRL","Inishowen","IRL",TRUE,"18995;18998",TRUE,"",0.026748796004927
