"SitRecID","kba","ovl","year","random","nPAs","DOMAIN","range_countries","RangeName","COUNTRY","multiple_ranges","all_gmba_intersec","in_gmba","note","percPA"
1390,628660431.034596,413488754.882568,1976,FALSE,1,"20221","HUN","Beech Mountains","HUN",FALSE,"20221",TRUE,"",0.657729887981152
1390,628660431.034596,119532500.600877,2004,FALSE,1,"20221","HUN","Beech Mountains","HUN",FALSE,"20221",TRUE,"",0.190138419248307
1390,628660431.034596,218.316326962144,2007,FALSE,1,"20221","HUN","Beech Mountains","HUN",FALSE,"20221",TRUE,"",3.47272257302495e-07
1390,628660431.034596,NA,2008,FALSE,1,"20221","HUN","Beech Mountains","HUN",FALSE,"20221",TRUE,"",NA
1390,628660431.034596,2964143.90315951,2010,FALSE,8,"20221","HUN","Beech Mountains","HUN",FALSE,"20221",TRUE,"",0.00471501586044054
1390,628660431.034596,67395.0029490888,2014,FALSE,9,"20221","HUN","Beech Mountains","HUN",FALSE,"20221",TRUE,"",0.000107204143321341
1390,628660431.034596,8132.52969411016,2015,FALSE,2,"20221","HUN","Beech Mountains","HUN",FALSE,"20221",TRUE,"",1.29362837115839e-05
