"SitRecID","kba","ovl","year","random","nPAs","DOMAIN","range_countries","RangeName","COUNTRY","multiple_ranges","all_gmba_intersec","in_gmba","note","percPA"
14506,4105691.16802812,0,0,FALSE,0,"19709","COL","Altiplano Cundiboyacense (nn)","COL",NA,NA,NA,"no pas overlapping kba",0
14413,180636544.031487,5795287.18325601,2008,FALSE,1,"19709","COL","Altiplano Cundiboyacense (nn)","COL",TRUE,"14166;19708;19709",TRUE,"",0.0320825844755192
14413,180636544.031487,1139750.70034419,2014,FALSE,1,"19709","COL","Altiplano Cundiboyacense (nn)","COL",TRUE,"14166;19708;19709",TRUE,"",0.00630963522057597
19137,53893200.9820654,0,0,FALSE,0,"19709","COL","Altiplano Cundiboyacense (nn)","COL",NA,NA,NA,"no pas overlapping kba",0
26522,90085842.2111214,18312.2862881832,2015,FALSE,1,"19709","COL","Altiplano Cundiboyacense (nn)","COL",TRUE,"19708;19709",TRUE,"",0.00020327596255655
26522,90085842.2111214,33850163.8414735,2017,FALSE,1,"19709","COL","Altiplano Cundiboyacense (nn)","COL",TRUE,"19708;19709",TRUE,"",0.375754536014035
26525,99240401.5061558,5795287.18325601,2008,FALSE,1,"19709","COL","Altiplano Cundiboyacense (nn)","COL",TRUE,"14166;19708;19709",TRUE,"",0.0583964503901824
26525,99240401.5061558,1488341.99723759,2014,FALSE,1,"19709","COL","Altiplano Cundiboyacense (nn)","COL",TRUE,"14166;19708;19709",TRUE,"",0.0149973395376203
14404,191935645.383461,191935642.784138,2017,FALSE,1,"19709","COL","Altiplano Cundiboyacense (nn)","COL",TRUE,"14172;19709",TRUE,"",0.999999986457317
