"SitRecID","kba","ovl","year","random","nPAs","DOMAIN","range_countries","RangeName","COUNTRY","percPA"
16330,430781340.00221,363805616.669381,1998,FALSE,1,"14465","MNG;CHN","Gobi-Altai Mountains","MNG",0.844525012776817
16331,201561396.552707,166939526.398571,1998,FALSE,1,"14465","MNG;CHN","Gobi-Altai Mountains","MNG",0.828231641840793
16336,123700226.852228,83188362.9856052,1998,FALSE,1,"14465","MNG;CHN","Gobi-Altai Mountains","MNG",0.672499680093406
28298,5449778528.20822,5173272611.60672,1993,FALSE,1,"14465","MNG;CHN","Gobi-Altai Mountains","MNG",0.949262907626374
28304,279954284.812445,255536266.442801,1965,FALSE,1,"14465","MNG;CHN","Gobi-Altai Mountains","MNG",0.912778551019489
15432,717482455.421448,2355667.68136269,1975,FALSE,1,"14465","MNG;CHN","Gobi-Altai Mountains","CHN",0.00328324081454922
