"SitRecID","kba","ovl","year","random","nPAs","DOMAIN","range_countries","RangeName","COUNTRY","multiple_ranges","all_gmba_intersec","in_gmba","note","percPA"
3110,204280273.403372,114466.468893468,1980,FALSE,1,"20283","SVK","Chocske vrchy","SVK",TRUE,"12991;12990;20273;20274;20283",TRUE,"",0.000560340296135412
3110,204280273.403372,78314.1859842539,1983,FALSE,1,"20283","SVK","Chocske vrchy","SVK",TRUE,"12991;12990;20273;20274;20283",TRUE,"",0.000383366365628534
3110,204280273.403372,76817.8895224035,1988,FALSE,1,"20283","SVK","Chocske vrchy","SVK",TRUE,"12991;12990;20273;20274;20283",TRUE,"",0.000376041642409196
3110,204280273.403372,16172740.506138,1993,FALSE,2,"20283","SVK","Chocske vrchy","SVK",TRUE,"12991;12990;20273;20274;20283",TRUE,"",0.0791693697912932
3110,204280273.403372,8307.54784810543,2002,FALSE,1,"20283","SVK","Chocske vrchy","SVK",TRUE,"12991;12990;20273;20274;20283",TRUE,"",4.06674012605287e-05
3110,204280273.403372,1686410.89056371,2003,FALSE,2,"20283","SVK","Chocske vrchy","SVK",TRUE,"12991;12990;20273;20274;20283",TRUE,"",0.00825537807673542
3110,204280273.403372,23173745.6909086,2004,FALSE,8,"20283","SVK","Chocske vrchy","SVK",TRUE,"12991;12990;20273;20274;20283",TRUE,"",0.113440937320217
3110,204280273.403372,127025493.429133,2011,FALSE,2,"20283","SVK","Chocske vrchy","SVK",TRUE,"12991;12990;20273;20274;20283",TRUE,"",0.621819676040421
