"SitRecID","kba","ovl","year","random","nPAs","DOMAIN","range_countries","RangeName","COUNTRY","multiple_ranges","all_gmba_intersec","in_gmba","note","percPA"
24477,92917722.2596251,690006.977240063,1986,FALSE,1,"15146","MKD","Kožuf","MKD",TRUE,"15145;15146;18412",TRUE,"",0.00742599969586089
124,119979664.335278,3302796.78573684,1960,FALSE,1,"15146","MKD","Kožuf","MKD",TRUE,"14819;15146",TRUE,"",0.0275279715444721
124,119979664.335278,227073.838716269,1963,FALSE,1,"15146","MKD","Kožuf","MKD",TRUE,"14819;15146",TRUE,"",0.00189260271708813
