"SitRecID","kba","ovl","year","random","nPAs","DOMAIN","range_countries","RangeName","COUNTRY","multiple_ranges","all_gmba_intersec","in_gmba","note","percPA"
26239,275076428.10168,114085830.34109,1980,FALSE,1,"17072","USA","Central Boundary Ranges","USA",TRUE,"17072;17078;21055",TRUE,"",0.414742299543453
31108,1467056517.37938,8870.84958180785,1923,TRUE,1,"17072","USA","Central Boundary Ranges","USA",TRUE,"17072;21055",TRUE,"",6.04669927621734e-06
31108,1467056517.37938,4946815.44803115,1980,TRUE,3,"17072","USA","Central Boundary Ranges","USA",TRUE,"17072;21055",TRUE,"",0.0033719324302977
31108,1467056517.37938,25849988.0616793,2002,TRUE,1,"17072","USA","Central Boundary Ranges","USA",TRUE,"17072;21055",TRUE,"",0.0176203082536011
31108,1467056517.37938,4.88833773973768e-05,2005,TRUE,1,"17072","USA","Central Boundary Ranges","USA",TRUE,"17072;21055",TRUE,"",3.33207186078268e-14
