"SitRecID","kba","ovl","year","random","nPAs","DOMAIN","range_countries","RangeName","COUNTRY","multiple_ranges","all_gmba_intersec","in_gmba","note","percPA"
26250,199486083.950806,431320.094422631,1979,FALSE,1,"15840","USA","Robinson Mountains","USA",TRUE,"15838;15840",TRUE,"",0.00216215630624639
26250,199486083.950806,205763.230382946,1980,FALSE,3,"15840","USA","Robinson Mountains","USA",TRUE,"15838;15840",TRUE,"",0.00103146658808385
31152,309293040.36577,131951.452901721,1979,FALSE,1,"15840","USA","Robinson Mountains","USA",FALSE,"15840",TRUE,"",0.000426622767669376
31152,309293040.36577,51067.7600490451,1980,FALSE,1,"15840","USA","Robinson Mountains","USA",FALSE,"15840",TRUE,"",0.000165111248506117
