"SitRecID","kba","ovl","year","random","nPAs","DOMAIN","range_countries","RangeName","COUNTRY","multiple_ranges","all_gmba_intersec","in_gmba","note","percPA"
24548,296297212.014135,24043939.3597503,2002,FALSE,4,"19159","AUS","Flinders Island","AUS",FALSE,"19159",TRUE,"",0.0811480445472544
24548,296297212.014135,28638571.5441798,2011,FALSE,4,"19159","AUS","Flinders Island","AUS",FALSE,"19159",TRUE,"",0.0966548802450883
24548,296297212.014135,54791801.7280684,2012,FALSE,1,"19159","AUS","Flinders Island","AUS",FALSE,"19159",TRUE,"",0.184921759322712
24548,296297212.014135,795547.244104832,2013,FALSE,2,"19159","AUS","Flinders Island","AUS",FALSE,"19159",TRUE,"",0.00268496365084556
24548,296297212.014135,758674.167026281,2015,FALSE,2,"19159","AUS","Flinders Island","AUS",FALSE,"19159",TRUE,"",0.00256051740031252
