"SitRecID","kba","ovl","year","random","nPAs","DOMAIN","range_countries","RangeName","COUNTRY","multiple_ranges","all_gmba_intersec","in_gmba","note","percPA"
23307,3328044612.17555,1561753.28781548,1935,FALSE,1,"15262","PHL;NA","Samar","PHL",FALSE,"15262",TRUE,"",0.000469270538652594
23307,3328044612.17555,71478811.4822615,1998,FALSE,1,"15262","PHL;NA","Samar","PHL",FALSE,"15262",TRUE,"",0.0214777203468843
23307,3328044612.17555,3253945452.63997,2003,FALSE,1,"15262","PHL;NA","Samar","PHL",FALSE,"15262",TRUE,"",0.977734926008959
9773,981217255.163241,935729560.655451,2003,FALSE,1,"15262","PHL;NA","Samar",NA,FALSE,"15262",TRUE,"",0.95364156687173
9775,483450299.777143,476707881.56837,2003,FALSE,1,"15262","PHL;NA","Samar",NA,FALSE,"15262",TRUE,"",0.986053544259089
9774,1039281668.58235,974919541.487463,2003,FALSE,1,"15262","PHL;NA","Samar",NA,FALSE,"15262",TRUE,"",0.938070564467207
