"SitRecID","kba","ovl","year","random","nPAs","DOMAIN","range_countries","RangeName","COUNTRY","multiple_ranges","all_gmba_intersec","in_gmba","note","percPA"
1681,565605226.765102,296475564.557087,1988,FALSE,1,"15017","ESP","Sierra de las Batuecas Las Hurdes","ESP",TRUE,"20032;12800;15015;15016;15017",TRUE,"",0.524174018427545
1681,565605226.765102,135154393.101261,2000,FALSE,3,"15017","ESP","Sierra de las Batuecas Las Hurdes","ESP",TRUE,"20032;12800;15015;15016;15017",TRUE,"",0.238955346778278
1681,565605226.765102,538336.719497982,2003,FALSE,1,"15017","ESP","Sierra de las Batuecas Las Hurdes","ESP",TRUE,"20032;12800;15015;15016;15017",TRUE,"",0.000951788799012558
1681,565605226.765102,0.0102194667199653,2008,FALSE,1,"15017","ESP","Sierra de las Batuecas Las Hurdes","ESP",TRUE,"20032;12800;15015;15016;15017",TRUE,"",1.80681971035064e-11
1681,565605226.765102,4802615.006691,2015,FALSE,6,"15017","ESP","Sierra de las Batuecas Las Hurdes","ESP",TRUE,"20032;12800;15015;15016;15017",TRUE,"",0.00849110789544656
30027,1968340021.47689,5935981.20145621,2015,FALSE,1,"15017","ESP","Sierra de las Batuecas Las Hurdes","ESP",TRUE,"20032;15015;15017",TRUE,"",0.00301572956739573
