"SitRecID","kba","ovl","year","random","nPAs","DOMAIN","range_countries","RangeName","COUNTRY","multiple_ranges","all_gmba_intersec","in_gmba","note","percPA"
24564,161038821.691795,48957456.733335,1986,FALSE,1,"14401","AUS","Nightcap Range","AUS",TRUE,"12640;14401",TRUE,"",0.304010276646414
24564,161038821.691795,349981.506211136,1992,FALSE,1,"14401","AUS","Nightcap Range","AUS",TRUE,"12640;14401",TRUE,"",0.00217327413684727
24564,161038821.691795,24252278.6463041,2003,FALSE,1,"14401","AUS","Nightcap Range","AUS",TRUE,"12640;14401",TRUE,"",0.150598957391277
24564,161038821.691795,4420570.26611687,2012,FALSE,1,"14401","AUS","Nightcap Range","AUS",TRUE,"12640;14401",TRUE,"",0.0274503391149819
24564,161038821.691795,50534015.8472889,2014,FALSE,1,"14401","AUS","Nightcap Range","AUS",TRUE,"12640;14401",TRUE,"",0.313800208647849
24564,161038821.691795,31137643.8920196,2016,FALSE,1,"14401","AUS","Nightcap Range","AUS",TRUE,"12640;14401",TRUE,"",0.193354891478358
