"SitRecID","kba","ovl","year","random","nPAs","DOMAIN","range_countries","RangeName","COUNTRY","multiple_ranges","all_gmba_intersec","in_gmba","note","percPA"
44555,166702295.085709,102541158.013232,1990,FALSE,1,"20424","NOR","Kjølhaugan","NOR",FALSE,"20424",TRUE,"",0.615115454532351
44555,166702295.085709,691.475345970586,2002,FALSE,1,"20424","NOR","Kjølhaugan","NOR",FALSE,"20424",TRUE,"",4.14796536313474e-06
44555,166702295.085709,15493272.6763191,2011,FALSE,1,"20424","NOR","Kjølhaugan","NOR",FALSE,"20424",TRUE,"",0.092939768275856
44555,166702295.085709,0.00119967013597488,2014,FALSE,1,"20424","NOR","Kjølhaugan","NOR",FALSE,"20424",TRUE,"",7.19648242010156e-12
