"SitRecID","kba","ovl","year","random","nPAs","DOMAIN","range_countries","RangeName","COUNTRY","multiple_ranges","all_gmba_intersec","in_gmba","note","percPA"
19689,9474185.5855832,1388283.01090323,1990,FALSE,2,"19077","PRT","Flores (Azores)","PRT",FALSE,"19077",TRUE,"",0.146533229517456
19689,9474185.5855832,257014.65480426,2008,FALSE,1,"19077","PRT","Flores (Azores)","PRT",FALSE,"19077",TRUE,"",0.0271278889866119
19689,9474185.5855832,NA,2009,FALSE,2,"19077","PRT","Flores (Azores)","PRT",FALSE,"19077",TRUE,"",NA
19689,9474185.5855832,NA,2011,FALSE,7,"19077","PRT","Flores (Azores)","PRT",FALSE,"19077",TRUE,"",NA
26976,2099464061.24636,3408813.29822915,1990,FALSE,3,"19077","PRT","Flores (Azores)","PRT",TRUE,"19077;19078",TRUE,"",0.00162365879995368
26976,2099464061.24636,263781946.260239,2006,FALSE,3,"19077","PRT","Flores (Azores)","PRT",TRUE,"19077;19078",TRUE,"",0.125642515692144
26976,2099464061.24636,NA,2008,FALSE,1,"19077","PRT","Flores (Azores)","PRT",TRUE,"19077;19078",TRUE,"",NA
26976,2099464061.24636,8041492.00063288,2009,FALSE,2,"19077","PRT","Flores (Azores)","PRT",TRUE,"19077;19078",TRUE,"",0.00383025942147302
26976,2099464061.24636,31593752.3422478,2011,FALSE,6,"19077","PRT","Flores (Azores)","PRT",TRUE,"19077;19078",TRUE,"",0.0150484844801258
