"SitRecID","kba","ovl","year","random","nPAs","DOMAIN","range_countries","RangeName","COUNTRY","multiple_ranges","all_gmba_intersec","in_gmba","note","percPA"
26006,516113238.807663,83942.034869194,1965,TRUE,1,"16303","USA","Great Salt Lake Islands","USA",TRUE,"16308;16303;19629",TRUE,"",0.00016264266939387
26006,516113238.807663,271958.556442261,1973,TRUE,1,"16303","USA","Great Salt Lake Islands","USA",TRUE,"16308;16303;19629",TRUE,"",0.000526935827243157
26006,516113238.807663,25131.6583892703,1987,TRUE,1,"16303","USA","Great Salt Lake Islands","USA",TRUE,"16308;16303;19629",TRUE,"",4.86940781587585e-05
26006,516113238.807663,423129.097754955,1995,TRUE,1,"16303","USA","Great Salt Lake Islands","USA",TRUE,"16308;16303;19629",TRUE,"",0.000819837713778624
26006,516113238.807663,342885.491986156,1997,TRUE,1,"16303","USA","Great Salt Lake Islands","USA",TRUE,"16308;16303;19629",TRUE,"",0.000664360970042733
26006,516113238.807663,14366258.8311322,1999,TRUE,2,"16303","USA","Great Salt Lake Islands","USA",TRUE,"16308;16303;19629",TRUE,"",0.0278354782456685
26005,2105479797.79455,0,0,FALSE,0,"16303","USA","Great Salt Lake Islands","USA",NA,NA,NA,"no pas overlapping kba",0
