"SitRecID","kba","ovl","year","random","nPAs","DOMAIN","range_countries","RangeName","COUNTRY","multiple_ranges","all_gmba_intersec","in_gmba","note","percPA"
16349,356056402.047363,8018358.88786316,2012,FALSE,1,"11396","MNG","Khentii Mountains","MNG",TRUE,"11396;18002",TRUE,"",0.022519912131215
28297,2938386773.50582,3394326.37996727,1992,FALSE,1,"11396","MNG","Khentii Mountains","MNG",FALSE,"11396",TRUE,"",0.0011551666412919
28297,2938386773.50582,2906077488.84202,1993,FALSE,1,"11396","MNG","Khentii Mountains","MNG",FALSE,"11396",TRUE,"",0.989004413933824
28301,12336977616.8216,12305852585.8173,1992,FALSE,1,"11396","MNG","Khentii Mountains","MNG",TRUE,"11396;20762;20763",TRUE,"",0.997477094311826
28307,499656772.777614,499583739.430615,1993,FALSE,1,"11396","MNG","Khentii Mountains","MNG",FALSE,"11396",TRUE,"",0.999853832968995
