"SitRecID","kba","ovl","year","random","nPAs","DOMAIN","range_countries","RangeName","COUNTRY","multiple_ranges","all_gmba_intersec","in_gmba","note","percPA"
2184,131684350.080397,471974.566358089,1989,FALSE,2,"15127","FRA","Monts du Mâconnais","FRA",FALSE,"15127",TRUE,"",0.0035841355944722
2184,131684350.080397,311710.721566059,2012,FALSE,1,"15127","FRA","Monts du Mâconnais","FRA",FALSE,"15127",TRUE,"",0.00236710528909282
2184,131684350.080397,117720450.54174,2015,FALSE,1,"15127","FRA","Monts du Mâconnais","FRA",FALSE,"15127",TRUE,"",0.893959308527314
2184,131684350.080397,0.0901408296977735,2018,FALSE,1,"15127","FRA","Monts du Mâconnais","FRA",FALSE,"15127",TRUE,"",6.84521962121846e-10
2186,639962299.980917,80009.1317490749,1983,TRUE,1,"15127","FRA","Monts du Mâconnais","FRA",FALSE,"15127",TRUE,"",0.000125021632917221
2186,639962299.980917,593673.251220095,1999,TRUE,1,"15127","FRA","Monts du Mâconnais","FRA",FALSE,"15127",TRUE,"",0.000927669100567014
2186,639962299.980917,75708.201855592,2003,TRUE,1,"15127","FRA","Monts du Mâconnais","FRA",FALSE,"15127",TRUE,"",0.000118301034073178
2186,639962299.980917,5046595.17223709,2004,TRUE,3,"15127","FRA","Monts du Mâconnais","FRA",FALSE,"15127",TRUE,"",0.0078857694779639
2186,639962299.980917,18676.3284175098,2007,TRUE,1,"15127","FRA","Monts du Mâconnais","FRA",FALSE,"15127",TRUE,"",2.91834822427301e-05
2186,639962299.980917,11151769.8010784,2008,TRUE,1,"15127","FRA","Monts du Mâconnais","FRA",FALSE,"15127",TRUE,"",0.0174256667953893
2186,639962299.980917,38322756.4719119,2012,TRUE,3,"15127","FRA","Monts du Mâconnais","FRA",FALSE,"15127",TRUE,"",0.0598828344623654
2186,639962299.980917,335610.35250295,2013,TRUE,2,"15127","FRA","Monts du Mâconnais","FRA",FALSE,"15127",TRUE,"",0.000524422067538911
2186,639962299.980917,93695.5139142976,2016,TRUE,2,"15127","FRA","Monts du Mâconnais","FRA",FALSE,"15127",TRUE,"",0.000146407864833743
2186,639962299.980917,662343.798897408,2017,TRUE,1,"15127","FRA","Monts du Mâconnais","FRA",FALSE,"15127",TRUE,"",0.00103497315219531
2186,639962299.980917,541959628.420055,2018,TRUE,4,"15127","FRA","Monts du Mâconnais","FRA",FALSE,"15127",TRUE,"",0.846861804884781
