"SitRecID","kba","ovl","year","random","nPAs","DOMAIN","range_countries","RangeName","COUNTRY","multiple_ranges","all_gmba_intersec","in_gmba","note","percPA"
24517,98884008.9080288,505338.763313264,1978,TRUE,1,"18832","MNP","Saipan","MNP",FALSE,"18832",TRUE,"",0.00511041945905809
24518,7308386.46092503,671576.609755338,2000,FALSE,1,"18832","MNP","Saipan","MNP",FALSE,"18832",TRUE,"",0.0918912284327034
24518,7308386.46092503,165268.275442133,2001,FALSE,2,"18832","MNP","Saipan","MNP",FALSE,"18832",TRUE,"",0.0226135107011316
24519,33149221.085141,2153660.61608327,2000,TRUE,5,"18832","MNP","Saipan","MNP",FALSE,"18832",TRUE,"",0.0649686642878205
24519,33149221.085141,87254.5445151558,2001,TRUE,2,"18832","MNP","Saipan","MNP",FALSE,"18832",TRUE,"",0.0026321748040791
