"SitRecID","kba","ovl","year","random","nPAs","DOMAIN","range_countries","RangeName","COUNTRY","multiple_ranges","all_gmba_intersec","in_gmba","note","percPA"
26008,635389229.318073,13663713.1992132,1975,TRUE,1,"16310","USA","Promontory Ranges","USA",TRUE,"16310;17701;19629",TRUE,"",0.021504477206637
26008,635389229.318073,11818137.3829116,1984,TRUE,1,"16310","USA","Promontory Ranges","USA",TRUE,"16310;17701;19629",TRUE,"",0.0185998390240188
26008,635389229.318073,5310141.12595731,1998,TRUE,1,"16310","USA","Promontory Ranges","USA",TRUE,"16310;17701;19629",TRUE,"",0.00835730428049021
26008,635389229.318073,174082688.159525,2000,TRUE,1,"16310","USA","Promontory Ranges","USA",TRUE,"16310;17701;19629",TRUE,"",0.273978028155054
26008,635389229.318073,2588079.73904371,2003,TRUE,1,"16310","USA","Promontory Ranges","USA",TRUE,"16310;17701;19629",TRUE,"",0.00407321940571978
26008,635389229.318073,8576640.51237148,2012,TRUE,1,"16310","USA","Promontory Ranges","USA",TRUE,"16310;17701;19629",TRUE,"",0.0134982466126728
26009,93439864.3827918,23910690.6902227,1975,TRUE,1,"16310","USA","Promontory Ranges","USA",FALSE,"16310",TRUE,"",0.25589389334159
26009,93439864.3827918,5652128.22006753,1998,TRUE,1,"16310","USA","Promontory Ranges","USA",FALSE,"16310",TRUE,"",0.0604894737101999
