"SitRecID","kba","ovl","year","random","nPAs","DOMAIN","range_countries","RangeName","COUNTRY","multiple_ranges","all_gmba_intersec","in_gmba","note","percPA"
18148,37113702.2290288,19464481.3869592,1962,FALSE,1,"20850","IND","Kinnaur Kailash Range","IND",FALSE,"20850",TRUE,"",0.524455395660714
18165,330147727.858119,16494853.8587881,1955,FALSE,1,"20850","IND","Kinnaur Kailash Range","IND",FALSE,"20850",TRUE,"",0.049962039617237
18165,330147727.858119,9250853.24136549,1962,FALSE,1,"20850","IND","Kinnaur Kailash Range","IND",FALSE,"20850",TRUE,"",0.028020345017613
18165,330147727.858119,63129034.6762021,1988,FALSE,1,"20850","IND","Kinnaur Kailash Range","IND",FALSE,"20850",TRUE,"",0.191214505959986
18165,330147727.858119,65070871.270514,1990,FALSE,1,"20850","IND","Kinnaur Kailash Range","IND",FALSE,"20850",TRUE,"",0.197096226264135
18446,1612818786.69635,468854031.545199,1955,FALSE,1,"20850","IND","Kinnaur Kailash Range","IND",TRUE,"18426;20850",TRUE,"",0.290704718603623
18446,1612818786.69635,387249322.97565,1990,FALSE,1,"20850","IND","Kinnaur Kailash Range","IND",TRUE,"18426;20850",TRUE,"",0.240107150394051
