"SitRecID","kba","ovl","year","random","nPAs","DOMAIN","range_countries","RangeName","COUNTRY","multiple_ranges","all_gmba_intersec","in_gmba","note","percPA"
1815,645391297.166835,96878335.6670906,1995,TRUE,1,"14994","ESP","Serra d'Espadà","ESP",TRUE,"14993;14994;14997",TRUE,"",0.150107905223344
1815,645391297.166835,310465560.166292,1998,TRUE,1,"14994","ESP","Serra d'Espadà","ESP",TRUE,"14993;14994;14997",TRUE,"",0.481050118787139
1815,645391297.166835,229015009.211127,2000,TRUE,1,"14994","ESP","Serra d'Espadà","ESP",TRUE,"14993;14994;14997",TRUE,"",0.354846757643721
1822,29590270.0548391,10058.6542258859,2005,TRUE,1,"14994","ESP","Serra d'Espadà","ESP",FALSE,"14994",TRUE,"",0.000339931139771429
1822,29590270.0548391,15077340.5712503,2006,TRUE,2,"14994","ESP","Serra d'Espadà","ESP",FALSE,"14994",TRUE,"",0.50953710605911
1822,29590270.0548391,218940.273543733,2009,TRUE,1,"14994","ESP","Serra d'Espadà","ESP",FALSE,"14994",TRUE,"",0.00739906304126236
1822,29590270.0548391,32825.9273385574,2011,TRUE,1,"14994","ESP","Serra d'Espadà","ESP",FALSE,"14994",TRUE,"",0.00110934869055678
1822,29590270.0548391,0.30365507561698,2017,TRUE,1,"14994","ESP","Serra d'Espadà","ESP",FALSE,"14994",TRUE,"",1.02619906832287e-08
