"SitRecID","kba","ovl","year","random","nPAs","DOMAIN","range_countries","RangeName","COUNTRY","multiple_ranges","all_gmba_intersec","in_gmba","note","percPA"
2723,24390593.9109004,6649887.97692788,1984,FALSE,3,"15397","ITA;CHE","Varese Prealps","ITA",FALSE,"15397",TRUE,"",0.272641494554012
2723,24390593.9109004,2818.16281318665,1988,FALSE,1,"15397","ITA;CHE","Varese Prealps","ITA",FALSE,"15397",TRUE,"",0.000115543017258271
2723,24390593.9109004,15745371.2927552,2005,FALSE,1,"15397","ITA;CHE","Varese Prealps","ITA",FALSE,"15397",TRUE,"",0.645550959122746
2723,24390593.9109004,507131.471154263,2016,FALSE,3,"15397","ITA;CHE","Varese Prealps","ITA",FALSE,"15397",TRUE,"",0.0207920919435922
3270,15188994.3296261,6621481.95925409,1982,FALSE,2,"15397","ITA;CHE","Varese Prealps","CHE",TRUE,"15394;15396;15397",TRUE,"",0.435939458239109
3270,15188994.3296261,976449.069571372,1992,FALSE,3,"15397","ITA;CHE","Varese Prealps","CHE",TRUE,"15394;15396;15397",TRUE,"",0.0642866175587946
3270,15188994.3296261,323874.136424147,1994,FALSE,10,"15397","ITA;CHE","Varese Prealps","CHE",TRUE,"15394;15396;15397",TRUE,"",0.0213229480106152
3270,15188994.3296261,3987597.57811469,2001,FALSE,8,"15397","ITA;CHE","Varese Prealps","CHE",TRUE,"15394;15396;15397",TRUE,"",0.262532034154288
3270,15188994.3296261,100795.609506801,2007,FALSE,2,"15397","ITA;CHE","Varese Prealps","CHE",TRUE,"15394;15396;15397",TRUE,"",0.00663609501191262
3270,15188994.3296261,3039333.9945091,2009,FALSE,1,"15397","ITA;CHE","Varese Prealps","CHE",TRUE,"15394;15396;15397",TRUE,"",0.200101068480939
