"SitRecID","kba","ovl","year","random","nPAs","DOMAIN","range_countries","RangeName","COUNTRY","multiple_ranges","all_gmba_intersec","in_gmba","note","percPA"
14976,3623532138.0312,2827721728.8373,1973,FALSE,1,"19710","VEN","Sierra de Perij치 (nn)","VEN",TRUE,"15653;19710",TRUE,"",0.780377162702276
14930,2999391656.97361,1140448.16938406,1973,FALSE,1,"19710","VEN","Sierra de Perij치 (nn)","VEN",TRUE,"19708;19710",TRUE,"",0.000380226492506409
14930,2999391656.97361,43149541.2636986,1974,FALSE,1,"19710","VEN","Sierra de Perij치 (nn)","VEN",TRUE,"19708;19710",TRUE,"",0.0143860976486267
14930,2999391656.97361,2791032397.44447,1978,FALSE,1,"19710","VEN","Sierra de Perij치 (nn)","VEN",TRUE,"19708;19710",TRUE,"",0.930532826866839
