"SitRecID","kba","ovl","year","random","nPAs","DOMAIN","range_countries","RangeName","COUNTRY","multiple_ranges","all_gmba_intersec","in_gmba","note","percPA"
1950,453983831.617619,83124801.627289,1992,FALSE,4,"19924","ESP","Catalan Central Depression","ESP",TRUE,"19924;19925",TRUE,"",0.18310079751321
1950,453983831.617619,179479.355775774,1999,FALSE,1,"19924","ESP","Catalan Central Depression","ESP",TRUE,"19924;19925",TRUE,"",0.000395343056901959
1950,453983831.617619,360501319.760726,2001,FALSE,1,"19924","ESP","Catalan Central Depression","ESP",TRUE,"19924;19925",TRUE,"",0.794084050253951
1950,453983831.617619,226322.638343599,2005,FALSE,1,"19924","ESP","Catalan Central Depression","ESP",TRUE,"19924;19925",TRUE,"",0.000498525768059127
1950,453983831.617619,47194.6573905436,2006,FALSE,7,"19924","ESP","Catalan Central Depression","ESP",TRUE,"19924;19925",TRUE,"",0.000103956692075093
