"SitRecID","kba","ovl","year","random","nPAs","DOMAIN","range_countries","RangeName","COUNTRY","multiple_ranges","all_gmba_intersec","in_gmba","note","percPA"
1831,77917981.5111255,20022810.2676264,2006,FALSE,1,"12819","ESP","Sierra Espuña","ESP",FALSE,"12819",TRUE,"",0.256972907656334
1831,77917981.5111255,9271970.94496541,2014,FALSE,1,"12819","ESP","Sierra Espuña","ESP",FALSE,"12819",TRUE,"",0.118996549514588
1907,14865360.5030741,126543.993940215,1992,FALSE,1,"12819","ESP","Sierra Espuña","ESP",FALSE,"12819",TRUE,"",0.00851267575475519
1907,14865360.5030741,6.49340500500466,1999,FALSE,1,"12819","ESP","Sierra Espuña","ESP",FALSE,"12819",TRUE,"",4.36814499295986e-07
1907,14865360.5030741,9503234.48895217,2001,FALSE,1,"12819","ESP","Sierra Espuña","ESP",FALSE,"12819",TRUE,"",0.639287186273546
1907,14865360.5030741,0.00834024210848172,2006,FALSE,1,"12819","ESP","Sierra Espuña","ESP",FALSE,"12819",TRUE,"",5.61052125628368e-10
