"SitRecID","kba","ovl","year","random","nPAs","DOMAIN","range_countries","RangeName","COUNTRY","multiple_ranges","all_gmba_intersec","in_gmba","note","percPA"
1378,1967945841.52824,896290.551354408,1988,FALSE,1,"20399","FIN","Reisduoddar","FIN",TRUE,"20399;20531",TRUE,"",0.000455444724362119
1378,1967945841.52824,1741311228.31042,1991,FALSE,1,"20399","FIN","Reisduoddar","FIN",TRUE,"20399;20531",TRUE,"",0.884836966325342
1378,1967945841.52824,1319796.90369212,1998,FALSE,1,"20399","FIN","Reisduoddar","FIN",TRUE,"20399;20531",TRUE,"",0.000670646963875394
1378,1967945841.52824,8843707.66882188,2015,FALSE,2,"20399","FIN","Reisduoddar","FIN",TRUE,"20399;20531",TRUE,"",0.00449387756624143
