"SitRecID","kba","ovl","year","random","nPAs","DOMAIN","range_countries","RangeName","COUNTRY","multiple_ranges","all_gmba_intersec","in_gmba","note","percPA"
10093,286493558.594915,78833872.5462126,2008,FALSE,1,"15354","MEX","Sierra de San Lazaro","MEX",TRUE,"15353;15354",TRUE,"",0.275168045427782
10093,286493558.594915,143793.30210235,2012,FALSE,1,"15354","MEX","Sierra de San Lazaro","MEX",TRUE,"15353;15354",TRUE,"",0.000501907626850574
10107,288846769.754771,138371476.85636,2000,FALSE,1,"15354","MEX","Sierra de San Lazaro","MEX",FALSE,"15354",TRUE,"",0.479048032885522
10107,288846769.754771,21675503.5796941,2005,FALSE,1,"15354","MEX","Sierra de San Lazaro","MEX",FALSE,"15354",TRUE,"",0.0750415301445002
10140,131597288.301945,3430918.00535202,1994,FALSE,1,"15354","MEX","Sierra de San Lazaro","MEX",FALSE,"15354",TRUE,"",0.0260713427276702
10140,131597288.301945,66413332.8821477,2008,FALSE,1,"15354","MEX","Sierra de San Lazaro","MEX",FALSE,"15354",TRUE,"",0.504670983263462
10144,429042.187725134,0,0,FALSE,0,"15354","MEX","Sierra de San Lazaro","MEX",NA,NA,NA,"no pas overlapping kba",0
10090,1556116547.7422,783681037.207264,1994,FALSE,2,"15354","MEX","Sierra de San Lazaro","MEX",FALSE,"15354",TRUE,"",0.503613330469573
10090,1556116547.7422,436844476.832606,2008,FALSE,1,"15354","MEX","Sierra de San Lazaro","MEX",FALSE,"15354",TRUE,"",0.280727351345522
