"SitRecID","kba","ovl","year","random","nPAs","DOMAIN","range_countries","RangeName","COUNTRY","multiple_ranges","all_gmba_intersec","in_gmba","note","percPA"
1837,264103952.521239,113600206.412529,1989,FALSE,2,"12816","ESP","Sierra de Los Filabres","ESP",TRUE,"12229;12816;12817;17856",TRUE,"",0.430134442624038
1837,264103952.521239,44887131.9105056,2006,FALSE,1,"12816","ESP","Sierra de Los Filabres","ESP",TRUE,"12229;12816;12817;17856",TRUE,"",0.169960091403387
1837,264103952.521239,0.700259482584755,2015,FALSE,2,"12816","ESP","Sierra de Los Filabres","ESP",TRUE,"12229;12816;12817;17856",TRUE,"",2.65145400475762e-09
1837,264103952.521239,0.0164312055388255,2016,FALSE,1,"12816","ESP","Sierra de Los Filabres","ESP",TRUE,"12229;12816;12817;17856",TRUE,"",6.22149172019834e-11
