"SitRecID","kba","ovl","year","random","nPAs","DOMAIN","range_countries","RangeName","COUNTRY","multiple_ranges","all_gmba_intersec","in_gmba","note","percPA"
47087,885931290.276489,171978.005584862,1966,FALSE,1,"18782","CHL","Easter Island","CHL",FALSE,"18782",TRUE,"",0.000194121155299967
47087,885931290.276489,65177.6350841271,1976,FALSE,1,"18782","CHL","Easter Island","CHL",FALSE,"18782",TRUE,"",7.35696275766328e-05
47087,885931290.276489,1353647.68777343,2000,FALSE,1,"18782","CHL","Easter Island","CHL",FALSE,"18782",TRUE,"",0.00152793755297995
47087,885931290.276489,880022071.757647,2018,FALSE,1,"18782","CHL","Easter Island","CHL",FALSE,"18782",TRUE,"",0.993329935872344
