"SitRecID","kba","ovl","year","random","nPAs","DOMAIN","range_countries","RangeName","COUNTRY","multiple_ranges","all_gmba_intersec","in_gmba","note","percPA"
1376,3094951687.41949,178843586.692245,1956,FALSE,1,"19240","FIN","Korvatunturi","FIN",TRUE,"19240;19463",TRUE,"",0.0577855827020557
1376,3094951687.41949,2522389922.79438,1983,FALSE,1,"19240","FIN","Korvatunturi","FIN",TRUE,"19240;19463",TRUE,"",0.815001388566908
1376,3094951687.41949,56260263.8149084,1988,FALSE,3,"19240","FIN","Korvatunturi","FIN",TRUE,"19240;19463",TRUE,"",0.0181780749740288
1376,3094951687.41949,296060480.572232,1991,FALSE,1,"19240","FIN","Korvatunturi","FIN",TRUE,"19240;19463",TRUE,"",0.095659160618136
