"SitRecID","kba","ovl","year","random","nPAs","DOMAIN","range_countries","RangeName","COUNTRY","multiple_ranges","all_gmba_intersec","in_gmba","note","percPA"
2152,298997246.254116,768961.244983375,1984,TRUE,2,"15121","FRA","Monts de la Madeleine","FRA",TRUE,"15121;15129",TRUE,"",0.00257180042497729
2152,298997246.254116,146860.407821201,1993,TRUE,1,"15121","FRA","Monts de la Madeleine","FRA",TRUE,"15121;15129",TRUE,"",0.000491176456175068
2152,298997246.254116,410237.669115022,1996,TRUE,1,"15121","FRA","Monts de la Madeleine","FRA",TRUE,"15121;15129",TRUE,"",0.00137204497450911
2152,298997246.254116,1677918.78154105,2004,TRUE,2,"15121","FRA","Monts de la Madeleine","FRA",TRUE,"15121;15129",TRUE,"",0.00561182018417319
2152,298997246.254116,7731070.24323404,2006,TRUE,2,"15121","FRA","Monts de la Madeleine","FRA",TRUE,"15121;15129",TRUE,"",0.0258566603542009
2152,298997246.254116,1777.59935069084,2011,TRUE,1,"15121","FRA","Monts de la Madeleine","FRA",TRUE,"15121;15129",TRUE,"",5.94520308451293e-06
2152,298997246.254116,98725827.4891784,2012,TRUE,1,"15121","FRA","Monts de la Madeleine","FRA",TRUE,"15121;15129",TRUE,"",0.330189755009556
2152,298997246.254116,23939.9554561885,2015,TRUE,2,"15121","FRA","Monts de la Madeleine","FRA",TRUE,"15121;15129",TRUE,"",8.00674780658082e-05
2152,298997246.254116,107496246.68288,2018,TRUE,2,"15121","FRA","Monts de la Madeleine","FRA",TRUE,"15121;15129",TRUE,"",0.359522530824646
