"SitRecID","kba","ovl","year","random","nPAs","DOMAIN","range_countries","RangeName","COUNTRY","multiple_ranges","all_gmba_intersec","in_gmba","note","percPA"
1728,764325670.633592,278806.783144074,1989,FALSE,1,"18662","ESP","Sierra del Chorito","ESP",FALSE,"18662",TRUE,"",0.000364774851684564
1728,764325670.633592,6.76511808427676,1991,FALSE,1,"18662","ESP","Sierra del Chorito","ESP",FALSE,"18662",TRUE,"",8.851093642673e-09
1728,764325670.633592,131686966.196068,2000,FALSE,1,"18662","ESP","Sierra del Chorito","ESP",FALSE,"18662",TRUE,"",0.172291696139036
1728,764325670.633592,240964.561768189,2001,FALSE,1,"18662","ESP","Sierra del Chorito","ESP",FALSE,"18662",TRUE,"",0.00031526425321871
1728,764325670.633592,166720.655190941,2002,FALSE,1,"18662","ESP","Sierra del Chorito","ESP",FALSE,"18662",TRUE,"",0.000218127771441638
1728,764325670.633592,14598683.2832109,2005,FALSE,1,"18662","ESP","Sierra del Chorito","ESP",FALSE,"18662",TRUE,"",0.0191000823917235
1728,764325670.633592,78109750.1716837,2008,FALSE,4,"18662","ESP","Sierra del Chorito","ESP",FALSE,"18662",TRUE,"",0.102194330470327
1728,764325670.633592,6008.13461278682,2019,FALSE,1,"18662","ESP","Sierra del Chorito","ESP",FALSE,"18662",TRUE,"",7.86069975617375e-06
