"SitRecID","kba","ovl","year","random","nPAs","DOMAIN","range_countries","RangeName","COUNTRY","multiple_ranges","all_gmba_intersec","in_gmba","note","percPA"
31060,12164365023.3823,1859219.23830045,1980,FALSE,1,"15798","USA","Krenitzin Islands","USA",FALSE,"15798",TRUE,"",0.000152841454093712
31060,12164365023.3823,76018226.0132732,2013,FALSE,1,"15798","USA","Krenitzin Islands","USA",FALSE,"15798",TRUE,"",0.00624925558112988
31113,556897042.358007,29440204.4349954,1980,FALSE,1,"15798","USA","Krenitzin Islands","USA",FALSE,"15798",TRUE,"",0.0528647168071498
31119,1021921289.0415,168209799.513296,1980,FALSE,1,"15798","USA","Krenitzin Islands","USA",TRUE,"15796;15798",TRUE,"",0.164601521973445
31119,1021921289.0415,106513871.968975,2013,FALSE,1,"15798","USA","Krenitzin Islands","USA",TRUE,"15796;15798",TRUE,"",0.104229037119756
