"SitRecID","kba","ovl","year","random","nPAs","DOMAIN","range_countries","RangeName","COUNTRY","multiple_ranges","all_gmba_intersec","in_gmba","note","percPA"
29535,128029744.283244,318078.834237821,1995,TRUE,1,"15997","USA","Beech-Snake-Rich","USA",TRUE,"15991;15997;15999",TRUE,"",0.00248441357138172
29604,366442808.592477,4750215.86327381,1981,TRUE,1,"15997","USA","Beech-Snake-Rich","USA",FALSE,"15997",TRUE,"",0.0129630483990656
29604,366442808.592477,23878.2907204702,1996,TRUE,1,"15997","USA","Beech-Snake-Rich","USA",FALSE,"15997",TRUE,"",6.51623941323553e-05
29604,366442808.592477,278846.110567093,2001,TRUE,1,"15997","USA","Beech-Snake-Rich","USA",FALSE,"15997",TRUE,"",0.000760953971611977
29604,366442808.592477,7088927.45880873,2005,TRUE,2,"15997","USA","Beech-Snake-Rich","USA",FALSE,"15997",TRUE,"",0.0193452492246679
29604,366442808.592477,22785.7705569267,2007,TRUE,1,"15997","USA","Beech-Snake-Rich","USA",FALSE,"15997",TRUE,"",6.21809734633567e-05
29604,366442808.592477,1034.62413358688,2013,TRUE,1,"15997","USA","Beech-Snake-Rich","USA",FALSE,"15997",TRUE,"",2.82342594622315e-06
