"SitRecID","kba","ovl","year","random","nPAs","DOMAIN","range_countries","RangeName","COUNTRY","multiple_ranges","all_gmba_intersec","in_gmba","note","percPA"
16513,9670867334.80873,1040424.49196148,1983,FALSE,1,"12043","RUS","Eastern Sakhalin Mountains","RUS",TRUE,"12043;20726",TRUE,"",0.000107583369303045
16513,9670867334.80873,2043102.44759798,1986,FALSE,1,"12043","RUS","Eastern Sakhalin Mountains","RUS",TRUE,"12043;20726",TRUE,"",0.000211263620610756
16513,9670867334.80873,729477.998178959,1987,FALSE,1,"12043","RUS","Eastern Sakhalin Mountains","RUS",TRUE,"12043;20726",TRUE,"",7.54304627417771e-05
16513,9670867334.80873,607502987.766978,1989,FALSE,1,"12043","RUS","Eastern Sakhalin Mountains","RUS",TRUE,"12043;20726",TRUE,"",0.0628178390556935
16513,9670867334.80873,107761731.400317,1997,FALSE,1,"12043","RUS","Eastern Sakhalin Mountains","RUS",TRUE,"12043;20726",TRUE,"",0.0111429231391114
