"SitRecID","kba","ovl","year","random","nPAs","DOMAIN","range_countries","RangeName","COUNTRY","multiple_ranges","all_gmba_intersec","in_gmba","note","percPA"
1401,581192854.192617,123817811.801329,1985,FALSE,1,"20220","HUN","Matra","HUN",FALSE,"20220",TRUE,"",0.213040836459241
1401,581192854.192617,251613176.718136,2004,FALSE,1,"20220","HUN","Matra","HUN",FALSE,"20220",TRUE,"",0.432925447900892
1401,581192854.192617,44688.7279133665,2010,FALSE,6,"20220","HUN","Matra","HUN",FALSE,"20220",TRUE,"",7.68913925747543e-05
21932,571840464.881128,18450067.5759088,1993,FALSE,1,"20220","HUN","Matra","HUN",FALSE,"20220",TRUE,"",0.0322643616690262
21932,571840464.881128,28876.0869655609,1998,FALSE,1,"20220","HUN","Matra","HUN",FALSE,"20220",TRUE,"",5.0496753446022e-05
21932,571840464.881128,229458195.372664,2004,FALSE,2,"20220","HUN","Matra","HUN",FALSE,"20220",TRUE,"",0.401262606381594
21932,571840464.881128,12543633.4907408,2010,FALSE,8,"20220","HUN","Matra","HUN",FALSE,"20220",TRUE,"",0.0219355471693462
