"SitRecID","kba","ovl","year","random","nPAs","DOMAIN","range_countries","RangeName","COUNTRY","multiple_ranges","all_gmba_intersec","in_gmba","note","percPA"
3135,1211234295.08611,228691520.421477,1958,FALSE,1,"12683","ARM","Gegham Mountains","ARM",TRUE,"12683;12684",TRUE,"",0.188808656879402
3135,1211234295.08611,12897235.5729263,1993,FALSE,1,"12683","ARM","Gegham Mountains","ARM",TRUE,"12683;12684",TRUE,"",0.0106480105667826
3135,1211234295.08611,19948556.0447164,2011,FALSE,1,"12683","ARM","Gegham Mountains","ARM",TRUE,"12683;12684",TRUE,"",0.0164696096582191
3618,2220218850.39151,7580040.86715979,1958,FALSE,1,"12683","ARM","Gegham Mountains","ARM",TRUE,"12694;12695;12961;19544;12683;12684",TRUE,"",0.00341409625714291
3618,2220218850.39151,1510481260.03476,1978,FALSE,1,"12683","ARM","Gegham Mountains","ARM",TRUE,"12694;12695;12961;19544;12683;12684",TRUE,"",0.680329896202983
3618,2220218850.39151,685909172.030578,1993,FALSE,1,"12683","ARM","Gegham Mountains","ARM",TRUE,"12694;12695;12961;19544;12683;12684",TRUE,"",0.308937640048244
