"SitRecID","kba","ovl","year","random","nPAs","DOMAIN","range_countries","RangeName","COUNTRY","multiple_ranges","all_gmba_intersec","in_gmba","note","percPA"
3220,14757350.9122867,2567056.75662613,1955,FALSE,1,"15434","AUT","Türnitz Alps","AUT",TRUE,"15483;15434",TRUE,"",0.173951054757995
3220,14757350.9122867,0.00328293442726135,1996,FALSE,1,"15434","AUT","Türnitz Alps","AUT",TRUE,"15483;15434",TRUE,"",2.2246095839112e-10
3220,14757350.9122867,6410652.66791802,2004,FALSE,3,"15434","AUT","Türnitz Alps","AUT",TRUE,"15483;15434",TRUE,"",0.434404027255369
3220,14757350.9122867,108.187651507307,2006,FALSE,1,"15434","AUT","Türnitz Alps","AUT",TRUE,"15483;15434",TRUE,"",7.33110245533515e-06
3220,14757350.9122867,NA,2014,FALSE,1,"15434","AUT","Türnitz Alps","AUT",TRUE,"15483;15434",TRUE,"",NA
3228,202346081.376633,6970924.67650568,1955,FALSE,1,"15434","AUT","Türnitz Alps","AUT",TRUE,"15434;15436",TRUE,"",0.0344505049422256
