"SitRecID","kba","ovl","year","random","nPAs","DOMAIN","range_countries","RangeName","COUNTRY","multiple_ranges","all_gmba_intersec","in_gmba","note","percPA"
27175,17345005.07856,12210383.525723,2003,TRUE,1,"19470","IRL","Dartry Mountains (nn)","IRL",TRUE,"19015;19470",TRUE,"",0.703971170398569
27175,17345005.07856,1446833.10128486,2005,TRUE,1,"19470","IRL","Dartry Mountains (nn)","IRL",TRUE,"19015;19470",TRUE,"",0.08341497132643
27175,17345005.07856,2961298.23422876,2006,TRUE,1,"19470","IRL","Dartry Mountains (nn)","IRL",TRUE,"19015;19470",TRUE,"",0.170729165014151
27175,17345005.07856,2541.07569538802,2016,TRUE,1,"19470","IRL","Dartry Mountains (nn)","IRL",TRUE,"19015;19470",TRUE,"",0.00014650187093511
27175,17345005.07856,206125.605987962,2018,TRUE,1,"19470","IRL","Dartry Mountains (nn)","IRL",TRUE,"19015;19470",TRUE,"",0.0118838596503355
