"SitRecID","kba","ovl","year","random","nPAs","DOMAIN","range_countries","RangeName","COUNTRY","multiple_ranges","all_gmba_intersec","in_gmba","note","percPA"
6976,8099470804.41866,15145046.4390775,1951,FALSE,1,"14074","TZA","Ngorongoro Volcanic Complex","TZA",TRUE,"14074;18200",TRUE,"",0.00186988098417679
6976,8099470804.41866,7918251085.31737,1955,FALSE,1,"14074","TZA","Ngorongoro Volcanic Complex","TZA",TRUE,"14074;18200",TRUE,"",0.977625733399467
6976,8099470804.41866,38954995.9616556,1974,FALSE,1,"14074","TZA","Ngorongoro Volcanic Complex","TZA",TRUE,"14074;18200",TRUE,"",0.00480957298350945
6986,1191469629.30856,215957947.721261,1955,TRUE,1,"14074","TZA","Ngorongoro Volcanic Complex","TZA",FALSE,"14074",TRUE,"",0.18125342216787
6986,1191469629.30856,7278799.08179362,1979,TRUE,1,"14074","TZA","Ngorongoro Volcanic Complex","TZA",FALSE,"14074",TRUE,"",0.00610909325990767
6994,2255561823.57275,56330784.5096789,1953,TRUE,1,"14074","TZA","Ngorongoro Volcanic Complex","TZA",TRUE,"14074;18199",TRUE,"",0.0249741700364712
6994,2255561823.57275,64635382.681235,1974,TRUE,1,"14074","TZA","Ngorongoro Volcanic Complex","TZA",TRUE,"14074;18199",TRUE,"",0.0286560013588341
6994,2255561823.57275,2068244910.83915,1990,TRUE,1,"14074","TZA","Ngorongoro Volcanic Complex","TZA",TRUE,"14074;18199",TRUE,"",0.916953323657121
6994,2255561823.57275,51174076.6441748,2001,TRUE,1,"14074","TZA","Ngorongoro Volcanic Complex","TZA",TRUE,"14074;18199",TRUE,"",0.0226879512276531
