"SitRecID","kba","ovl","year","random","nPAs","DOMAIN","range_countries","RangeName","COUNTRY","multiple_ranges","all_gmba_intersec","in_gmba","note","percPA"
14440,2174252836.87766,59813394.7670259,1977,FALSE,1,"13080","COL","Serranía de Macuira","COL",FALSE,"13080",TRUE,"",0.0275098616649023
14440,2174252836.87766,14272945.9624938,2011,FALSE,1,"13080","COL","Serranía de Macuira","COL",FALSE,"13080",TRUE,"",0.00656452907426832
14440,2174252836.87766,167156995.334837,2014,FALSE,2,"13080","COL","Serranía de Macuira","COL",FALSE,"13080",TRUE,"",0.0768802010969815
14440,2174252836.87766,98604115.417527,2018,FALSE,1,"13080","COL","Serranía de Macuira","COL",FALSE,"13080",TRUE,"",0.0453508045362045
14428,240499243.201,240497229.272545,1977,FALSE,1,"13080","COL","Serranía de Macuira","COL",FALSE,"13080",TRUE,"",0.99999162605076
