"SitRecID","kba","ovl","year","random","nPAs","DOMAIN","range_countries","RangeName","COUNTRY","multiple_ranges","all_gmba_intersec","in_gmba","note","percPA"
1056,61606684.2204615,7758481.04738069,1976,FALSE,1,"19964","GRC","Aroania Mountains","GRC",FALSE,"19964",TRUE,"",0.1259357023601
1056,61606684.2204615,16564938.5361945,1977,FALSE,2,"19964","GRC","Aroania Mountains","GRC",FALSE,"19964",TRUE,"",0.268882163450257
1056,61606684.2204615,11309320.0847615,1982,FALSE,1,"19964","GRC","Aroania Mountains","GRC",FALSE,"19964",TRUE,"",0.183572939005948
1056,61606684.2204615,16573110.2083636,2006,FALSE,2,"19964","GRC","Aroania Mountains","GRC",FALSE,"19964",TRUE,"",0.269014806072928
1056,61606684.2204615,9400836.24887655,2009,FALSE,4,"19964","GRC","Aroania Mountains","GRC",FALSE,"19964",TRUE,"",0.152594420034608
1121,186712397.276906,147561.586586952,1977,FALSE,1,"19964","GRC","Aroania Mountains","GRC",TRUE,"19964;19965;20895",TRUE,"",0.000790314883955508
1121,186712397.276906,4981026.82054379,1978,FALSE,1,"19964","GRC","Aroania Mountains","GRC",TRUE,"19964;19965;20895",TRUE,"",0.026677536645607
1121,186712397.276906,151316671.715953,2006,FALSE,3,"19964","GRC","Aroania Mountains","GRC",TRUE,"19964;19965;20895",TRUE,"",0.81042648438358
1121,186712397.276906,30122809.3316075,2009,FALSE,5,"19964","GRC","Aroania Mountains","GRC",TRUE,"19964;19965;20895",TRUE,"",0.161332668697588
