"SitRecID","kba","ovl","year","random","nPAs","DOMAIN","range_countries","RangeName","COUNTRY","multiple_ranges","all_gmba_intersec","in_gmba","note","percPA"
1835,467268737.594896,369620540.880735,1987,FALSE,1,"17855","ESP","Sierra del Cabo de Gata","ESP",TRUE,"17855;17857",TRUE,"",0.791023475662482
1835,467268737.594896,657496.567044034,1989,FALSE,2,"17855","ESP","Sierra del Cabo de Gata","ESP",TRUE,"17855;17857",TRUE,"",0.0014071058347029
1835,467268737.594896,0.000145049578108569,1992,FALSE,1,"17855","ESP","Sierra del Cabo de Gata","ESP",TRUE,"17855;17857",TRUE,"",3.10420035492127e-13
1835,467268737.594896,9377.03604489879,1995,FALSE,1,"17855","ESP","Sierra del Cabo de Gata","ESP",TRUE,"17855;17857",TRUE,"",2.00677582094703e-05
1835,467268737.594896,7559415.75874034,2001,FALSE,1,"17855","ESP","Sierra del Cabo de Gata","ESP",TRUE,"17855;17857",TRUE,"",0.0161778761353687
1835,467268737.594896,6931614.13861339,2006,FALSE,3,"17855","ESP","Sierra del Cabo de Gata","ESP",TRUE,"17855;17857",TRUE,"",0.0148343203405635
1835,467268737.594896,0.43703706016503,2015,FALSE,2,"17855","ESP","Sierra del Cabo de Gata","ESP",TRUE,"17855;17857",TRUE,"",9.35301305228609e-10
1835,467268737.594896,15069.8172084391,2016,FALSE,1,"17855","ESP","Sierra del Cabo de Gata","ESP",TRUE,"17855;17857",TRUE,"",3.22508569394259e-05
1835,467268737.594896,5968634.71906915,2019,FALSE,1,"17855","ESP","Sierra del Cabo de Gata","ESP",TRUE,"17855;17857",TRUE,"",0.0127734518465554
