"SitRecID","kba","ovl","year","random","nPAs","DOMAIN","range_countries","RangeName","COUNTRY","multiple_ranges","all_gmba_intersec","in_gmba","note","percPA"
2396,122554886.477203,962981.505892202,1980,FALSE,1,"15129","FRA","Monts du Beaujolais","FRA",FALSE,"15129",TRUE,"",0.00785755291831083
2396,122554886.477203,9578.22645840049,1988,FALSE,1,"15129","FRA","Monts du Beaujolais","FRA",FALSE,"15129",TRUE,"",7.81545863549239e-05
2396,122554886.477203,15522450.4781078,1994,FALSE,1,"15129","FRA","Monts du Beaujolais","FRA",FALSE,"15129",TRUE,"",0.126657132361631
2396,122554886.477203,21937625.9250825,2003,FALSE,1,"15129","FRA","Monts du Beaujolais","FRA",FALSE,"15129",TRUE,"",0.179002458046935
2396,122554886.477203,7895849.00811828,2004,FALSE,2,"15129","FRA","Monts du Beaujolais","FRA",FALSE,"15129",TRUE,"",0.0644270435482554
2396,122554886.477203,7397864.11341363,2012,FALSE,1,"15129","FRA","Monts du Beaujolais","FRA",FALSE,"15129",TRUE,"",0.060363681335462
2396,122554886.477203,110338.227968351,2018,FALSE,4,"15129","FRA","Monts du Beaujolais","FRA",FALSE,"15129",TRUE,"",0.000900316838764935
