"SitRecID","kba","ovl","year","random","nPAs","DOMAIN","range_countries","RangeName","COUNTRY","multiple_ranges","all_gmba_intersec","in_gmba","note","percPA"
23487,79547900.7459711,75973864.1328766,1987,FALSE,1,"11262","HND","Cordillera Nombre de Dios","HND",TRUE,"11262;15349",TRUE,"",0.955070635685185
23828,493401190.96977,7893331.3142181,1987,FALSE,1,"11262","HND","Cordillera Nombre de Dios","HND",TRUE,"11262;11920",TRUE,"",0.0159977954222282
23828,493401190.96977,20163799.4220073,2005,FALSE,1,"11262","HND","Cordillera Nombre de Dios","HND",TRUE,"11262;11920",TRUE,"",0.0408669451777687
23472,964550739.739485,700333321.983063,1987,FALSE,1,"11262","HND","Cordillera Nombre de Dios","HND",TRUE,"11262;11920",TRUE,"",0.726072038649015
23472,964550739.739485,1506894.79147096,2005,FALSE,1,"11262","HND","Cordillera Nombre de Dios","HND",TRUE,"11262;11920",TRUE,"",0.00156227633175416
26684,291379313.146364,256220237.904606,1987,FALSE,1,"11262","HND","Cordillera Nombre de Dios","HND",FALSE,"11262",TRUE,"",0.879335719265364
