"SitRecID","kba","ovl","year","random","nPAs","DOMAIN","range_countries","RangeName","COUNTRY","multiple_ranges","all_gmba_intersec","in_gmba","note","percPA"
29552,817277927.454944,12790373.4025313,1981,TRUE,1,"15908","USA","Northern Allegheny Plateau","USA",FALSE,"15908",TRUE,"",0.0156499679886882
29552,817277927.454944,1862174.35137922,1992,TRUE,1,"15908","USA","Northern Allegheny Plateau","USA",FALSE,"15908",TRUE,"",0.00227850806784682
29552,817277927.454944,13117.5155054955,1994,TRUE,1,"15908","USA","Northern Allegheny Plateau","USA",FALSE,"15908",TRUE,"",1.60502505510509e-05
29552,817277927.454944,3404450.54469321,1999,TRUE,1,"15908","USA","Northern Allegheny Plateau","USA",FALSE,"15908",TRUE,"",0.00416559707576453
29552,817277927.454944,11885219.2966846,2001,TRUE,1,"15908","USA","Northern Allegheny Plateau","USA",FALSE,"15908",TRUE,"",0.014542444984041
29552,817277927.454944,2967582.54665525,2003,TRUE,1,"15908","USA","Northern Allegheny Plateau","USA",FALSE,"15908",TRUE,"",0.00363105676412489
29552,817277927.454944,11467492.09112,2007,TRUE,1,"15908","USA","Northern Allegheny Plateau","USA",FALSE,"15908",TRUE,"",0.014031324847877
29552,817277927.454944,4491482.08864043,2009,TRUE,1,"15908","USA","Northern Allegheny Plateau","USA",FALSE,"15908",TRUE,"",0.00549566057978243
