"SitRecID","kba","ovl","year","random","nPAs","DOMAIN","range_countries","RangeName","COUNTRY","multiple_ranges","all_gmba_intersec","in_gmba","note","percPA"
26461,1447937715.84491,863899724.330906,1991,TRUE,1,"15236","IDN","Waigeo Highlands","IDN",FALSE,"15236",TRUE,"",0.596641495609361
26461,1447937715.84491,8169062.5838852,2009,TRUE,2,"15236","IDN","Waigeo Highlands","IDN",FALSE,"15236",TRUE,"",0.00564186048508196
26452,1544781419.84782,19818103.8917689,1991,TRUE,1,"15236","IDN","Waigeo Highlands","IDN",FALSE,"15236",TRUE,"",0.0128290667127011
26452,1544781419.84782,91165444.536405,2009,TRUE,4,"15236","IDN","Waigeo Highlands","IDN",FALSE,"15236",TRUE,"",0.0590151094291294
26452,1544781419.84782,946796480.202021,2014,TRUE,1,"15236","IDN","Waigeo Highlands","IDN",FALSE,"15236",TRUE,"",0.61289996632358
