"SitRecID","kba","ovl","year","random","nPAs","DOMAIN","range_countries","RangeName","COUNTRY","multiple_ranges","all_gmba_intersec","in_gmba","note","percPA"
1826,40323943.1596894,25591518.776226,1989,FALSE,1,"17852","ESP","Sierra de Carrascoy","ESP",FALSE,"17852",TRUE,"",0.634648220658368
1826,40323943.1596894,11986131.7627348,1990,FALSE,1,"17852","ESP","Sierra de Carrascoy","ESP",FALSE,"17852",TRUE,"",0.297246023665586
1826,40323943.1596894,55324.4226360963,1996,FALSE,1,"17852","ESP","Sierra de Carrascoy","ESP",FALSE,"17852",TRUE,"",0.0013719993210238
1826,40323943.1596894,0.0132156027451825,2011,FALSE,1,"17852","ESP","Sierra de Carrascoy","ESP",FALSE,"17852",TRUE,"",3.27735873767268e-10
1826,40323943.1596894,26110.3145515123,2014,FALSE,1,"17852","ESP","Sierra de Carrascoy","ESP",FALSE,"17852",TRUE,"",0.000647513921148812
1910,277568141.071617,22938092.0664422,1992,FALSE,1,"17852","ESP","Sierra de Carrascoy","ESP",FALSE,"17852",TRUE,"",0.0826394988195846
1910,277568141.071617,126023434.86625,2001,FALSE,1,"17852","ESP","Sierra de Carrascoy","ESP",FALSE,"17852",TRUE,"",0.454027016139918
1910,277568141.071617,45892404.1229953,2004,FALSE,1,"17852","ESP","Sierra de Carrascoy","ESP",FALSE,"17852",TRUE,"",0.165337433704808
1910,277568141.071617,0.0373184195115925,2006,FALSE,1,"17852","ESP","Sierra de Carrascoy","ESP",FALSE,"17852",TRUE,"",1.3444777692251e-10
1910,277568141.071617,56409281.552538,2009,FALSE,1,"17852","ESP","Sierra de Carrascoy","ESP",FALSE,"17852",TRUE,"",0.203226787248554
1910,277568141.071617,48018.1877866238,2013,FALSE,1,"17852","ESP","Sierra de Carrascoy","ESP",FALSE,"17852",TRUE,"",0.000172996034779922
1910,277568141.071617,411562.486925247,2018,FALSE,1,"17852","ESP","Sierra de Carrascoy","ESP",FALSE,"17852",TRUE,"",0.00148274396815252
