"SitRecID","kba","ovl","year","random","nPAs","DOMAIN","range_countries","RangeName","COUNTRY","multiple_ranges","all_gmba_intersec","in_gmba","note","percPA"
26042,58629444.0389214,58273.001451723,1980,FALSE,1,"15794","USA","Andreanof Islands","USA",FALSE,"15794",TRUE,"",0.000993920416728467
31076,12156407764.0651,9782669.21422191,1980,FALSE,1,"15794","USA","Andreanof Islands","USA",FALSE,"15794",TRUE,"",0.000804733553208041
31076,12156407764.0651,91704403.6956028,2013,FALSE,1,"15794","USA","Andreanof Islands","USA",FALSE,"15794",TRUE,"",0.00754370908539984
31102,2959209815.75604,2538472.63131332,1980,FALSE,1,"15794","USA","Andreanof Islands","USA",FALSE,"15794",TRUE,"",0.000857821104065503
31102,2959209815.75604,162660911.788738,2013,FALSE,1,"15794","USA","Andreanof Islands","USA",FALSE,"15794",TRUE,"",0.0549676845902124
