"SitRecID","kba","ovl","year","random","nPAs","DOMAIN","range_countries","RangeName","COUNTRY","multiple_ranges","all_gmba_intersec","in_gmba","note","percPA"
31373,311206752.292017,21056.9018758526,1983,TRUE,1,"11799","USA","San Jacinto Mountains","USA",TRUE,"11795;11799",TRUE,"",6.766209833421e-05
31373,311206752.292017,11902368.0100492,1994,TRUE,1,"11799","USA","San Jacinto Mountains","USA",TRUE,"11795;11799",TRUE,"",0.038245853993813
31373,311206752.292017,54138.7153177261,1998,TRUE,1,"11799","USA","San Jacinto Mountains","USA",TRUE,"11795;11799",TRUE,"",0.000173963819611876
31373,311206752.292017,39741515.3513321,2000,TRUE,1,"11799","USA","San Jacinto Mountains","USA",TRUE,"11795;11799",TRUE,"",0.127701327360793
31373,311206752.292017,271652.305724129,2006,TRUE,1,"11799","USA","San Jacinto Mountains","USA",TRUE,"11795;11799",TRUE,"",0.000872899780366036
