"SitRecID","kba","ovl","year","random","nPAs","DOMAIN","range_countries","RangeName","COUNTRY","multiple_ranges","all_gmba_intersec","in_gmba","note","percPA"
30182,20155179.9981409,839434.351224065,2005,FALSE,1,"17064","USA","Oak Ridge","USA",TRUE,"11808;17064",TRUE,"",0.0416485663388514
26222,137584393.680607,2252980.84328418,2002,FALSE,1,"17064","USA","Oak Ridge","USA",TRUE,"11798;17059;17064;17066;17067;17069;17070",TRUE,"",0.0163752645413718
26222,137584393.680607,4980684.59663032,2003,FALSE,1,"17064","USA","Oak Ridge","USA",TRUE,"11798;17059;17064;17066;17067;17069;17070",TRUE,"",0.0362009415703983
26222,137584393.680607,1624303.04155533,2004,FALSE,1,"17064","USA","Oak Ridge","USA",TRUE,"11798;17059;17064;17066;17067;17069;17070",TRUE,"",0.0118058669163164
26222,137584393.680607,301125.658219339,2006,FALSE,1,"17064","USA","Oak Ridge","USA",TRUE,"11798;17059;17064;17066;17067;17069;17070",TRUE,"",0.00218866144744863
26222,137584393.680607,3984.3936378262,2009,FALSE,2,"17064","USA","Oak Ridge","USA",TRUE,"11798;17059;17064;17066;17067;17069;17070",TRUE,"",2.89596336563848e-05
26222,137584393.680607,595016.43090035,2010,FALSE,1,"17064","USA","Oak Ridge","USA",TRUE,"11798;17059;17064;17066;17067;17069;17070",TRUE,"",0.00432473782078541
