"SitRecID","kba","ovl","year","random","nPAs","DOMAIN","range_countries","RangeName","COUNTRY","multiple_ranges","all_gmba_intersec","in_gmba","note","percPA"
15049,32487322.3214949,5501931.38841021,1972,FALSE,1,"18941","JPN","Ogasawara Islands","JPN",FALSE,"18941",TRUE,"",0.169356259465247
15049,32487322.3214949,3493196.3097475,1975,FALSE,1,"18941","JPN","Ogasawara Islands","JPN",FALSE,"18941",TRUE,"",0.107524906952281
15049,32487322.3214949,758065.874708947,2002,FALSE,1,"18941","JPN","Ogasawara Islands","JPN",FALSE,"18941",TRUE,"",0.0233342061006788
15049,32487322.3214949,4863.8695197638,2007,FALSE,1,"18941","JPN","Ogasawara Islands","JPN",FALSE,"18941",TRUE,"",0.0001497159252348
15049,32487322.3214949,0.00246261106804013,2009,FALSE,1,"18941","JPN","Ogasawara Islands","JPN",FALSE,"18941",TRUE,"",7.58022173594396e-11
15049,32487322.3214949,1603.64981037169,2011,FALSE,1,"18941","JPN","Ogasawara Islands","JPN",FALSE,"18941",TRUE,"",4.93623264639034e-05
45073,337164191.674498,328573288.21435,1972,FALSE,1,"18941","JPN","Ogasawara Islands","JPN",FALSE,"18941",TRUE,"",0.974520119062816
45073,337164191.674498,8365499.53025548,1980,FALSE,1,"18941","JPN","Ogasawara Islands","JPN",FALSE,"18941",TRUE,"",0.0248113522634445
