"SitRecID","kba","ovl","year","random","nPAs","DOMAIN","range_countries","RangeName","COUNTRY","multiple_ranges","all_gmba_intersec","in_gmba","note","percPA"
1915,6988018.70109376,6019994.42557764,1995,FALSE,1,"14996","ESP","Serra Calderona","ESP",FALSE,"14996",TRUE,"",0.861473714235394
1915,6988018.70109376,11806.6562433178,2011,FALSE,1,"14996","ESP","Serra Calderona","ESP",FALSE,"14996",TRUE,"",0.00168955704733157
1915,6988018.70109376,2316.20663452381,2015,FALSE,1,"14996","ESP","Serra Calderona","ESP",FALSE,"14996",TRUE,"",0.000331453983396078
30025,188846454.309237,180502683.371149,2000,FALSE,1,"14996","ESP","Serra Calderona","ESP",FALSE,"14996",TRUE,"",0.955817169199137
30025,188846454.309237,363646.575825321,2002,FALSE,1,"14996","ESP","Serra Calderona","ESP",FALSE,"14996",TRUE,"",0.00192562035202339
30025,188846454.309237,337650.904115696,2006,FALSE,5,"14996","ESP","Serra Calderona","ESP",FALSE,"14996",TRUE,"",0.00178796528296365
