"SitRecID","kba","ovl","year","random","nPAs","DOMAIN","range_countries","RangeName","COUNTRY","multiple_ranges","all_gmba_intersec","in_gmba","note","percPA"
449,514743939.671803,19473716.6600723,1995,FALSE,2,"20166","ROU","Curbura Subcarpathians","ROU",FALSE,"20166",TRUE,"",0.0378318522263489
449,514743939.671803,5738747.89404346,2000,FALSE,2,"20166","ROU","Curbura Subcarpathians","ROU",FALSE,"20166",TRUE,"",0.0111487429996795
449,514743939.671803,22134997.4236106,2007,FALSE,1,"20166","ROU","Curbura Subcarpathians","ROU",FALSE,"20166",TRUE,"",0.0430019582896375
449,514743939.671803,16531865.7024521,2008,FALSE,1,"20166","ROU","Curbura Subcarpathians","ROU",FALSE,"20166",TRUE,"",0.0321166786596705
449,514743939.671803,43240846.9940132,2009,FALSE,1,"20166","ROU","Curbura Subcarpathians","ROU",FALSE,"20166",TRUE,"",0.0840045771526388
449,514743939.671803,0.00232495413286671,2016,FALSE,1,"20166","ROU","Curbura Subcarpathians","ROU",FALSE,"20166",TRUE,"",4.516719777894e-12
24394,332900669.154606,2011914.3138357,1973,FALSE,1,"20166","ROU","Curbura Subcarpathians","ROU",FALSE,"20166",TRUE,"",0.00604358747293872
24394,332900669.154606,0.196162043716228,2009,FALSE,1,"20166","ROU","Curbura Subcarpathians","ROU",FALSE,"20166",TRUE,"",5.89250974515543e-10
24394,332900669.154606,263557333.603423,2011,FALSE,1,"20166","ROU","Curbura Subcarpathians","ROU",FALSE,"20166",TRUE,"",0.791699621009236
