"SitRecID","kba","ovl","year","random","nPAs","DOMAIN","range_countries","RangeName","COUNTRY","multiple_ranges","all_gmba_intersec","in_gmba","note","percPA"
3151,6326155.38095009,6326151.87598801,1983,FALSE,1,"20551","NOR","Arctic Fjords and Islands (nn)","NOR",FALSE,"20551",TRUE,"",0.999999445957003
3152,49772916.0728569,24435277.8890178,2004,FALSE,1,"20551","NOR","Arctic Fjords and Islands (nn)","NOR",FALSE,"20551",TRUE,"",0.490935227770254
32098,52750647.608996,50764.9792868183,2000,FALSE,1,"20551","NOR","Arctic Fjords and Islands (nn)","NOR",TRUE,"20388;20551",TRUE,"",0.000962357460767192
32098,52750647.608996,24005091.3686386,2013,FALSE,1,"20551","NOR","Arctic Fjords and Islands (nn)","NOR",TRUE,"20388;20551",TRUE,"",0.455067235317597
32098,52750647.608996,73153.8323253788,2015,FALSE,1,"20551","NOR","Arctic Fjords and Islands (nn)","NOR",TRUE,"20388;20551",TRUE,"",0.00138678548304501
3153,7602220.99880302,7592507.83566056,2004,FALSE,1,"20551","NOR","Arctic Fjords and Islands (nn)","NOR",FALSE,"20551",TRUE,"",0.998722325601428
44656,302884.385998726,302882.027531385,1983,FALSE,1,"20551","NOR","Arctic Fjords and Islands (nn)","NOR",FALSE,"20551",TRUE,"",0.99999221330828
44507,12164939.6431904,1582744.32434671,1983,FALSE,1,"20551","NOR","Arctic Fjords and Islands (nn)","NOR",FALSE,"20551",TRUE,"",0.13010704292583
