"SitRecID","kba","ovl","year","random","nPAs","DOMAIN","range_countries","RangeName","COUNTRY","multiple_ranges","all_gmba_intersec","in_gmba","note","percPA"
3118,529126255.129899,61496.2872284222,1979,FALSE,2,"20277","SVK","Levoča Mountains","SVK",TRUE,"20271;20277;20287;20281",TRUE,"",0.000116222331876775
3118,529126255.129899,156971.846473113,1980,FALSE,1,"20277","SVK","Levoča Mountains","SVK",TRUE,"20271;20277;20287;20281",TRUE,"",0.00029666236545865
3118,529126255.129899,39788.3016514555,1986,FALSE,1,"20277","SVK","Levoča Mountains","SVK",TRUE,"20271;20277;20287;20281",TRUE,"",7.51962339152639e-05
3118,529126255.129899,530201.924524374,1987,FALSE,1,"20277","SVK","Levoča Mountains","SVK",TRUE,"20271;20277;20287;20281",TRUE,"",0.0010020329163107
3118,529126255.129899,2138830.21304265,1988,FALSE,2,"20277","SVK","Levoča Mountains","SVK",TRUE,"20271;20277;20287;20281",TRUE,"",0.00404219256237355
3118,529126255.129899,7965.55989725888,1990,FALSE,2,"20277","SVK","Levoča Mountains","SVK",TRUE,"20271;20277;20287;20281",TRUE,"",1.5054176238719e-05
3118,529126255.129899,974591.0397498,2004,FALSE,3,"20277","SVK","Levoča Mountains","SVK",TRUE,"20271;20277;20287;20281",TRUE,"",0.00184188750851258
3118,529126255.129899,191466.377234831,2009,FALSE,1,"20277","SVK","Levoča Mountains","SVK",TRUE,"20271;20277;20287;20281",TRUE,"",0.000361853858844761
3118,529126255.129899,438804573.937221,2011,FALSE,1,"20277","SVK","Levoča Mountains","SVK",TRUE,"20271;20277;20287;20281",TRUE,"",0.829300322338939
