"SitRecID","kba","ovl","year","random","nPAs","DOMAIN","range_countries","RangeName","COUNTRY","multiple_ranges","all_gmba_intersec","in_gmba","note","percPA"
20364,713619541.982042,612723.978677511,1980,FALSE,1,"14553","GTM","Sierra de Santa Cruz","GTM",TRUE,"11893;11903;14553",TRUE,"",0.000858614349287159
20364,713619541.982042,1789151.2928915,1996,FALSE,1,"14553","GTM","Sierra de Santa Cruz","GTM",TRUE,"11893;11903;14553",TRUE,"",0.00250715008157179
20364,713619541.982042,186404.86972779,2010,FALSE,1,"14553","GTM","Sierra de Santa Cruz","GTM",TRUE,"11893;11903;14553",TRUE,"",0.000261210433237381
26612,1277003368.21352,1962552.68121189,2005,FALSE,2,"14553","GTM","Sierra de Santa Cruz","GTM",TRUE,"11893;14553",TRUE,"",0.00153684221205887
20368,1630800300.11635,13528123.8215446,1999,FALSE,1,"14553","GTM","Sierra de Santa Cruz","GTM",TRUE,"11893;11902;14553",TRUE,"",0.00829538958300382
20368,1630800300.11635,6177634.18550348,2000,FALSE,1,"14553","GTM","Sierra de Santa Cruz","GTM",TRUE,"11893;11902;14553",TRUE,"",0.00378809973548738
20368,1630800300.11635,4084451.64992356,2002,FALSE,2,"14553","GTM","Sierra de Santa Cruz","GTM",TRUE,"11893;11902;14553",TRUE,"",0.00250456886084223
20368,1630800300.11635,10046708.0510256,2005,FALSE,1,"14553","GTM","Sierra de Santa Cruz","GTM",TRUE,"11893;11902;14553",TRUE,"",0.00616059982961057
