"SitRecID","kba","ovl","year","random","nPAs","DOMAIN","range_countries","RangeName","COUNTRY","multiple_ranges","all_gmba_intersec","in_gmba","note","percPA"
7017,57575612.0841452,55791278.2259824,1958,TRUE,2,"12150","TZA","Nguu","TZA",FALSE,"12150",TRUE,"",0.969008859939604
7019,48427954.8665259,45555146.4415094,1947,FALSE,1,"12150","TZA","Nguu","TZA",FALSE,"12150",TRUE,"",0.940678716808622
7019,48427954.8665259,2869979.97695189,1954,FALSE,1,"12150","TZA","Nguu","TZA",FALSE,"12150",TRUE,"",0.0592628779154923
7023,295684216.492006,169969235.470999,1934,FALSE,2,"12150","TZA","Nguu","TZA",TRUE,"11671;12150",TRUE,"",0.574833643430523
7023,295684216.492006,10155622.1934935,1954,FALSE,1,"12150","TZA","Nguu","TZA",TRUE,"11671;12150",TRUE,"",0.0343461761807231
7023,295684216.492006,29170225.8572098,1958,FALSE,1,"12150","TZA","Nguu","TZA",TRUE,"11671;12150",TRUE,"",0.0986533072454291
7023,295684216.492006,4151756.62909974,1959,FALSE,1,"12150","TZA","Nguu","TZA",TRUE,"11671;12150",TRUE,"",0.014041184471583
7023,295684216.492006,3939839.55744964,1960,FALSE,1,"12150","TZA","Nguu","TZA",TRUE,"11671;12150",TRUE,"",0.0133244838165251
7023,295684216.492006,2461548.80352849,1962,FALSE,1,"12150","TZA","Nguu","TZA",TRUE,"11671;12150",TRUE,"",0.00832492458587162
7023,295684216.492006,51081319.2302168,1969,FALSE,1,"12150","TZA","Nguu","TZA",TRUE,"11671;12150",TRUE,"",0.172756327125759
7023,295684216.492006,4993819.26450887,2019,FALSE,1,"12150","TZA","Nguu","TZA",TRUE,"11671;12150",TRUE,"",0.0168890288557011
