"SitRecID","kba","ovl","year","random","nPAs","DOMAIN","range_countries","RangeName","COUNTRY","multiple_ranges","all_gmba_intersec","in_gmba","note","percPA"
2397,50791214.7897291,23579899.7726148,2006,FALSE,1,"10016","FRA","Diois Massif","FRA",FALSE,"10016",TRUE,"",0.464251541732824
2397,50791214.7897291,25287700.8470277,2018,FALSE,1,"10016","FRA","Diois Massif","FRA",FALSE,"10016",TRUE,"",0.497875487950355
2398,21243548.107695,2851146.84830976,1987,FALSE,1,"10016","FRA","Diois Massif","FRA",TRUE,"15132;10014;10016",TRUE,"",0.134212365743037
2398,21243548.107695,581629.194725692,2005,FALSE,1,"10016","FRA","Diois Massif","FRA",TRUE,"15132;10014;10016",TRUE,"",0.0273790984338916
2398,21243548.107695,1841232.70242167,2006,FALSE,2,"10016","FRA","Diois Massif","FRA",TRUE,"15132;10014;10016",TRUE,"",0.0866725602092206
2398,21243548.107695,373897.045430087,2017,FALSE,2,"10016","FRA","Diois Massif","FRA",TRUE,"15132;10014;10016",TRUE,"",0.0176004989154637
2398,21243548.107695,3333073.41778668,2018,FALSE,2,"10016","FRA","Diois Massif","FRA",TRUE,"15132;10014;10016",TRUE,"",0.156898150953387
