"SitRecID","kba","ovl","year","random","nPAs","DOMAIN","range_countries","RangeName","COUNTRY","multiple_ranges","all_gmba_intersec","in_gmba","note","percPA"
10023,1923377705.60296,1282762539.30567,2007,FALSE,2,"18437","MEX","Sierra de Coalcoman","MEX",TRUE,"17754;18437;21001",TRUE,"",0.666932207630814
10025,4385763523.55553,2199586.90263962,2002,FALSE,1,"18437","MEX","Sierra de Coalcoman","MEX",FALSE,"18437",TRUE,"",0.000501528842315788
10025,4385763523.55553,387337.5297112,2004,FALSE,1,"18437","MEX","Sierra de Coalcoman","MEX",FALSE,"18437",TRUE,"",8.83170119936577e-05
10025,4385763523.55553,21831163.7449794,2005,FALSE,1,"18437","MEX","Sierra de Coalcoman","MEX",FALSE,"18437",TRUE,"",0.00497773389461749
10025,4385763523.55553,593282.190755547,2008,FALSE,2,"18437","MEX","Sierra de Coalcoman","MEX",FALSE,"18437",TRUE,"",0.000135274550843675
