"SitRecID","kba","ovl","year","random","nPAs","DOMAIN","range_countries","RangeName","COUNTRY","multiple_ranges","all_gmba_intersec","in_gmba","note","percPA"
30182,20155179.9981409,839434.351224065,2005,FALSE,1,"17064","USA","Oak Ridge","USA",TRUE,"11808;17064",TRUE,"",0.0416485663388514
26222,137584393.680607,1625586.53348078,1973,TRUE,1,"17064","USA","Oak Ridge","USA",TRUE,"11798;17059;17064;17066;17067;17069;17070",TRUE,"",0.0118151956773126
26222,137584393.680607,595016.43090035,1979,TRUE,1,"17064","USA","Oak Ridge","USA",TRUE,"11798;17059;17064;17066;17067;17069;17070",TRUE,"",0.00432473782078541
26222,137584393.680607,2251697.28837323,2002,TRUE,1,"17064","USA","Oak Ridge","USA",TRUE,"11798;17059;17064;17066;17067;17069;17070",TRUE,"",0.0163659353225802
26222,137584393.680607,5281810.25484966,2008,TRUE,2,"17064","USA","Oak Ridge","USA",TRUE,"11798;17059;17064;17066;17067;17069;17070",TRUE,"",0.0383896030178469
26222,137584393.680607,3984.3936378262,2009,TRUE,2,"17064","USA","Oak Ridge","USA",TRUE,"11798;17059;17064;17066;17067;17069;17070",TRUE,"",2.89596336563848e-05
