"SitRecID","kba","ovl","year","random","nPAs","DOMAIN","range_countries","RangeName","COUNTRY","multiple_ranges","all_gmba_intersec","in_gmba","note","percPA"
1700,253807153.962941,28607376.3895234,1989,TRUE,1,"20998","ESP","Sierra de Solorio","ESP",TRUE,"12798;15035;15036;20998",TRUE,"",0.112713041940892
1700,253807153.962941,286372.138063915,2004,TRUE,1,"20998","ESP","Sierra de Solorio","ESP",TRUE,"12798;15035;15036;20998",TRUE,"",0.00112830601341414
1700,253807153.962941,8524.48442370817,2005,TRUE,2,"20998","ESP","Sierra de Solorio","ESP",TRUE,"12798;15035;15036;20998",TRUE,"",3.35864623617065e-05
1801,106070637.126036,24597136.8303645,2001,FALSE,1,"20998","ESP","Sierra de Solorio","ESP",FALSE,"20998",TRUE,"",0.231893929336331
1801,106070637.126036,55806154.015702,2004,FALSE,1,"20998","ESP","Sierra de Solorio","ESP",FALSE,"20998",TRUE,"",0.526122549347864
1801,106070637.126036,2199621.16675746,2005,FALSE,1,"20998","ESP","Sierra de Solorio","ESP",FALSE,"20998",TRUE,"",0.02073732397915
1801,106070637.126036,NA,2006,FALSE,1,"20998","ESP","Sierra de Solorio","ESP",FALSE,"20998",TRUE,"",NA
1801,106070637.126036,3518.65397324786,2015,FALSE,1,"20998","ESP","Sierra de Solorio","ESP",FALSE,"20998",TRUE,"",3.31727428870528e-05
