"SitRecID","kba","ovl","year","random","nPAs","DOMAIN","range_countries","RangeName","COUNTRY","multiple_ranges","all_gmba_intersec","in_gmba","note","percPA"
23840,158328362.244713,56232099.0769489,1992,FALSE,3,"19831","AUS","Cambewarra Range","AUS",TRUE,"14392;19831",TRUE,"",0.355161250199988
23840,158328362.244713,3387084.51047052,1998,FALSE,3,"19831","AUS","Cambewarra Range","AUS",TRUE,"14392;19831",TRUE,"",0.021392784353036
23840,158328362.244713,3808359.61150402,2001,FALSE,1,"19831","AUS","Cambewarra Range","AUS",TRUE,"14392;19831",TRUE,"",0.024053552740082
23840,158328362.244713,8107.31453766953,2010,FALSE,1,"19831","AUS","Cambewarra Range","AUS",TRUE,"14392;19831",TRUE,"",5.12056994888814e-05
23840,158328362.244713,19606206.1660234,2016,FALSE,1,"19831","AUS","Cambewarra Range","AUS",TRUE,"14392;19831",TRUE,"",0.123832558412497
47016,123950761.829797,1177193.18663836,2001,FALSE,1,"19831","AUS","Cambewarra Range","AUS",FALSE,"19831",TRUE,"",0.00949726463363586
47016,123950761.829797,78976137.9616563,2016,FALSE,1,"19831","AUS","Cambewarra Range","AUS",FALSE,"19831",TRUE,"",0.637157342123497
