"SitRecID","kba","ovl","year","random","nPAs","DOMAIN","range_countries","RangeName","COUNTRY","multiple_ranges","all_gmba_intersec","in_gmba","note","percPA"
1807,788219270.211599,21996810.4629619,1990,TRUE,1,"15033","ESP","Montes Universales","ESP",TRUE,"12798;15033;15034",TRUE,"",0.0279069686497982
1807,788219270.211599,608671.476770371,2000,TRUE,1,"15033","ESP","Montes Universales","ESP",TRUE,"12798;15033;15034",TRUE,"",0.000772210855244598
1807,788219270.211599,317870988.882083,2001,TRUE,1,"15033","ESP","Montes Universales","ESP",TRUE,"12798;15033;15034",TRUE,"",0.403277363159049
1807,788219270.211599,60127431.3036652,2005,TRUE,4,"15033","ESP","Montes Universales","ESP",TRUE,"12798;15033;15034",TRUE,"",0.0762826203012315
1807,788219270.211599,38200520.4205804,2006,TRUE,8,"15033","ESP","Montes Universales","ESP",TRUE,"12798;15033;15034",TRUE,"",0.0484643320256879
1807,788219270.211599,91.3190318010747,2007,TRUE,1,"15033","ESP","Montes Universales","ESP",TRUE,"12798;15033;15034",TRUE,"",1.15854858225631e-07
1807,788219270.211599,2175660.04029033,2011,TRUE,1,"15033","ESP","Montes Universales","ESP",TRUE,"12798;15033;15034",TRUE,"",0.00276022183485347
1807,788219270.211599,844271.447615686,2014,TRUE,1,"15033","ESP","Montes Universales","ESP",TRUE,"12798;15033;15034",TRUE,"",0.00107111241696621
1807,788219270.211599,26201.6641937906,2015,TRUE,1,"15033","ESP","Montes Universales","ESP",TRUE,"12798;15033;15034",TRUE,"",3.32415930236731e-05
