"SitRecID","kba","ovl","year","random","nPAs","DOMAIN","range_countries","RangeName","COUNTRY","multiple_ranges","all_gmba_intersec","in_gmba","note","percPA"
1830,236821539.666282,327005.475479871,2000,FALSE,1,"15110","ESP","Sierra del Ricote","ESP",FALSE,"15110",TRUE,"",0.0013808096845442
1830,236821539.666282,233167457.386875,2001,FALSE,1,"15110","ESP","Sierra del Ricote","ESP",FALSE,"15110",TRUE,"",0.984570312799435
1911,101821795.955741,67369422.2193169,2000,FALSE,1,"15110","ESP","Sierra del Ricote","ESP",FALSE,"15110",TRUE,"",0.661640482638907
1911,101821795.955741,103856.015610352,2001,FALSE,1,"15110","ESP","Sierra del Ricote","ESP",FALSE,"15110",TRUE,"",0.00101997823388909
1911,101821795.955741,19490.1292386378,2006,FALSE,1,"15110","ESP","Sierra del Ricote","ESP",FALSE,"15110",TRUE,"",0.00019141411773084
30023,1041063.74641907,376179.059227601,2011,FALSE,1,"15110","ESP","Sierra del Ricote","ESP",TRUE,"15110;15111",TRUE,"",0.361341042295956
30023,1041063.74641907,0.12121785917796,2014,FALSE,1,"15110","ESP","Sierra del Ricote","ESP",TRUE,"15110;15111",TRUE,"",1.16436538679703e-07
