"SitRecID","kba","ovl","year","random","nPAs","DOMAIN","range_countries","RangeName","COUNTRY","multiple_ranges","all_gmba_intersec","in_gmba","note","percPA"
24337,3542920317.61637,6662594.15252774,1979,FALSE,1,"12641","AUS","Moonbi Range","AUS",TRUE,"12641;14399;19684",TRUE,"",0.00188053739718601
24337,3542920317.61637,16519041.9994822,1988,FALSE,1,"12641","AUS","Moonbi Range","AUS",TRUE,"12641;14399;19684",TRUE,"",0.00466254968178227
24337,3542920317.61637,5623853.43168202,1999,FALSE,1,"12641","AUS","Moonbi Range","AUS",TRUE,"12641;14399;19684",TRUE,"",0.00158734967978779
24337,3542920317.61637,19536988.8142833,2007,FALSE,1,"12641","AUS","Moonbi Range","AUS",TRUE,"12641;14399;19684",TRUE,"",0.00551437431915701
24337,3542920317.61637,49690378.7568607,2010,FALSE,1,"12641","AUS","Moonbi Range","AUS",TRUE,"12641;14399;19684",TRUE,"",0.0140252600403646
24337,3542920317.61637,16220418.0154168,2011,FALSE,3,"12641","AUS","Moonbi Range","AUS",TRUE,"12641;14399;19684",TRUE,"",0.00457826215700208
47017,152299184.050183,0,0,FALSE,0,"12641","AUS","Moonbi Range","AUS",NA,NA,NA,"no pas overlapping kba",0
