"SitRecID","kba","ovl","year","random","nPAs","DOMAIN","range_countries","RangeName","COUNTRY","multiple_ranges","all_gmba_intersec","in_gmba","note","percPA"
3107,661398319.540385,149061.654248238,1980,FALSE,1,"20262","SVK","Podbeskydska vrchovina","SVK",TRUE,"20245;20249;20250;20257;20262;20267;20272;20273;20274",TRUE,"",0.000225373500119902
3107,661398319.540385,513601.35427618,1984,FALSE,1,"20262","SVK","Podbeskydska vrchovina","SVK",TRUE,"20245;20249;20250;20257;20262;20267;20272;20273;20274",TRUE,"",0.00077653864411553
3107,661398319.540385,220786.961760003,1988,FALSE,1,"20262","SVK","Podbeskydska vrchovina","SVK",TRUE,"20245;20249;20250;20257;20262;20267;20272;20273;20274",TRUE,"",0.000333818449846427
3107,661398319.540385,76825685.2688639,1998,FALSE,2,"20262","SVK","Podbeskydska vrchovina","SVK",TRUE,"20245;20249;20250;20257;20262;20267;20272;20273;20274",TRUE,"",0.116156456705622
3107,661398319.540385,NA,1999,FALSE,1,"20262","SVK","Podbeskydska vrchovina","SVK",TRUE,"20245;20249;20250;20257;20262;20267;20272;20273;20274",TRUE,"",NA
3107,661398319.540385,490740054.304512,2003,FALSE,1,"20262","SVK","Podbeskydska vrchovina","SVK",TRUE,"20245;20249;20250;20257;20262;20267;20272;20273;20274",TRUE,"",0.74197354272919
3107,661398319.540385,267164.632562449,2004,FALSE,13,"20262","SVK","Podbeskydska vrchovina","SVK",TRUE,"20245;20249;20250;20257;20262;20267;20272;20273;20274",TRUE,"",0.000403939085826685
3107,661398319.540385,0.00693286955356598,2011,FALSE,4,"20262","SVK","Podbeskydska vrchovina","SVK",TRUE,"20245;20249;20250;20257;20262;20267;20272;20273;20274",TRUE,"",1.04821396558487e-11
3107,661398319.540385,0.00689964731726641,2017,FALSE,5,"20262","SVK","Podbeskydska vrchovina","SVK",TRUE,"20245;20249;20250;20257;20262;20267;20272;20273;20274",TRUE,"",1.04319093554109e-11
