"SitRecID","kba","ovl","year","random","nPAs","DOMAIN","range_countries","RangeName","COUNTRY","multiple_ranges","all_gmba_intersec","in_gmba","note","percPA"
22216,95733405.7742767,91543267.737602,1968,FALSE,1,"18256","BRA","Serra dos Pirineus","BRA",TRUE,"18255;18256",TRUE,"",0.956231181761627
22216,95733405.7742767,40625.4304000493,1983,FALSE,1,"18256","BRA","Serra dos Pirineus","BRA",TRUE,"18255;18256",TRUE,"",0.000424360024293268
22216,95733405.7742767,4149660.8494403,2002,FALSE,1,"18256","BRA","Serra dos Pirineus","BRA",TRUE,"18255;18256",TRUE,"",0.0433460067139417
22219,317799414.971272,295636904.071591,1961,FALSE,1,"18256","BRA","Serra dos Pirineus","BRA",FALSE,"18256",TRUE,"",0.930262581189195
22219,317799414.971272,216776.731680684,1988,FALSE,1,"18256","BRA","Serra dos Pirineus","BRA",FALSE,"18256",TRUE,"",0.000682118095466853
22219,317799414.971272,8284887.43316638,2002,FALSE,1,"18256","BRA","Serra dos Pirineus","BRA",FALSE,"18256",TRUE,"",0.026069549039023
22219,317799414.971272,786.253237217665,2006,FALSE,1,"18256","BRA","Serra dos Pirineus","BRA",FALSE,"18256",TRUE,"",2.47405501765552e-06
22219,317799414.971272,NA,2007,FALSE,1,"18256","BRA","Serra dos Pirineus","BRA",FALSE,"18256",TRUE,"",NA
