"SitRecID","kba","ovl","year","random","nPAs","DOMAIN","range_countries","RangeName","COUNTRY","multiple_ranges","all_gmba_intersec","in_gmba","note","percPA"
998,223704304.874154,293725.986417122,1996,FALSE,1,"11707","GRC","Pangaion Hills","GRC",FALSE,"11707",TRUE,"",0.00131300998692162
998,223704304.874154,59825538.0357733,2001,FALSE,1,"11707","GRC","Pangaion Hills","GRC",FALSE,"11707",TRUE,"",0.267431322206466
998,223704304.874154,47355900.3135397,2006,FALSE,1,"11707","GRC","Pangaion Hills","GRC",FALSE,"11707",TRUE,"",0.2116897139739
998,223704304.874154,80418878.321808,2010,FALSE,1,"11707","GRC","Pangaion Hills","GRC",FALSE,"11707",TRUE,"",0.359487397290133
1000,12976775.3372927,1477077.26240379,1976,FALSE,1,"11707","GRC","Pangaion Hills","GRC",TRUE,"11707;15149",TRUE,"",0.113824677087455
1000,12976775.3372927,11102855.9848709,2001,FALSE,2,"11707","GRC","Pangaion Hills","GRC",TRUE,"11707;15149",TRUE,"",0.855594375049671
1000,12976775.3372927,NA,2006,FALSE,1,"11707","GRC","Pangaion Hills","GRC",TRUE,"11707;15149",TRUE,"",NA
