"SitRecID","kba","ovl","year","random","nPAs","DOMAIN","range_countries","RangeName","COUNTRY","multiple_ranges","all_gmba_intersec","in_gmba","note","percPA"
6443,112949319.027878,13557700.1293912,1933,FALSE,1,"18543","KEN","Nandi Escarpment","KEN",FALSE,"18543",TRUE,"",0.120033482681245
6443,112949319.027878,13339375.0241737,1936,FALSE,1,"18543","KEN","Nandi Escarpment","KEN",FALSE,"18543",TRUE,"",0.118100535169064
6445,169950232.866494,532807.405107175,1933,FALSE,1,"18543","KEN","Nandi Escarpment","KEN",TRUE,"18543;20608;20609",TRUE,"",0.00313507899412958
6445,169950232.866494,92299335.2744145,1936,FALSE,2,"18543","KEN","Nandi Escarpment","KEN",TRUE,"18543;20608;20609",TRUE,"",0.543096256578366
6448,230961282.893992,73053345.6768337,1933,FALSE,1,"18543","KEN","Nandi Escarpment","KEN",TRUE,"18543;19747;20608",TRUE,"",0.316301263837213
6448,230961282.893992,39103117.2076993,1985,FALSE,1,"18543","KEN","Nandi Escarpment","KEN",TRUE,"18543;19747;20608",TRUE,"",0.169305940449106
