"SitRecID","kba","ovl","year","random","nPAs","DOMAIN","range_countries","RangeName","COUNTRY","multiple_ranges","all_gmba_intersec","in_gmba","note","percPA"
6742,330484640.658336,330473520.038477,1972,TRUE,1,"19367","NGA","Jos Plateau (nn)","NGA",FALSE,"19367",TRUE,"",0.999966350569765
6746,118325477.301461,58447665.5096532,1972,TRUE,1,"19367","NGA","Jos Plateau (nn)","NGA",FALSE,"19367",TRUE,"",0.493956727178412
6746,118325477.301461,5964557.49328499,1973,TRUE,1,"19367","NGA","Jos Plateau (nn)","NGA",FALSE,"19367",TRUE,"",0.0504080577514928
6746,118325477.301461,26362534.5527097,1991,TRUE,1,"19367","NGA","Jos Plateau (nn)","NGA",FALSE,"19367",TRUE,"",0.222796773390951
6746,118325477.301461,27523783.3130123,1999,TRUE,1,"19367","NGA","Jos Plateau (nn)","NGA",FALSE,"19367",TRUE,"",0.232610794739406
6756,29782262.9550663,23267723.0562325,1988,TRUE,1,"19367","NGA","Jos Plateau (nn)","NGA",FALSE,"19367",TRUE,"",0.781261084536708
6758,2891357997.76009,554081808.64922,1969,FALSE,1,"19367","NGA","Jos Plateau (nn)","NGA",FALSE,"19367",TRUE,"",0.191633761394633
6758,2891357997.76009,1183916823.95316,1971,FALSE,1,"19367","NGA","Jos Plateau (nn)","NGA",FALSE,"19367",TRUE,"",0.409467393823362
6758,2891357997.76009,1153335795.56182,1972,FALSE,2,"19367","NGA","Jos Plateau (nn)","NGA",FALSE,"19367",TRUE,"",0.398890693042957
