"SitRecID","kba","ovl","year","random","nPAs","DOMAIN","range_countries","RangeName","COUNTRY","multiple_ranges","all_gmba_intersec","in_gmba","note","percPA"
16379,1171578274.72881,895494562.87111,2007,TRUE,1,"18894","IDN","Button Island","IDN",FALSE,"18894",TRUE,"",0.764348897710993
44833,586977659.53666,273385338.226539,2006,TRUE,1,"18894","IDN","Button Island","IDN",FALSE,"18894",TRUE,"",0.46575084040224
44833,586977659.53666,4244977.44436585,2009,TRUE,1,"18894","IDN","Button Island","IDN",FALSE,"18894",TRUE,"",0.00723192335414723
44833,586977659.53666,8031423.65311003,2012,TRUE,1,"18894","IDN","Button Island","IDN",FALSE,"18894",TRUE,"",0.0136826734759373
44834,465608310.61627,9804737.52990245,2014,FALSE,1,"18894","IDN","Button Island","IDN",FALSE,"18894",TRUE,"",0.0210579092046813
