"SitRecID","kba","ovl","year","random","nPAs","DOMAIN","range_countries","RangeName","COUNTRY","multiple_ranges","all_gmba_intersec","in_gmba","note","percPA"
691,985987495.660193,695056.080950554,1992,FALSE,4,"14877","SVN","Kočevje Highlands","SVN",TRUE,"14842;14843;14844;14877",TRUE,"",0.000704933971282427
691,985987495.660193,3241495.02798538,1998,FALSE,4,"14877","SVN","Kočevje Highlands","SVN",TRUE,"14842;14843;14844;14877",TRUE,"",0.00328756200484566
691,985987495.660193,950450838.909312,2004,FALSE,7,"14877","SVN","Kočevje Highlands","SVN",TRUE,"14842;14843;14844;14877",TRUE,"",0.963958308896111
691,985987495.660193,4698.71114278651,2007,FALSE,4,"14877","SVN","Kočevje Highlands","SVN",TRUE,"14842;14843;14844;14877",TRUE,"",4.7654875578725e-06
691,985987495.660193,83.2689452993302,2008,FALSE,2,"14877","SVN","Kočevje Highlands","SVN",TRUE,"14842;14843;14844;14877",TRUE,"",8.44523339959554e-08
691,985987495.660193,347396.33480562,2013,FALSE,3,"14877","SVN","Kočevje Highlands","SVN",TRUE,"14842;14843;14844;14877",TRUE,"",0.000352333408217325
691,985987495.660193,30556.9049745226,2015,FALSE,47,"14877","SVN","Kočevje Highlands","SVN",TRUE,"14842;14843;14844;14877",TRUE,"",3.0991168862707e-05
