"SitRecID","kba","ovl","year","random","nPAs","DOMAIN","range_countries","RangeName","COUNTRY","multiple_ranges","all_gmba_intersec","in_gmba","note","percPA"
14275,5557076.59772348,0,0,FALSE,0,"14469","TWN","Western Foothills","TWN",NA,NA,NA,"no pas overlapping kba",0
14276,81698797.8662545,78820630.4300106,1992,FALSE,1,"14469","TWN","Western Foothills","TWN",TRUE,"11412;14469",TRUE,"",0.964770994048706
14276,81698797.8662545,284041.750453244,2000,FALSE,1,"14469","TWN","Western Foothills","TWN",TRUE,"11412;14469",TRUE,"",0.00347669436848063
14280,155670014.407714,14601807.5812945,1992,FALSE,1,"14469","TWN","Western Foothills","TWN",TRUE,"11412;14469",TRUE,"",0.093799744522738
14280,155670014.407714,4121319.53749868,2000,FALSE,1,"14469","TWN","Western Foothills","TWN",TRUE,"11412;14469",TRUE,"",0.0264747167473408
47196,113671931.522878,113671931.546731,1985,FALSE,1,"14469","TWN","Western Foothills","TWN",FALSE,"14469",TRUE,"",1.00000000020984
