"SitRecID","kba","ovl","year","random","nPAs","DOMAIN","range_countries","RangeName","COUNTRY","multiple_ranges","all_gmba_intersec","in_gmba","note","percPA"
16631,324110115.477709,17352635.5333923,1993,FALSE,1,"11181","LAO","Bolaven Plateau","LAO",FALSE,"11181",TRUE,"",0.0535393210662866
16638,995198292.033068,907592918.57523,1993,FALSE,1,"11181","LAO","Bolaven Plateau","LAO",FALSE,"11181",TRUE,"",0.911971941512409
16643,1169233117.43032,140107978.875837,1993,FALSE,2,"11181","LAO","Bolaven Plateau","LAO",FALSE,"11181",TRUE,"",0.119828951803691
22565,1169233117.43032,140107978.875837,1993,FALSE,2,"11181","LAO","Bolaven Plateau","LAO",FALSE,"11181",TRUE,"",0.119828951803691
22566,730670310.36365,0,0,FALSE,0,"11181","LAO","Bolaven Plateau","LAO",NA,NA,NA,"no pas overlapping kba",0
22568,805089854.945017,741302695.220119,1993,FALSE,1,"11181","LAO","Bolaven Plateau","LAO",FALSE,"11181",TRUE,"",0.920770135987798
22564,2473454965.5163,2324523250.2839,1993,FALSE,1,"11181","LAO","Bolaven Plateau","LAO",FALSE,"11181",TRUE,"",0.93978798186798
