"SitRecID","kba","ovl","year","random","nPAs","DOMAIN","range_countries","RangeName","COUNTRY","multiple_ranges","all_gmba_intersec","in_gmba","note","percPA"
31791,101894110.467281,2202742.1190153,1967,FALSE,1,"14895","HRV","Svilaja","HRV",TRUE,"14895;19480",TRUE,"",0.0216179532743712
31791,101894110.467281,15668485.4665308,2013,FALSE,1,"14895","HRV","Svilaja","HRV",TRUE,"14895;19480",TRUE,"",0.153772238598246
31791,101894110.467281,803986.017806696,2014,FALSE,3,"14895","HRV","Svilaja","HRV",TRUE,"14895;19480",TRUE,"",0.0078904071503216
31986,7216697.51737833,0,0,FALSE,0,"14895","HRV","Svilaja","HRV",NA,NA,NA,"no pas overlapping kba",0
31990,21426831.4559443,14882.8682221435,1972,FALSE,1,"14895","HRV","Svilaja","HRV",TRUE,"14849;14895",TRUE,"",0.000694590250207744
31990,21426831.4559443,15439157.4163547,2013,FALSE,1,"14895","HRV","Svilaja","HRV",TRUE,"14849;14895",TRUE,"",0.720552520707467
31990,21426831.4559443,349057.725765666,2014,FALSE,1,"14895","HRV","Svilaja","HRV",TRUE,"14849;14895",TRUE,"",0.0162906833184068
