"SitRecID","kba","ovl","year","random","nPAs","DOMAIN","range_countries","RangeName","COUNTRY","multiple_ranges","all_gmba_intersec","in_gmba","note","percPA"
26431,37834522.331521,37834522.331521,1999,TRUE,2,"12301","IDN","Sudirman Range","IDN",FALSE,"12301",TRUE,"",1
26442,68611421.4047973,67462270.4154134,1999,TRUE,2,"12301","IDN","Sudirman Range","IDN",FALSE,"12301",TRUE,"",0.983251316386465
26456,540016637.285124,69888299.9108349,1999,TRUE,2,"12301","IDN","Sudirman Range","IDN",FALSE,"12301",TRUE,"",0.129418790247261
26454,1007403093.45575,993555110.949564,1999,TRUE,2,"12301","IDN","Sudirman Range","IDN",TRUE,"12301;19526",TRUE,"",0.98625378203011
26445,234318209.711195,234318209.711195,1999,TRUE,2,"12301","IDN","Sudirman Range","IDN",TRUE,"12301;19526",TRUE,"",1
26441,1662568480.64231,1515434296.26971,1999,TRUE,2,"12301","IDN","Sudirman Range","IDN",TRUE,"12301;19526",TRUE,"",0.911501880322095
