"SitRecID","kba","ovl","year","random","nPAs","DOMAIN","range_countries","RangeName","COUNTRY","multiple_ranges","all_gmba_intersec","in_gmba","note","percPA"
26217,32664129.8779485,10347704.8036732,1988,FALSE,2,"11569","USA","Laguna Mountains","USA",TRUE,"11569;19587",TRUE,"",0.316791074562159
26217,32664129.8779485,162192.006193489,1997,FALSE,1,"11569","USA","Laguna Mountains","USA",TRUE,"11569;19587",TRUE,"",0.00496544701479969
26217,32664129.8779485,49476.9908492863,1998,FALSE,1,"11569","USA","Laguna Mountains","USA",TRUE,"11569;19587",TRUE,"",0.00151471938894929
26217,32664129.8779485,36175.3662410304,2005,FALSE,1,"11569","USA","Laguna Mountains","USA",TRUE,"11569;19587",TRUE,"",0.00110749517517233
26217,32664129.8779485,261274.506789416,2008,FALSE,1,"11569","USA","Laguna Mountains","USA",TRUE,"11569;19587",TRUE,"",0.00799882035020324
26226,56496260.8064898,53392.2640667612,1988,FALSE,1,"11569","USA","Laguna Mountains","USA",FALSE,"11569",TRUE,"",0.000945058368546541
26226,56496260.8064898,354.44960779231,1994,FALSE,1,"11569","USA","Laguna Mountains","USA",FALSE,"11569",TRUE,"",6.27385959234304e-06
26226,56496260.8064898,39766275.7129377,1999,FALSE,3,"11569","USA","Laguna Mountains","USA",FALSE,"11569",TRUE,"",0.703874471429969
26226,56496260.8064898,2255149.75216749,2016,FALSE,1,"11569","USA","Laguna Mountains","USA",FALSE,"11569",TRUE,"",0.0399167966158291
26220,11471082.5407597,1112512.06232028,1992,TRUE,1,"11569","USA","Laguna Mountains","USA",TRUE,"11799;11569;12032;19587",TRUE,"",0.0969840517115316
26220,11471082.5407597,583179.408958725,1994,TRUE,1,"11569","USA","Laguna Mountains","USA",TRUE,"11799;11569;12032;19587",TRUE,"",0.0508390909826113
