"SitRecID","kba","ovl","year","random","nPAs","DOMAIN","range_countries","RangeName","COUNTRY","multiple_ranges","all_gmba_intersec","in_gmba","note","percPA"
24677,64373761.9692497,109947.20425725,1970,FALSE,1,"18527","CHL;BOL","Cordillera de Pacajes y Carangas","CHL",FALSE,"18527",TRUE,"",0.00170795058256452
24689,174422900.992287,107788914.642319,1983,FALSE,2,"18527","CHL;BOL","Cordillera de Pacajes y Carangas","CHL",TRUE,"18527;18528",TRUE,"",0.617974555113526
24689,174422900.992287,48627546.4064958,1996,FALSE,1,"18527","CHL;BOL","Cordillera de Pacajes y Carangas","CHL",TRUE,"18527;18528",TRUE,"",0.278791065449864
24678,1408725793.39422,3270552.22115924,1939,FALSE,1,"18527","CHL;BOL","Cordillera de Pacajes y Carangas","CHL",TRUE,"11704;18527",TRUE,"",0.00232163863009784
24678,1408725793.39422,1365448954.90523,1970,FALSE,1,"18527","CHL;BOL","Cordillera de Pacajes y Carangas","CHL",TRUE,"11704;18527",TRUE,"",0.969279444806139
24678,1408725793.39422,1473726.61894524,1983,FALSE,1,"18527","CHL;BOL","Cordillera de Pacajes y Carangas","CHL",TRUE,"11704;18527",TRUE,"",0.00104614157407767
14358,1070063190.18103,846571474.684128,1939,FALSE,1,"18527","CHL;BOL","Cordillera de Pacajes y Carangas","BOL",FALSE,"18527",TRUE,"",0.791141572247626
14358,1070063190.18103,3633.70364744961,1970,FALSE,1,"18527","CHL;BOL","Cordillera de Pacajes y Carangas","BOL",FALSE,"18527",TRUE,"",3.39578417498399e-06
