"SitRecID","kba","ovl","year","random","nPAs","DOMAIN","range_countries","RangeName","COUNTRY","multiple_ranges","all_gmba_intersec","in_gmba","note","percPA"
2876,412027133.846018,4162176.08958387,1988,FALSE,1,"14786","ITA","Erean Mountains","ITA",FALSE,"14786",TRUE,"",0.0101017038628804
2876,412027133.846018,309968.898719755,1997,FALSE,2,"14786","ITA","Erean Mountains","ITA",FALSE,"14786",TRUE,"",0.000752302150167605
2876,412027133.846018,208324303.116184,2005,FALSE,1,"14786","ITA","Erean Mountains","ITA",FALSE,"14786",TRUE,"",0.505608213642646
2876,412027133.846018,2163.26272592042,2015,FALSE,1,"14786","ITA","Erean Mountains","ITA",FALSE,"14786",TRUE,"",5.25029190608808e-06
2876,412027133.846018,649559.878489013,2017,FALSE,2,"14786","ITA","Erean Mountains","ITA",FALSE,"14786",TRUE,"",0.0015764978204852
