"SitRecID","kba","ovl","year","random","nPAs","DOMAIN","range_countries","RangeName","COUNTRY","multiple_ranges","all_gmba_intersec","in_gmba","note","percPA"
1697,390336119.094772,181643073.372705,2005,FALSE,1,"15030","ESP","Sierra de Altomira","ESP",FALSE,"15030",TRUE,"",0.465350410804804
1697,390336119.094772,5861542.22269981,2006,FALSE,1,"15030","ESP","Sierra de Altomira","ESP",FALSE,"15030",TRUE,"",0.0150166534326706
29951,409245336.69583,6334753.05318171,1987,TRUE,1,"15030","ESP","Sierra de Altomira","ESP",FALSE,"15030",TRUE,"",0.0154791087036625
29951,409245336.69583,89943.2860551998,2003,TRUE,1,"15030","ESP","Sierra de Altomira","ESP",FALSE,"15030",TRUE,"",0.000219778401829536
29951,409245336.69583,57536286.990674,2005,TRUE,1,"15030","ESP","Sierra de Altomira","ESP",FALSE,"15030",TRUE,"",0.140591185363799
29951,409245336.69583,3285358.56496108,2006,TRUE,2,"15030","ESP","Sierra de Altomira","ESP",FALSE,"15030",TRUE,"",0.00802784606291777
