"SitRecID","kba","ovl","year","random","nPAs","DOMAIN","range_countries","RangeName","COUNTRY","multiple_ranges","all_gmba_intersec","in_gmba","note","percPA"
44622,60035458.2622786,2082681.45862281,1964,FALSE,1,"13602","NZL","Harris Mountains","NZL",TRUE,"13597;13602;13607;13613;13617",TRUE,"",0.0346908563523267
44622,60035458.2622786,1087207.94991529,1987,FALSE,7,"13602","NZL","Harris Mountains","NZL",TRUE,"13597;13602;13607;13613;13617",TRUE,"",0.0181094303497372
44622,60035458.2622786,4852322.12749244,1990,FALSE,1,"13602","NZL","Harris Mountains","NZL",TRUE,"13597;13602;13607;13613;13617",TRUE,"",0.0808242706550845
44622,60035458.2622786,903016.000091525,1992,FALSE,3,"13602","NZL","Harris Mountains","NZL",TRUE,"13597;13602;13607;13613;13617",TRUE,"",0.0150413776496299
44622,60035458.2622786,221659.693684891,1998,FALSE,5,"13602","NZL","Harris Mountains","NZL",TRUE,"13597;13602;13607;13613;13617",TRUE,"",0.00369214627656409
44622,60035458.2622786,291635.738689564,2005,FALSE,1,"13602","NZL","Harris Mountains","NZL",TRUE,"13597;13602;13607;13613;13617",TRUE,"",0.00485772487011737
44622,60035458.2622786,3597501.36178563,2012,FALSE,4,"13602","NZL","Harris Mountains","NZL",TRUE,"13597;13602;13607;13613;13617",TRUE,"",0.0599229433057564
44622,60035458.2622786,1.75899298877061,2018,FALSE,1,"13602","NZL","Harris Mountains","NZL",TRUE,"13597;13602;13607;13613;13617",TRUE,"",2.92992348136339e-08
