"SitRecID","kba","ovl","year","random","nPAs","DOMAIN","range_countries","RangeName","COUNTRY","multiple_ranges","all_gmba_intersec","in_gmba","note","percPA"
45322,11222115.0991885,11222115.0991885,2010,FALSE,1,"14287","COM","Ngazidja","COM",FALSE,"14287",TRUE,"",1
6452,87248969.6926926,0,0,FALSE,0,"14287","COM","Ngazidja","COM",NA,NA,NA,"no pas overlapping kba",0
45325,79566426.5360677,7194533.90524396,2010,FALSE,1,"14287","COM","Ngazidja","COM",FALSE,"14287",TRUE,"",0.0904217295970009
45330,17642979.5881238,892163.1983881,2010,FALSE,1,"14287","COM","Ngazidja","COM",FALSE,"14287",TRUE,"",0.050567603614338
45333,23139006.7975934,7276799.15601406,2010,FALSE,1,"14287","COM","Ngazidja","COM",FALSE,"14287",TRUE,"",0.314481914442884
45335,680973390.732885,41620735.1187502,2010,FALSE,1,"14287","COM","Ngazidja","COM",FALSE,"14287",TRUE,"",0.0611194735141656
6451,142282948.533501,136333675.951278,2010,FALSE,1,"14287","COM","Ngazidja","COM",FALSE,"14287",TRUE,"",0.95818703053639
