"SitRecID","kba","ovl","year","random","nPAs","DOMAIN","range_countries","RangeName","COUNTRY","multiple_ranges","all_gmba_intersec","in_gmba","note","percPA"
2153,631176279.114828,276779.324067131,1981,FALSE,1,"20030","FRA","Meygal","FRA",TRUE,"15132;20030",TRUE,"",0.000438513507597735
2153,631176279.114828,8849290.53763993,1986,FALSE,1,"20030","FRA","Meygal","FRA",TRUE,"15132;20030",TRUE,"",0.0140203154498301
2153,631176279.114828,6494188.31967076,2004,FALSE,1,"20030","FRA","Meygal","FRA",TRUE,"15132;20030",TRUE,"",0.0102890246901837
2153,631176279.114828,21593645.961474,2007,FALSE,1,"20030","FRA","Meygal","FRA",TRUE,"15132;20030",TRUE,"",0.0342117514171433
2153,631176279.114828,2533516.76643875,2012,FALSE,2,"20030","FRA","Meygal","FRA",TRUE,"15132;20030",TRUE,"",0.0040139606798782
2153,631176279.114828,47373402.6514276,2015,FALSE,1,"20030","FRA","Meygal","FRA",TRUE,"15132;20030",TRUE,"",0.0750557399239794
2153,631176279.114828,514273959.445644,2018,FALSE,2,"20030","FRA","Meygal","FRA",TRUE,"15132;20030",TRUE,"",0.814786576211117
