"SitRecID","kba","ovl","year","random","nPAs","DOMAIN","range_countries","RangeName","COUNTRY","multiple_ranges","all_gmba_intersec","in_gmba","note","percPA"
24380,333523006.362062,22839151.8345119,2000,FALSE,2,"20157","ROU","Nemira Mountains","ROU",TRUE,"20157;20164",TRUE,"",0.068478489935769
24380,333523006.362062,27751.9783865905,2009,FALSE,3,"20157","ROU","Nemira Mountains","ROU",TRUE,"20157;20164",TRUE,"",8.32085878851301e-05
24380,333523006.362062,21456549.9742856,2013,FALSE,2,"20157","ROU","Nemira Mountains","ROU",TRUE,"20157;20164",TRUE,"",0.0643330431934071
24380,333523006.362062,0.0370880818638852,2016,FALSE,1,"20157","ROU","Nemira Mountains","ROU",TRUE,"20157;20164",TRUE,"",1.11200970117256e-10
