"SitRecID","kba","ovl","year","random","nPAs","DOMAIN","range_countries","RangeName","COUNTRY","multiple_ranges","all_gmba_intersec","in_gmba","note","percPA"
1645,51823898.4950918,26241727.0604534,1989,FALSE,2,"17824","ESP","Serra da Barbanza","ESP",FALSE,"17824",TRUE,"",0.506363431206139
1645,51823898.4950918,8410080.41165335,1992,FALSE,1,"17824","ESP","Serra da Barbanza","ESP",FALSE,"17824",TRUE,"",0.162281894181501
1645,51823898.4950918,760223.139476291,1993,FALSE,1,"17824","ESP","Serra da Barbanza","ESP",FALSE,"17824",TRUE,"",0.0146693545169762
1645,51823898.4950918,2391168.22542478,2002,FALSE,1,"17824","ESP","Serra da Barbanza","ESP",FALSE,"17824",TRUE,"",0.0461402614404094
1645,51823898.4950918,0.402750171702563,2003,FALSE,1,"17824","ESP","Serra da Barbanza","ESP",FALSE,"17824",TRUE,"",7.77151436688436e-09
1645,51823898.4950918,2820359.93427175,2004,FALSE,10,"17824","ESP","Serra da Barbanza","ESP",FALSE,"17824",TRUE,"",0.054421994797224
1645,51823898.4950918,880412.150936525,2014,FALSE,2,"17824","ESP","Serra da Barbanza","ESP",FALSE,"17824",TRUE,"",0.0169885357239172
1645,51823898.4950918,0.0221100829076022,2019,FALSE,1,"17824","ESP","Serra da Barbanza","ESP",FALSE,"17824",TRUE,"",4.26638742928539e-10
