"SitRecID","kba","ovl","year","random","nPAs","DOMAIN","range_countries","RangeName","COUNTRY","multiple_ranges","all_gmba_intersec","in_gmba","note","percPA"
19812,168875681.333941,19960554.0355958,2001,FALSE,1,"14578","CUB","Sierra del Rosario","CUB",TRUE,"14578;14579",TRUE,"",0.118196734295479
19812,168875681.333941,140151758.616135,2010,FALSE,1,"14578","CUB","Sierra del Rosario","CUB",TRUE,"14578;14579",TRUE,"",0.829910840383195
19812,168875681.333941,809.634065769613,2012,FALSE,2,"14578","CUB","Sierra del Rosario","CUB",TRUE,"14578;14579",TRUE,"",4.79426083953801e-06
19814,266204743.277449,10725030.7721477,2008,FALSE,3,"14578","CUB","Sierra del Rosario","CUB",FALSE,"14578",TRUE,"",0.0402886539139149
19814,266204743.277449,232525373.565354,2010,FALSE,1,"14578","CUB","Sierra del Rosario","CUB",FALSE,"14578",TRUE,"",0.873483209587315
