"SitRecID","kba","ovl","year","random","nPAs","DOMAIN","range_countries","RangeName","COUNTRY","multiple_ranges","all_gmba_intersec","in_gmba","note","percPA"
31068,1551551597.92148,71951.0706689307,1980,FALSE,1,"15796","USA","Fox Islands","USA",FALSE,"15796",TRUE,"",4.63736241613357e-05
31109,11285979825.3494,4927820.197379,1980,FALSE,2,"15796","USA","Fox Islands","USA",TRUE,"15796;15798;15801",TRUE,"",0.000436632022530348
31109,11285979825.3494,305547124.115963,2013,FALSE,1,"15796","USA","Fox Islands","USA",TRUE,"15796;15798;15801",TRUE,"",0.0270731588080351
30191,464297557.248119,28449946.8775399,1980,FALSE,1,"15796","USA","Fox Islands","USA",FALSE,"15796",TRUE,"",0.0612752456553123
30191,464297557.248119,94559130.7895192,2013,FALSE,1,"15796","USA","Fox Islands","USA",FALSE,"15796",TRUE,"",0.203660625203305
31150,309293036.990609,129505016.661382,1980,FALSE,1,"15796","USA","Fox Islands","USA",FALSE,"15796",TRUE,"",0.418713004086521
30175,309293036.270384,52278803.1729768,1980,FALSE,1,"15796","USA","Fox Islands","USA",FALSE,"15796",TRUE,"",0.169026770868759
