"SitRecID","kba","ovl","year","random","nPAs","DOMAIN","range_countries","RangeName","COUNTRY","multiple_ranges","all_gmba_intersec","in_gmba","note","percPA"
3091,459212419.51136,764014.599273995,1958,FALSE,1,"14886","SRB","Zlatar-Pešter Mountains","SRB",TRUE,"14886;14887",TRUE,"",0.00166374986131031
3091,459212419.51136,12349977.9358333,1976,FALSE,1,"14886","SRB","Zlatar-Pešter Mountains","SRB",TRUE,"14886;14887",TRUE,"",0.0268938238843252
3091,459212419.51136,1250.25786095113,1990,FALSE,1,"14886","SRB","Zlatar-Pešter Mountains","SRB",TRUE,"14886;14887",TRUE,"",2.72261334369289e-06
3091,459212419.51136,73393736.4490945,2006,FALSE,1,"14886","SRB","Zlatar-Pešter Mountains","SRB",TRUE,"14886;14887",TRUE,"",0.159825242808528
27496,895787706.270947,108906.513893604,1965,FALSE,1,"14886","SRB","Zlatar-Pešter Mountains","SRB",TRUE,"14886;14887",TRUE,"",0.000121576254207561
27496,895787706.270947,28256.1450574175,2001,FALSE,1,"14886","SRB","Zlatar-Pešter Mountains","SRB",TRUE,"14886;14887",TRUE,"",3.15433499026731e-05
27496,895787706.270947,52658.0977599584,2006,FALSE,1,"14886","SRB","Zlatar-Pešter Mountains","SRB",TRUE,"14886;14887",TRUE,"",5.87841264077708e-05
27496,895787706.270947,31145714.0263765,2015,FALSE,1,"14886","SRB","Zlatar-Pešter Mountains","SRB",TRUE,"14886;14887",TRUE,"",0.0347690795579594
