"SitRecID","kba","ovl","year","random","nPAs","DOMAIN","range_countries","RangeName","COUNTRY","multiple_ranges","all_gmba_intersec","in_gmba","note","percPA"
14966,977723270.592389,748408597.138175,1973,FALSE,1,"11951","VEN","Serranía de Turimiquire","VEN",FALSE,"11951",TRUE,"",0.765460554789418
14966,977723270.592389,22128757.4250464,1974,FALSE,1,"11951","VEN","Serranía de Turimiquire","VEN",FALSE,"11951",TRUE,"",0.0226329454259986
14968,671563945.051835,381725977.573397,1963,FALSE,1,"11951","VEN","Serranía de Turimiquire","VEN",FALSE,"11951",TRUE,"",0.568413448020849
14968,671563945.051835,143365484.710558,1991,FALSE,1,"11951","VEN","Serranía de Turimiquire","VEN",FALSE,"11951",TRUE,"",0.213480020431252
14938,364280167.570934,39231881.3425998,1974,FALSE,1,"11951","VEN","Serranía de Turimiquire","VEN",FALSE,"11951",TRUE,"",0.107697000372551
14938,364280167.570934,325047128.166563,1975,FALSE,1,"11951","VEN","Serranía de Turimiquire","VEN",FALSE,"11951",TRUE,"",0.892299820585945
14939,4771228545.526,4446148313.29501,1974,FALSE,1,"11951","VEN","Serranía de Turimiquire","VEN",FALSE,"11951",TRUE,"",0.931866556143948
14939,4771228545.526,325049719.461756,1975,FALSE,1,"11951","VEN","Serranía de Turimiquire","VEN",FALSE,"11951",TRUE,"",0.0681270486962014
