"SitRecID","kba","ovl","year","random","nPAs","DOMAIN","range_countries","RangeName","COUNTRY","multiple_ranges","all_gmba_intersec","in_gmba","note","percPA"
1930,1222848459.91032,51084.6922456026,1988,FALSE,1,"14958","ESP","Sierras de Carrodilla Montroig","ESP",FALSE,"14958",TRUE,"",4.17751617803476e-05
1930,1222848459.91032,509340880.289593,1992,FALSE,11,"14958","ESP","Sierras de Carrodilla Montroig","ESP",FALSE,"14958",TRUE,"",0.416520032520583
1930,1222848459.91032,50243628.7548349,2003,FALSE,5,"14958","ESP","Sierras de Carrodilla Montroig","ESP",FALSE,"14958",TRUE,"",0.0410873713317834
1930,1222848459.91032,31.5304881185148,2005,FALSE,1,"14958","ESP","Sierras de Carrodilla Montroig","ESP",FALSE,"14958",TRUE,"",2.57844607506208e-08
1930,1222848459.91032,43925.6644708275,2006,FALSE,10,"14958","ESP","Sierras de Carrodilla Montroig","ESP",FALSE,"14958",TRUE,"",3.59207750681134e-05
1930,1222848459.91032,0.0860967689490622,2008,FALSE,7,"14958","ESP","Sierras de Carrodilla Montroig","ESP",FALSE,"14958",TRUE,"",7.04067362160116e-11
1930,1222848459.91032,959.348572335313,2010,FALSE,1,"14958","ESP","Sierras de Carrodilla Montroig","ESP",FALSE,"14958",TRUE,"",7.84519589946302e-07
1930,1222848459.91032,2140.8005651764,2013,FALSE,1,"14958","ESP","Sierras de Carrodilla Montroig","ESP",FALSE,"14958",TRUE,"",1.75066709846729e-06
