"SitRecID","kba","ovl","year","random","nPAs","DOMAIN","range_countries","RangeName","COUNTRY","multiple_ranges","all_gmba_intersec","in_gmba","note","percPA"
29947,8731710642.98699,26366291.3740444,1953,FALSE,1,"19745","TZA","Katavi Hills","TZA",TRUE,"13027;19745",TRUE,"",0.00301960205188669
29947,8731710642.98699,384441041.528853,1958,FALSE,1,"19745","TZA","Katavi Hills","TZA",TRUE,"13027;19745",TRUE,"",0.0440281472036207
29947,8731710642.98699,2566123.76743856,1974,FALSE,1,"19745","TZA","Katavi Hills","TZA",TRUE,"13027;19745",TRUE,"",0.000293885570921842
29947,8731710642.98699,3581339.07686049,1975,FALSE,1,"19745","TZA","Katavi Hills","TZA",TRUE,"13027;19745",TRUE,"",0.000410153201736809
29947,8731710642.98699,1454634414.30323,1980,FALSE,1,"19745","TZA","Katavi Hills","TZA",TRUE,"13027;19745",TRUE,"",0.166592146004236
