"SitRecID","kba","ovl","year","random","nPAs","DOMAIN","range_countries","RangeName","COUNTRY","multiple_ranges","all_gmba_intersec","in_gmba","note","percPA"
7171,422898.628560275,42670.8187026568,1998,FALSE,1,"15564","ZAF","Table Mountain","ZAF",FALSE,"15564",TRUE,"",0.100900820718966
7171,422898.628560275,155621.588868723,2004,FALSE,2,"15564","ZAF","Table Mountain","ZAF",FALSE,"15564",TRUE,"",0.367987925140652
26709,288985192.700884,31955627.2426964,1964,FALSE,1,"15564","ZAF","Table Mountain","ZAF",FALSE,"15564",TRUE,"",0.110578770296277
26709,288985192.700884,16459658.1815125,1965,FALSE,1,"15564","ZAF","Table Mountain","ZAF",FALSE,"15564",TRUE,"",0.0569567527930374
26709,288985192.700884,78416837.7988756,1967,FALSE,1,"15564","ZAF","Table Mountain","ZAF",FALSE,"15564",TRUE,"",0.271352442199492
26709,288985192.700884,58855633.1252623,1984,FALSE,1,"15564","ZAF","Table Mountain","ZAF",FALSE,"15564",TRUE,"",0.203663144727907
26709,288985192.700884,404463.222960597,1995,FALSE,2,"15564","ZAF","Table Mountain","ZAF",FALSE,"15564",TRUE,"",0.00139959843333302
26709,288985192.700884,52558525.7057432,1998,FALSE,1,"15564","ZAF","Table Mountain","ZAF",FALSE,"15564",TRUE,"",0.18187272923753
26709,288985192.700884,12914839.8523367,2004,FALSE,2,"15564","ZAF","Table Mountain","ZAF",FALSE,"15564",TRUE,"",0.0446903169385024
