"SitRecID","kba","ovl","year","random","nPAs","DOMAIN","range_countries","RangeName","COUNTRY","multiple_ranges","all_gmba_intersec","in_gmba","note","percPA"
26459,2974882294.44884,13458024.7390415,1982,FALSE,1,"11721","IDN","Tamrau Mountains","IDN",TRUE,"11721;12219",TRUE,"",0.00452388478164475
26459,2974882294.44884,2061566237.90411,1999,FALSE,2,"11721","IDN","Tamrau Mountains","IDN",TRUE,"11721;12219",TRUE,"",0.692990859420225
26459,2974882294.44884,6633836.97229098,2005,FALSE,1,"11721","IDN","Tamrau Mountains","IDN",TRUE,"11721;12219",TRUE,"",0.0022299493948617
26459,2974882294.44884,6286.99291008434,2013,FALSE,1,"11721","IDN","Tamrau Mountains","IDN",TRUE,"11721;12219",TRUE,"",2.11335854256013e-06
26459,2974882294.44884,937070.168064288,2017,FALSE,1,"11721","IDN","Tamrau Mountains","IDN",TRUE,"11721;12219",TRUE,"",0.00031499403180182
