"SitRecID","kba","ovl","year","random","nPAs","DOMAIN","range_countries","RangeName","COUNTRY","multiple_ranges","all_gmba_intersec","in_gmba","note","percPA"
3088,668564897.231837,661766.676238293,1968,FALSE,2,"14889","SRB","Podrinje-Valjevo Mountains","SRB",TRUE,"14887;14889",TRUE,"",0.000989831621400268
3088,668564897.231837,423551.982031327,1969,FALSE,2,"14889","SRB","Podrinje-Valjevo Mountains","SRB",TRUE,"14887;14889",TRUE,"",0.000633524110800649
3088,668564897.231837,10688581.1608152,1984,FALSE,1,"14889","SRB","Podrinje-Valjevo Mountains","SRB",TRUE,"14887;14889",TRUE,"",0.0159873502259404
3088,668564897.231837,6098956.8277635,1991,FALSE,1,"14889","SRB","Podrinje-Valjevo Mountains","SRB",TRUE,"14887;14889",TRUE,"",0.00912246044178501
3088,668564897.231837,7747.95013988018,2012,FALSE,1,"14889","SRB","Podrinje-Valjevo Mountains","SRB",TRUE,"14887;14889",TRUE,"",1.15889275251516e-05
