"SitRecID","kba","ovl","year","random","nPAs","DOMAIN","range_countries","RangeName","COUNTRY","multiple_ranges","all_gmba_intersec","in_gmba","note","percPA"
32089,33383315.6926687,336353.646922737,1975,FALSE,1,"20539","NOR","Finnemarka _ Drammensmarka","NOR",TRUE,"20538;20539",TRUE,"",0.010075501487607
32089,33383315.6926687,2878426.51199186,1985,FALSE,4,"20539","NOR","Finnemarka _ Drammensmarka","NOR",TRUE,"20538;20539",TRUE,"",0.0862235057323557
32089,33383315.6926687,38835.8534416137,1988,FALSE,4,"20539","NOR","Finnemarka _ Drammensmarka","NOR",TRUE,"20538;20539",TRUE,"",0.00116333122207338
32089,33383315.6926687,1.47009537780359,1996,FALSE,1,"20539","NOR","Finnemarka _ Drammensmarka","NOR",TRUE,"20538;20539",TRUE,"",4.4036829395183e-08
32089,33383315.6926687,20126329.5010284,2018,FALSE,7,"20539","NOR","Finnemarka _ Drammensmarka","NOR",TRUE,"20538;20539",TRUE,"",0.602885875277162
