"SitRecID","kba","ovl","year","random","nPAs","DOMAIN","range_countries","RangeName","COUNTRY","multiple_ranges","all_gmba_intersec","in_gmba","note","percPA"
1087,62233714.2145324,48829830.3045593,1995,FALSE,3,"18681","GRC","Samos","GRC",FALSE,"18681",TRUE,"",0.784620216242161
1087,62233714.2145324,3950697.40983168,2006,FALSE,1,"18681","GRC","Samos","GRC",FALSE,"18681",TRUE,"",0.0634816266342839
1087,62233714.2145324,9390740.55046533,2010,FALSE,1,"18681","GRC","Samos","GRC",FALSE,"18681",TRUE,"",0.150894746826351
1114,1827663.29019129,179426.398080468,1995,FALSE,1,"18681","GRC","Samos","GRC",FALSE,"18681",TRUE,"",0.098172567695272
1114,1827663.29019129,282154.532615192,2001,FALSE,1,"18681","GRC","Samos","GRC",FALSE,"18681",TRUE,"",0.15437993099137
1114,1827663.29019129,1338137.75535549,2002,FALSE,1,"18681","GRC","Samos","GRC",FALSE,"18681",TRUE,"",0.732157702426378
