"SitRecID","kba","ovl","year","random","nPAs","DOMAIN","range_countries","RangeName","COUNTRY","multiple_ranges","all_gmba_intersec","in_gmba","note","percPA"
7047,2682375006.3367,420730102.960585,1932,FALSE,3,"11785","UGA","Ruwenzori","UGA",TRUE,"11785;20348;20349",TRUE,"",0.156849844621529
7047,2682375006.3367,1894405498.43415,1952,FALSE,2,"11785","UGA","Ruwenzori","UGA",TRUE,"11785;20348;20349",TRUE,"",0.706241854311535
7047,2682375006.3367,4488574.0435941,1959,FALSE,1,"11785","UGA","Ruwenzori","UGA",TRUE,"11785;20348;20349",TRUE,"",0.00167335813709512
7047,2682375006.3367,1367809.23722087,1963,FALSE,1,"11785","UGA","Ruwenzori","UGA",TRUE,"11785;20348;20349",TRUE,"",0.000509924687633024
7047,2682375006.3367,1808381.07245091,1965,FALSE,1,"11785","UGA","Ruwenzori","UGA",TRUE,"11785;20348;20349",TRUE,"",0.000674171608436139
7047,2682375006.3367,42727994.7125031,1988,FALSE,1,"11785","UGA","Ruwenzori","UGA",TRUE,"11785;20348;20349",TRUE,"",0.0159291652403429
7049,216496192.835533,207912153.218077,1993,FALSE,1,"11785","UGA","Ruwenzori","UGA",FALSE,"11785",TRUE,"",0.960350159025764
7045,989633704.426994,945860163.482555,1991,FALSE,1,"11785","UGA","Ruwenzori","UGA",FALSE,"11785",TRUE,"",0.955767936410589
7045,989633704.426994,664.047893677605,1994,FALSE,1,"11785","UGA","Ruwenzori","UGA",FALSE,"11785",TRUE,"",6.7100371653378e-07
