"SitRecID","kba","ovl","year","random","nPAs","DOMAIN","range_countries","RangeName","COUNTRY","multiple_ranges","all_gmba_intersec","in_gmba","note","percPA"
6976,8099470804.41866,15145046.4390775,1951,FALSE,1,"14074","TZA","Ngorongoro Volcanic Complex","TZA",TRUE,"14074;18200",TRUE,"",0.00186988098417679
6976,8099470804.41866,7918251085.31737,1958,FALSE,1,"14074","TZA","Ngorongoro Volcanic Complex","TZA",TRUE,"14074;18200",TRUE,"",0.977625733399467
6976,8099470804.41866,37346998.8030281,1961,FALSE,1,"14074","TZA","Ngorongoro Volcanic Complex","TZA",TRUE,"14074;18200",TRUE,"",0.00461104184518493
6986,1191469629.30856,215957947.721261,1958,TRUE,1,"14074","TZA","Ngorongoro Volcanic Complex","TZA",FALSE,"14074",TRUE,"",0.18125342216787
6986,1191469629.30856,7278799.08179362,1979,TRUE,1,"14074","TZA","Ngorongoro Volcanic Complex","TZA",FALSE,"14074",TRUE,"",0.00610909325990767
6994,2255561823.57275,8613829.9135275,1961,TRUE,1,"14074","TZA","Ngorongoro Volcanic Complex","TZA",TRUE,"14074;18199",TRUE,"",0.00381892875801712
6994,2255561823.57275,120966167.190914,1962,TRUE,2,"14074","TZA","Ngorongoro Volcanic Complex","TZA",TRUE,"14074;18199",TRUE,"",0.0536301713953052
6994,2255561823.57275,2068244910.83915,1989,TRUE,1,"14074","TZA","Ngorongoro Volcanic Complex","TZA",TRUE,"14074;18199",TRUE,"",0.916953323657121
6994,2255561823.57275,42560266.59447,2001,TRUE,1,"14074","TZA","Ngorongoro Volcanic Complex","TZA",TRUE,"14074;18199",TRUE,"",0.0188690312762324
