"SitRecID","kba","ovl","year","random","nPAs","DOMAIN","range_countries","RangeName","COUNTRY","multiple_ranges","all_gmba_intersec","in_gmba","note","percPA"
22132,48501241.6587198,32419251.7427771,1955,FALSE,1,"20245","POL","Pasmo Babiogórskie","POL",TRUE,"20240;20245;20257",TRUE,"",0.668421067874839
22132,48501241.6587198,8806706.96144358,1997,FALSE,1,"20245","POL","Pasmo Babiogórskie","POL",TRUE,"20240;20245;20257",TRUE,"",0.181576938244431
22132,48501241.6587198,6444250.65584751,2007,FALSE,1,"20245","POL","Pasmo Babiogórskie","POL",TRUE,"20240;20245;20257",TRUE,"",0.132867745968086
22133,11693595.3965816,578775.608810061,1972,FALSE,1,"20245","POL","Pasmo Babiogórskie","POL",FALSE,"20245",TRUE,"",0.0494950944667756
22133,11693595.3965816,7327767.5750951,1997,FALSE,1,"20245","POL","Pasmo Babiogórskie","POL",FALSE,"20245",TRUE,"",0.626647949290019
22133,11693595.3965816,1504.33318866789,1998,FALSE,1,"20245","POL","Pasmo Babiogórskie","POL",FALSE,"20245",TRUE,"",0.000128645907238047
22133,11693595.3965816,3760358.45479707,2008,FALSE,2,"20245","POL","Pasmo Babiogórskie","POL",FALSE,"20245",TRUE,"",0.321574188884312
