"SitRecID","kba","ovl","year","random","nPAs","DOMAIN","range_countries","RangeName","COUNTRY","multiple_ranges","all_gmba_intersec","in_gmba","note","percPA"
44606,51335790.6401761,5030.34272325831,1985,FALSE,1,"11752","NZL","Puketeraki Range","NZL",TRUE,"11752;13714;13715;13719",TRUE,"",9.79889987185956e-05
44606,51335790.6401761,12944241.1915111,1987,FALSE,5,"11752","NZL","Puketeraki Range","NZL",TRUE,"11752;13714;13715;13719",TRUE,"",0.252148472441773
44606,51335790.6401761,7051.17222948623,1988,FALSE,1,"11752","NZL","Puketeraki Range","NZL",TRUE,"11752;13714;13715;13719",TRUE,"",0.000137353922897759
44606,51335790.6401761,46441.6208110144,2003,FALSE,1,"11752","NZL","Puketeraki Range","NZL",TRUE,"11752;13714;13715;13719",TRUE,"",0.000904663593019031
