"SitRecID","kba","ovl","year","random","nPAs","DOMAIN","range_countries","RangeName","COUNTRY","multiple_ranges","all_gmba_intersec","in_gmba","note","percPA"
3120,289871270.934084,19864.9538067654,1989,TRUE,1,"20306","SVK","Muranska planina","SVK",TRUE,"20293;20303;20305;20306;20307",TRUE,"",6.85302608387245e-05
3120,289871270.934084,211934704.411839,1997,TRUE,3,"20306","SVK","Muranska planina","SVK",TRUE,"20293;20303;20305;20306;20307",TRUE,"",0.731133871007285
3120,289871270.934084,34270207.0314882,2004,TRUE,29,"20306","SVK","Muranska planina","SVK",TRUE,"20293;20303;20305;20306;20307",TRUE,"",0.11822560725337
3120,289871270.934084,NA,2008,TRUE,1,"20306","SVK","Muranska planina","SVK",TRUE,"20293;20303;20305;20306;20307",TRUE,"",NA
3120,289871270.934084,6033.32238817215,2011,TRUE,2,"20306","SVK","Muranska planina","SVK",TRUE,"20293;20303;20305;20306;20307",TRUE,"",2.08137990658071e-05
