"SitRecID","kba","ovl","year","random","nPAs","DOMAIN","range_countries","RangeName","COUNTRY","multiple_ranges","all_gmba_intersec","in_gmba","note","percPA"
24040,595334335.845927,305209.636147082,1954,FALSE,1,"14923","SVK","Strážov Mountains","SVK",FALSE,"14923",TRUE,"",0.000512669298190908
24040,595334335.845927,303458627.757119,1989,FALSE,1,"14923","SVK","Strážov Mountains","SVK",FALSE,"14923",TRUE,"",0.5097280796444
24040,595334335.845927,61594.91060251,1990,FALSE,1,"14923","SVK","Strážov Mountains","SVK",FALSE,"14923",TRUE,"",0.000103462721522668
24040,595334335.845927,275109976.342191,2004,FALSE,31,"14923","SVK","Strážov Mountains","SVK",FALSE,"14923",TRUE,"",0.462110044352271
24040,595334335.845927,NA,2009,FALSE,7,"14923","SVK","Strážov Mountains","SVK",FALSE,"14923",TRUE,"",NA
24040,595334335.845927,3892.95722679456,2011,FALSE,1,"14923","SVK","Strážov Mountains","SVK",FALSE,"14923",TRUE,"",6.53911086996679e-06
24040,595334335.845927,15591.2443366961,2012,FALSE,2,"14923","SVK","Strážov Mountains","SVK",FALSE,"14923",TRUE,"",2.61890561285065e-05
24040,595334335.845927,NA,2015,FALSE,1,"14923","SVK","Strážov Mountains","SVK",FALSE,"14923",TRUE,"",NA
