"SitRecID","kba","ovl","year","random","nPAs","DOMAIN","range_countries","RangeName","COUNTRY","multiple_ranges","all_gmba_intersec","in_gmba","note","percPA"
1960,175591397.488703,3.11323864490259,2001,FALSE,1,"12800","ESP","Sierra de Béjar","ESP",TRUE,"12726;12800",TRUE,"",1.77300180386279e-08
1960,175591397.488703,438529.455925879,2004,FALSE,2,"12800","ESP","Sierra de Béjar","ESP",TRUE,"12726;12800",TRUE,"",0.00249744271187369
1960,175591397.488703,10455086.6449421,2005,FALSE,1,"12800","ESP","Sierra de Béjar","ESP",TRUE,"12726;12800",TRUE,"",0.0595421347199809
1960,175591397.488703,12.4527898923261,2006,FALSE,2,"12800","ESP","Sierra de Béjar","ESP",TRUE,"12726;12800",TRUE,"",7.09191342538706e-08
1960,175591397.488703,41261447.3323002,2008,FALSE,4,"12800","ESP","Sierra de Béjar","ESP",TRUE,"12726;12800",TRUE,"",0.234985585412604
1960,175591397.488703,300851.512641775,2012,FALSE,1,"12800","ESP","Sierra de Béjar","ESP",TRUE,"12726;12800",TRUE,"",0.00171336134312121
