"SitRecID","kba","ovl","year","random","nPAs","DOMAIN","range_countries","RangeName","COUNTRY","multiple_ranges","all_gmba_intersec","in_gmba","note","percPA"
19666,151005357.665579,145712218.79448,1982,FALSE,27,"11592","PRT","Madeira","PRT",FALSE,"11592",TRUE,"",0.964947343902719
19666,151005357.665579,1690111.86788681,1990,FALSE,1,"11592","PRT","Madeira","PRT",FALSE,"11592",TRUE,"",0.0111923967070743
19666,151005357.665579,2847716.40640076,1999,FALSE,1,"11592","PRT","Madeira","PRT",FALSE,"11592",TRUE,"",0.0188583799305148
19674,11633507.5532106,594946.723920367,1982,FALSE,1,"11592","PRT","Madeira","PRT",FALSE,"11592",TRUE,"",0.0511407863190989
19674,11633507.5532106,1735790.50605287,2018,FALSE,3,"11592","PRT","Madeira","PRT",FALSE,"11592",TRUE,"",0.149206118456839
19667,32735829.9843171,32735829.9866598,1982,FALSE,11,"11592","PRT","Madeira","PRT",FALSE,"11592",TRUE,"",1.00000000007156
