"SitRecID","kba","ovl","year","random","nPAs","DOMAIN","range_countries","RangeName","COUNTRY","multiple_ranges","all_gmba_intersec","in_gmba","note","percPA"
19907,323952.295170232,319927.433158398,1996,FALSE,1,"13950","GRD","Grenada","GRD",FALSE,"13950",TRUE,"",0.987575757073371
19908,1010246.9369514,132383.838989973,1996,FALSE,1,"13950","GRD","Grenada","GRD",FALSE,"13950",TRUE,"",0.131041069413648
19910,17280715.2868409,15470699.3546056,1910,FALSE,1,"13950","GRD","Grenada","GRD",FALSE,"13950",TRUE,"",0.895258043304857
19910,17280715.2868409,344208.988231129,1990,FALSE,1,"13950","GRD","Grenada","GRD",FALSE,"13950",TRUE,"",0.01991867712173
24091,264944.931069136,8824.30800384283,1996,FALSE,1,"13950","GRD","Grenada","GRD",FALSE,"13950",TRUE,"",0.0333061967565637
21974,11579879.833758,3947625.34612513,1990,FALSE,1,"13950","GRD","Grenada","GRD",FALSE,"13950",TRUE,"",0.340903826533405
