"SitRecID","kba","ovl","year","random","nPAs","DOMAIN","range_countries","RangeName","COUNTRY","multiple_ranges","all_gmba_intersec","in_gmba","note","percPA"
24817,1007970520.78397,146531546.518894,1981,FALSE,1,"19824","AUS","Berserker Range","AUS",FALSE,"19824",TRUE,"",0.145372849202898
24817,1007970520.78397,769237.582938635,1994,FALSE,1,"19824","AUS","Berserker Range","AUS",FALSE,"19824",TRUE,"",0.00076315484141376
24817,1007970520.78397,4998.69683616515,2004,FALSE,2,"19824","AUS","Berserker Range","AUS",FALSE,"19824",TRUE,"",4.95916967122939e-06
24817,1007970520.78397,719039.258705378,2009,FALSE,1,"19824","AUS","Berserker Range","AUS",FALSE,"19824",TRUE,"",0.000713353460125134
24817,1007970520.78397,132355587.907648,2016,FALSE,3,"19824","AUS","Berserker Range","AUS",FALSE,"19824",TRUE,"",0.131308986898452
