"SitRecID","kba","ovl","year","random","nPAs","DOMAIN","range_countries","RangeName","COUNTRY","multiple_ranges","all_gmba_intersec","in_gmba","note","percPA"
2350,179838076.64706,38711.5434511565,1997,FALSE,1,"15368","FRA","Préalpes de Nice","FRA",TRUE,"15368;15375",TRUE,"",0.00021525777061734
2350,179838076.64706,159081075.171928,2001,FALSE,1,"15368","FRA","Préalpes de Nice","FRA",TRUE,"15368;15375",TRUE,"",0.884579495832416
2350,179838076.64706,1439.56097047031,2003,FALSE,1,"15368","FRA","Préalpes de Nice","FRA",TRUE,"15368;15375",TRUE,"",8.00476182413531e-06
2350,179838076.64706,32052.9136705697,2005,FALSE,1,"15368","FRA","Préalpes de Nice","FRA",TRUE,"15368;15375",TRUE,"",0.000178232075588057
2350,179838076.64706,449079.606037723,2006,FALSE,3,"15368","FRA","Préalpes de Nice","FRA",TRUE,"15368;15375",TRUE,"",0.00249713305663883
2350,179838076.64706,166200.907546654,2009,FALSE,2,"15368","FRA","Préalpes de Nice","FRA",TRUE,"15368;15375",TRUE,"",0.000924169734493046
2350,179838076.64706,444720.356104206,2012,FALSE,2,"15368","FRA","Préalpes de Nice","FRA",TRUE,"15368;15375",TRUE,"",0.00247289319589971
2350,179838076.64706,5378964.49737023,2018,FALSE,2,"15368","FRA","Préalpes de Nice","FRA",TRUE,"15368;15375",TRUE,"",0.0299100423984553
