"SitRecID","kba","ovl","year","random","nPAs","DOMAIN","range_countries","RangeName","COUNTRY","multiple_ranges","all_gmba_intersec","in_gmba","note","percPA"
1010,291756267.223176,130993555.848176,1988,FALSE,1,"14811","GRC","Athos","GRC",FALSE,"14811",TRUE,"",0.448982834524594
1010,291756267.223176,100616306.462696,1990,FALSE,1,"14811","GRC","Athos","GRC",FALSE,"14811",TRUE,"",0.344864250630579
1010,291756267.223176,1627767.85479459,2006,FALSE,1,"14811","GRC","Athos","GRC",FALSE,"14811",TRUE,"",0.00557920441705353
1010,291756267.223176,58509679.257643,2010,FALSE,1,"14811","GRC","Athos","GRC",FALSE,"14811",TRUE,"",0.200543007403116
