"SitRecID","kba","ovl","year","random","nPAs","DOMAIN","range_countries","RangeName","COUNTRY","multiple_ranges","all_gmba_intersec","in_gmba","note","percPA"
32076,1961508977.91763,30317513.0099556,1983,FALSE,2,"20433","NOR","Varangervidda","NOR",FALSE,"20433",TRUE,"",0.0154562193450377
32076,1961508977.91763,1892754969.88327,2006,FALSE,3,"20433","NOR","Varangervidda","NOR",FALSE,"20433",TRUE,"",0.964948410224787
3145,36602386.5787194,33898379.1648834,1991,FALSE,1,"20433","NOR","Varangervidda","NOR",FALSE,"20433",TRUE,"",0.926124833198497
3145,36602386.5787194,14506.2361711166,2002,FALSE,1,"20433","NOR","Varangervidda","NOR",FALSE,"20433",TRUE,"",0.000396319407750055
45629,177513238.421022,923910.833252924,1983,FALSE,3,"20433","NOR","Varangervidda","NOR",FALSE,"20433",TRUE,"",0.00520474327138132
