"SitRecID","kba","ovl","year","random","nPAs","DOMAIN","range_countries","RangeName","COUNTRY","multiple_ranges","all_gmba_intersec","in_gmba","note","percPA"
29637,9367770207.98232,363195.407348665,1907,FALSE,1,"17196","USA","Northwest Olympics","USA",FALSE,"17196",TRUE,"",3.8770742587087e-05
29637,9367770207.98232,6719282.68655934,1909,FALSE,1,"17196","USA","Northwest Olympics","USA",FALSE,"17196",TRUE,"",0.000717276634394149
29637,9367770207.98232,421458.689703497,1940,FALSE,1,"17196","USA","Northwest Olympics","USA",FALSE,"17196",TRUE,"",4.49902890812127e-05
29637,9367770207.98232,208661.708627254,1970,FALSE,1,"17196","USA","Northwest Olympics","USA",FALSE,"17196",TRUE,"",2.22744264637761e-05
29637,9367770207.98232,7014839.99510491,1981,FALSE,1,"17196","USA","Northwest Olympics","USA",FALSE,"17196",TRUE,"",0.000748827078308084
29637,9367770207.98232,2712687.32251807,1988,FALSE,1,"17196","USA","Northwest Olympics","USA",FALSE,"17196",TRUE,"",0.000289576629474384
29637,9367770207.98232,0.280029977338401,1990,FALSE,1,"17196","USA","Northwest Olympics","USA",FALSE,"17196",TRUE,"",2.9892917003855e-11
29637,9367770207.98232,7081933313.67514,1994,FALSE,1,"17196","USA","Northwest Olympics","USA",FALSE,"17196",TRUE,"",0.755989222242086
29637,9367770207.98232,870.903927615472,1995,FALSE,1,"17196","USA","Northwest Olympics","USA",FALSE,"17196",TRUE,"",9.2968113892607e-08
