"SitRecID","kba","ovl","year","random","nPAs","DOMAIN","range_countries","RangeName","COUNTRY","multiple_ranges","all_gmba_intersec","note","percPA"
1813,12225622.5895214,2859879.62420931,2000,FALSE,1,"20996","ESP","Macizo de Peñagolosa","ESP",TRUE,"20996","",0.233925070340427
1813,12225622.5895214,9241735.81947358,2003,FALSE,1,"20996","ESP","Macizo de Peñagolosa","ESP",TRUE,"20996","",0.755931712418038
1814,510251510.078421,360697112.844389,2000,TRUE,2,"20996","ESP","Macizo de Peñagolosa","ESP",TRUE,"20996","",0.706900627866742
1814,510251510.078421,9.93739813566208e-05,2002,TRUE,1,"20996","ESP","Macizo de Peñagolosa","ESP",TRUE,"20996","",1.94754899091524e-13
1814,510251510.078421,59078862.40745,2003,TRUE,1,"20996","ESP","Macizo de Peñagolosa","ESP",TRUE,"20996","",0.115783807084412
1814,510251510.078421,160607.430089897,2005,TRUE,1,"20996","ESP","Macizo de Peñagolosa","ESP",TRUE,"20996","",0.000314761302843009
1814,510251510.078421,782560.540012637,2006,TRUE,4,"20996","ESP","Macizo de Peñagolosa","ESP",TRUE,"20996","",0.00153367608827334
1814,510251510.078421,850.058478176594,2013,TRUE,1,"20996","ESP","Macizo de Peñagolosa","ESP",TRUE,"20996","",1.66595975001808e-06
