"SitRecID","kba","ovl","year","random","nPAs","DOMAIN","range_countries","RangeName","COUNTRY","multiple_ranges","all_gmba_intersec","note","percPA"
1779,27214757.7788078,14401006.1315538,1988,FALSE,1,"14944","ESP","Sierras de Lavierre y Loarre","ESP",TRUE,"14944","",0.529161650035626
1778,207802317.726806,142970.067870311,1988,FALSE,1,"14944","ESP","Sierras de Lavierre y Loarre","ESP",TRUE,"14944","",0.000688009977146992
1778,207802317.726806,130187351.764456,2001,FALSE,1,"14944","ESP","Sierras de Lavierre y Loarre","ESP",TRUE,"14944","",0.626496148785074
1778,207802317.726806,49.2476134113788,2006,FALSE,2,"14944","ESP","Sierras de Lavierre y Loarre","ESP",TRUE,"14944","",2.36992608889588e-07
1778,207802317.726806,9522.02123519918,2016,FALSE,1,"14944","ESP","Sierras de Lavierre y Loarre","ESP",TRUE,"14944","",4.58224977438299e-05
