"SitRecID","kba","ovl","year","random","nPAs","DOMAIN","range_countries","RangeName","COUNTRY","multiple_ranges","all_gmba_intersec","note","percPA"
2411,183262377.830408,5695.84131190018,1974,FALSE,1,"10066","FRA","Giffre Massif","FRA",TRUE,"10066","",3.10802543289662e-05
2411,183262377.830408,90419454.7891662,1977,FALSE,1,"10066","FRA","Giffre Massif","FRA",TRUE,"10066","",0.493387982081303
2411,183262377.830408,12650244.8713027,1980,FALSE,1,"10066","FRA","Giffre Massif","FRA",TRUE,"10066","",0.0690280515895591
2411,183262377.830408,6859913.14772548,2003,FALSE,2,"10066","FRA","Giffre Massif","FRA",TRUE,"10066","",0.0374321954617095
2411,183262377.830408,39268535.8785812,2018,FALSE,1,"10066","FRA","Giffre Massif","FRA",TRUE,"10066","",0.214274944718444
