"SitRecID","kba","ovl","year","random","nPAs","DOMAIN","range_countries","RangeName","COUNTRY","multiple_ranges","all_gmba_intersec","note","percPA"
22176,412899330.796616,37723.1613490365,1984,TRUE,1,"20276","SVK","Cergov","SVK",TRUE,"20276","",9.13616432273123e-05
22176,412899330.796616,131556.150540159,1986,TRUE,1,"20276","SVK","Cergov","SVK",TRUE,"20276","",0.00031861555766231
22176,412899330.796616,302754.179658473,1989,TRUE,4,"20276","SVK","Cergov","SVK",TRUE,"20276","",0.000733239695676819
22176,412899330.796616,204920.524053081,1997,TRUE,1,"20276","SVK","Cergov","SVK",TRUE,"20276","",0.000496296575869288
22176,412899330.796616,62361368.9392048,2004,TRUE,6,"20276","SVK","Cergov","SVK",TRUE,"20276","",0.15103286512693
22176,412899330.796616,40555114.5489454,2007,TRUE,1,"20276","SVK","Cergov","SVK",TRUE,"20276","",0.0982203445830281
22176,412899330.796616,250578531.413563,2011,TRUE,3,"20276","SVK","Cergov","SVK",TRUE,"20276","",0.606875605562538
22176,412899330.796616,28334.1207336516,2012,TRUE,1,"20276","SVK","Cergov","SVK",TRUE,"20276","",6.86223459819755e-05
