"SitRecID","kba","ovl","year","random","nPAs","DOMAIN","range_countries","RangeName","COUNTRY","multiple_ranges","all_gmba_intersec","note","percPA"
3283,30866952.1738084,477683.67635291,1992,FALSE,2,"10059","CHE","Plessur Range","CHE",TRUE,"10059","",0.0154755699125436
3283,30866952.1738084,3060.36867298931,2001,FALSE,1,"10059","CHE","Plessur Range","CHE",TRUE,"10059","",9.91470960837568e-05
3283,30866952.1738084,640289.324043879,2010,FALSE,21,"10059","CHE","Plessur Range","CHE",TRUE,"10059","",0.0207435227306694
3283,30866952.1738084,759410.533405571,2018,FALSE,16,"10059","CHE","Plessur Range","CHE",TRUE,"10059","",0.024602705480263
