"SitRecID","kba","ovl","year","random","nPAs","DOMAIN","range_countries","RangeName","COUNTRY","multiple_ranges","all_gmba_intersec","note","percPA"
23307,1410872885.16858,1561753.28781548,1935,FALSE,1,"15262","PHL;NA","Samar","PHL",FALSE,"15262","",0.00110694117395904
23307,1410872885.16858,69070053.2938401,1998,FALSE,1,"15262","PHL;NA","Samar","PHL",FALSE,"15262","",0.0489555466122571
23307,1410872885.16858,1339809390.6845,2003,FALSE,1,"15262","PHL;NA","Samar","PHL",FALSE,"15262","",0.949631539998312
9773,523256564.641181,511717670.332259,2003,FALSE,1,"15262","PHL;NA","Samar",NA,FALSE,"15262","",0.977947922513242
9775,270779922.431945,264748298.603148,2003,FALSE,1,"15262","PHL;NA","Samar",NA,FALSE,"15262","",0.977724996097844
9774,360199795.489198,350821675.150763,2003,FALSE,1,"15262","PHL;NA","Samar",NA,FALSE,"15262","",0.973964115316339
