"SitRecID","kba","ovl","year","random","nPAs","DOMAIN","range_countries","RangeName","COUNTRY","multiple_ranges","all_gmba_intersec","note","percPA"
2938,660057456.927757,2656864.42710311,1933,FALSE,2,"20218","CZE","Moravskoslezske Beskydy","CZE",TRUE,"20218","",0.00402520174451102
2938,660057456.927757,1274.5750534907,1948,FALSE,1,"20218","CZE","Moravskoslezske Beskydy","CZE",TRUE,"20218","",1.93100621788779e-06
2938,660057456.927757,8508.32178777456,1952,FALSE,1,"20218","CZE","Moravskoslezske Beskydy","CZE",TRUE,"20218","",1.28902744730385e-05
2938,660057456.927757,3618473.48837399,1954,FALSE,6,"20218","CZE","Moravskoslezske Beskydy","CZE",TRUE,"20218","",0.00548205834264219
2938,660057456.927757,133203.911648631,1956,FALSE,1,"20218","CZE","Moravskoslezske Beskydy","CZE",TRUE,"20218","",0.000201806540098236
2938,660057456.927757,604683.769074358,1969,FALSE,1,"20218","CZE","Moravskoslezske Beskydy","CZE",TRUE,"20218","",0.000916107776266727
2938,660057456.927757,648197493.883945,1973,FALSE,1,"20218","CZE","Moravskoslezske Beskydy","CZE",TRUE,"20218","",0.98203192325254
