"SitRecID","kba","ovl","year","random","nPAs","DOMAIN","range_countries","RangeName","COUNTRY","multiple_ranges","all_gmba_intersec","note","percPA"
451,50340490.5975134,20826094.2828001,1977,FALSE,1,"20141","ROU","Maramureș Mountains","ROU",TRUE,"20141","",0.41370463488945
451,50340490.5975134,50036.3210739493,1990,FALSE,1,"20141","ROU","Maramureș Mountains","ROU",TRUE,"20141","",0.000993957756073615
451,50340490.5975134,26598234.4473656,2005,FALSE,1,"20141","ROU","Maramureș Mountains","ROU",TRUE,"20141","",0.528366611680965
451,50340490.5975134,0.00389351323246956,2007,FALSE,1,"20141","ROU","Maramureș Mountains","ROU",TRUE,"20141","",7.73435694856315e-11
451,50340490.5975134,0.0645676925778389,2009,FALSE,2,"20141","ROU","Maramureș Mountains","ROU",TRUE,"20141","",1.28261945426945e-09
451,50340490.5975134,0.0155964293177036,2011,FALSE,1,"20141","ROU","Maramureș Mountains","ROU",TRUE,"20141","",3.09818778732243e-10
