"SitRecID","kba","ovl","year","random","nPAs","DOMAIN","range_countries","RangeName","COUNTRY","multiple_ranges","all_gmba_intersec","note","percPA"
23860,1032829476.13143,1028106076.93116,2000,FALSE,1,"11247","BOL;ARG","Serranía del Aguaragüe","BOL",FALSE,"11247","",0.995426738576483
19413,121996907.416073,29953273.5674682,2004,FALSE,2,"11247","BOL;ARG","Serranía del Aguaragüe","ARG",TRUE,"11247","",0.245524859620514
19464,97747926.5367374,385596.246837497,2000,FALSE,1,"11247","BOL;ARG","Serranía del Aguaragüe","ARG",FALSE,"11247","",0.00394480231447748
19464,97747926.5367374,16790628.447886,2004,FALSE,1,"11247","BOL;ARG","Serranía del Aguaragüe","ARG",FALSE,"11247","",0.171774778686231
19472,51411825.2052488,446120.397666216,2004,FALSE,1,"11247","BOL;ARG","Serranía del Aguaragüe","ARG",FALSE,"11247","",0.00867738882806031
