"SitRecID","kba","ovl","year","random","nPAs","DOMAIN","range_countries","RangeName","COUNTRY","multiple_ranges","all_gmba_intersec","note","percPA"
1812,12028659.8096239,8661121.87734407,2000,FALSE,1,"15012","ESP","Sierra de los Puertos de Morella","ESP",TRUE,"15012","",0.720040471209807
1812,12028659.8096239,3096772.38037739,2001,FALSE,1,"15012","ESP","Sierra de los Puertos de Morella","ESP",TRUE,"15012","",0.257449493907852
1812,12028659.8096239,17537.044941501,2006,FALSE,2,"15012","ESP","Sierra de los Puertos de Morella","ESP",TRUE,"15012","",0.00145793839206176
1812,12028659.8096239,252729.998095231,2007,FALSE,1,"15012","ESP","Sierra de los Puertos de Morella","ESP",TRUE,"15012","",0.0210106530648599
1813,38136156.9850353,9407525.00925142,1987,TRUE,1,"15012","ESP","Sierra de los Puertos de Morella","ESP",TRUE,"15012","",0.246682564605106
1813,38136156.9850353,3314672.90340216,2000,TRUE,1,"15012","ESP","Sierra de los Puertos de Morella","ESP",TRUE,"15012","",0.086916804561688
1813,38136156.9850353,NA,2007,TRUE,1,"15012","ESP","Sierra de los Puertos de Morella","ESP",TRUE,"15012","",NA
