"SitRecID","kba","ovl","year","random","nPAs","DOMAIN","range_countries","RangeName","COUNTRY","multiple_ranges","all_gmba_intersec","note","percPA"
6291,71073579.2632778,0,0,FALSE,0,"12486","ETH","Bale Mountains","ETH",NA,NA,"no pas overlapping kba",0
28597,1917673382.18616,1408176249.9986,1973,FALSE,1,"12486","ETH","Bale Mountains","ETH",TRUE,"12486","",0.734314958469763
28622,3245110.54502568,3244862.52161773,1973,FALSE,2,"12486","ETH","Bale Mountains","ETH",TRUE,"12486","",0.99992357012049
28721,1334024513.38604,16908703.0735053,1969,FALSE,1,"12486","ETH","Bale Mountains","ETH",FALSE,"12486","",0.0126749567971486
28721,1334024513.38604,577929716.59889,1973,FALSE,2,"12486","ETH","Bale Mountains","ETH",FALSE,"12486","",0.433222711276858
28725,3975603.65339021,0,0,FALSE,0,"12486","ETH","Bale Mountains","ETH",NA,NA,"no pas overlapping kba",0
6288,5917537121.30443,1300200985.3173,1969,FALSE,1,"12486","ETH","Bale Mountains","ETH",FALSE,"12486","",0.219719954208026
6288,5917537121.30443,4308751464.60483,1973,FALSE,2,"12486","ETH","Bale Mountains","ETH",FALSE,"12486","",0.728132561955949
