"SitRecID","kba","ovl","year","random","nPAs","DOMAIN","range_countries","RangeName","COUNTRY","multiple_ranges","all_gmba_intersec","note","percPA"
2734,558685844.030104,87785193.8309351,1988,FALSE,1,"15449","ITA","Fiemme Dolomites","ITA",TRUE,"15449","",0.157128008108623
2734,558685844.030104,11277.751273552,1989,FALSE,1,"15449","ITA","Fiemme Dolomites","ITA",TRUE,"15449","",2.0186212688332e-05
2734,558685844.030104,109411.571650252,1994,FALSE,1,"15449","ITA","Fiemme Dolomites","ITA",TRUE,"15449","",0.000195837379485055
2734,558685844.030104,211004.548762098,2003,FALSE,1,"15449","ITA","Fiemme Dolomites","ITA",TRUE,"15449","",0.000377680141741212
2734,558685844.030104,275042945.893979,2007,FALSE,1,"15449","ITA","Fiemme Dolomites","ITA",TRUE,"15449","",0.492303409569043
2734,558685844.030104,45421.3601594488,2014,FALSE,11,"15449","ITA","Fiemme Dolomites","ITA",TRUE,"15449","",8.1300359844094e-05
2734,558685844.030104,710607.910268049,2016,FALSE,3,"15449","ITA","Fiemme Dolomites","ITA",TRUE,"15449","",0.00127192753827813
2736,986030.182971845,970100.148994505,2003,FALSE,1,"15449","ITA","Fiemme Dolomites","ITA",TRUE,"15449","",0.983844273479208
2873,2375184.25871095,2602.78434342146,2018,FALSE,1,"15449","ITA","Fiemme Dolomites","ITA",TRUE,"15449","",0.00109582418032445
