"SitRecID","kba","ovl","year","random","nPAs","DOMAIN","range_countries","RangeName","COUNTRY","multiple_ranges","all_gmba_intersec","note","percPA"
1750,25976206.6822133,19743039.618041,2000,FALSE,1,"15099","ESP","Sierras de Torrozo y La Moraleja","ESP",TRUE,"15099","",0.760043214144876
1750,25976206.6822133,0.380814628485099,2008,FALSE,1,"15099","ESP","Sierras de Torrozo y La Moraleja","ESP",TRUE,"15099","",1.46601323720547e-08
1752,7484.89239672571,0,0,FALSE,0,"15099","ESP","Sierras de Torrozo y La Moraleja","ESP",NA,NA,"no pas overlapping kba",0
1712,45645892.8798789,189819.036715746,1982,TRUE,1,"15099","ESP","Sierras de Torrozo y La Moraleja","ESP",TRUE,"15099","",0.00415851295132447
1712,45645892.8798789,93510.6578962561,2000,TRUE,1,"15099","ESP","Sierras de Torrozo y La Moraleja","ESP",TRUE,"15099","",0.00204861055390761
1712,45645892.8798789,0.0248900949954987,2005,TRUE,1,"15099","ESP","Sierras de Torrozo y La Moraleja","ESP",TRUE,"15099","",5.45286627670951e-10
1712,45645892.8798789,30532744.9545496,2006,TRUE,1,"15099","ESP","Sierras de Torrozo y La Moraleja","ESP",TRUE,"15099","",0.668904539448907
1712,45645892.8798789,0.00932433269917965,2008,TRUE,1,"15099","ESP","Sierras de Torrozo y La Moraleja","ESP",TRUE,"15099","",2.04275392831452e-10
1712,45645892.8798789,0.104654703923131,2015,TRUE,1,"15099","ESP","Sierras de Torrozo y La Moraleja","ESP",TRUE,"15099","",2.29275181884467e-09
