"SitRecID","kba","ovl","year","random","nPAs","DOMAIN","range_countries","RangeName","COUNTRY","multiple_ranges","all_gmba_intersec","note","percPA"
1836,241327982.505946,127884.136927228,1987,FALSE,1,"17857","ESP","Sierra Cabrera","ESP",TRUE,"17857","",0.000529918394043163
1836,241327982.505946,5973764.2028913,1989,FALSE,2,"17857","ESP","Sierra Cabrera","ESP",TRUE,"17857","",0.0247537154243773
1836,241327982.505946,1.19336539436831e-05,1992,FALSE,1,"17857","ESP","Sierra Cabrera","ESP",TRUE,"17857","",4.94499387089892e-14
1836,241327982.505946,52932.0024059854,2001,FALSE,1,"17857","ESP","Sierra Cabrera","ESP",TRUE,"17857","",0.000219336364794253
1836,241327982.505946,0.401451989510218,2002,FALSE,1,"17857","ESP","Sierra Cabrera","ESP",TRUE,"17857","",1.66351197793785e-09
1836,241327982.505946,207646150.054005,2006,FALSE,3,"17857","ESP","Sierra Cabrera","ESP",TRUE,"17857","",0.86043130140902
1836,241327982.505946,0.603467270396958,2015,FALSE,2,"17857","ESP","Sierra Cabrera","ESP",TRUE,"17857","",2.50061043120886e-09
1836,241327982.505946,417277.053142277,2016,FALSE,1,"17857","ESP","Sierra Cabrera","ESP",TRUE,"17857","",0.00172908689994951
