"SitRecID","kba","ovl","year","random","nPAs","DOMAIN","range_countries","RangeName","COUNTRY","multiple_ranges","all_gmba_intersec","note","percPA"
44622,5233776.52831456,503051.530496064,1964,FALSE,1,"13617","NZL","Commissioner Range","NZL",TRUE,"13617","",0.0961163564731073
44622,5233776.52831456,37754.0519046606,1987,FALSE,1,"13617","NZL","Commissioner Range","NZL",TRUE,"13617","",0.00721353915292571
44622,5233776.52831456,504690.604319246,1990,FALSE,1,"13617","NZL","Commissioner Range","NZL",TRUE,"13617","",0.0964295287712202
44622,5233776.52831456,45886.1388098752,2005,FALSE,1,"13617","NZL","Commissioner Range","NZL",TRUE,"13617","",0.00876730952527926
44622,5233776.52831456,1729784.49414911,2012,FALSE,1,"13617","NZL","Commissioner Range","NZL",TRUE,"13617","",0.330504079566835
