"SitRecID","kba","ovl","year","random","nPAs","DOMAIN","range_countries","RangeName","COUNTRY","multiple_ranges","all_gmba_intersec","note","percPA"
662,164003853.229997,12721861.3168122,1986,FALSE,1,"19009","IRL","Nephin Beg Range","IRL",FALSE,"19009","",0.0775705025599078
662,164003853.229997,143635615.548648,1996,FALSE,1,"19009","IRL","Nephin Beg Range","IRL",FALSE,"19009","",0.875806346740008
662,164003853.229997,20503.3510628681,2003,FALSE,1,"19009","IRL","Nephin Beg Range","IRL",FALSE,"19009","",0.000125017495985991
662,164003853.229997,292.904494587776,2005,FALSE,1,"19009","IRL","Nephin Beg Range","IRL",FALSE,"19009","",1.78596105407969e-06
