"SitRecID","kba","ovl","year","random","nPAs","DOMAIN","range_countries","RangeName","COUNTRY","multiple_ranges","all_gmba_intersec","note","percPA"
1029,1304547.60606848,1304547.60606848,1992,FALSE,1,"20891","GRC","Tzoumerka (nn)","GRC",TRUE,"20891","",1
1037,405229053.402098,1385326.43797746,1986,FALSE,1,"20891","GRC","Tzoumerka (nn)","GRC",TRUE,"20891","",0.00341862565466853
1037,405229053.402098,1675076.40185772,2002,FALSE,1,"20891","GRC","Tzoumerka (nn)","GRC",TRUE,"20891","",0.00413365327040257
1037,405229053.402098,14570356.282861,2004,FALSE,2,"20891","GRC","Tzoumerka (nn)","GRC",TRUE,"20891","",0.0359558530182761
1037,405229053.402098,178995596.436393,2006,FALSE,4,"20891","GRC","Tzoumerka (nn)","GRC",TRUE,"20891","",0.441714617778851
1037,405229053.402098,168731105.53425,2009,FALSE,9,"20891","GRC","Tzoumerka (nn)","GRC",TRUE,"20891","",0.416384521587652
1037,405229053.402098,38635956.0953599,2010,FALSE,1,"20891","GRC","Tzoumerka (nn)","GRC",TRUE,"20891","",0.0953434996108793
1093,200483625.904664,10175066.8708478,1986,FALSE,1,"20891","GRC","Tzoumerka (nn)","GRC",FALSE,"20891","",0.05075260797451
1093,200483625.904664,187428861.992953,2002,FALSE,1,"20891","GRC","Tzoumerka (nn)","GRC",FALSE,"20891","",0.934883640233447
