"SitRecID","kba","ovl","year","random","nPAs","DOMAIN","range_countries","RangeName","COUNTRY","multiple_ranges","all_gmba_intersec","note","percPA"
2409,83055158.4697234,2315994.41680361,1995,FALSE,1,"10068","FRA","Bornes Massif","FRA",FALSE,"10068","",0.0278850159276725
2409,83055158.4697234,138342.978634698,2003,FALSE,1,"10068","FRA","Bornes Massif","FRA",FALSE,"10068","",0.00166567593372456
2409,83055158.4697234,61940361.7248858,2008,FALSE,1,"10068","FRA","Bornes Massif","FRA",FALSE,"10068","",0.745773807023259
2409,83055158.4697234,108580.94658834,2018,FALSE,1,"10068","FRA","Bornes Massif","FRA",FALSE,"10068","",0.00130733537312944
