"SitRecID","kba","ovl","year","random","nPAs","DOMAIN","range_countries","RangeName","COUNTRY","multiple_ranges","all_gmba_intersec","note","percPA"
29627,9557188.52494289,9529.84147827968,1932,FALSE,1,"17572","USA","Centennial Mountains","USA",TRUE,"17572","",0.000997138588760508
29627,9557188.52494289,798051.026978632,2000,FALSE,1,"17572","USA","Centennial Mountains","USA",TRUE,"17572","",0.0835026979844369
29627,9557188.52494289,686245.920921323,2001,FALSE,1,"17572","USA","Centennial Mountains","USA",TRUE,"17572","",0.0718041628173724
29627,9557188.52494289,1434705.50999366,2002,FALSE,1,"17572","USA","Centennial Mountains","USA",TRUE,"17572","",0.150117945905251
