"SitRecID","kba","ovl","year","random","nPAs","DOMAIN","range_countries","RangeName","COUNTRY","multiple_ranges","all_gmba_intersec","note","percPA"
28238,134384.595900238,124179.89624691,1987,FALSE,1,"13667","NZL","Strachan Range","NZL",TRUE,"13667","",0.924063471821554
28238,134384.595900238,9496.41097058915,1990,FALSE,1,"13667","NZL","Strachan Range","NZL",TRUE,"13667","",0.0706659190138054
27403,1932176.80443545,8898.83365016989,1987,FALSE,1,"13667","NZL","Strachan Range","NZL",TRUE,"13667","",0.00460560008263322
27403,1932176.80443545,455744.050205305,1990,FALSE,1,"13667","NZL","Strachan Range","NZL",TRUE,"13667","",0.235870780126908
