"SitRecID","kba","ovl","year","random","nPAs","DOMAIN","range_countries","RangeName","COUNTRY","multiple_ranges","all_gmba_intersec","note","percPA"
1750,138093093.604269,53509094.238297,2000,FALSE,1,"15098","ESP","Sierra de la Castuera","ESP",TRUE,"15098","",0.387485665225496
1750,138093093.604269,40738684.1137698,2003,FALSE,1,"15098","ESP","Sierra de la Castuera","ESP",TRUE,"15098","",0.295008845485885
1750,138093093.604269,0.000358721939846873,2008,FALSE,1,"15098","ESP","Sierra de la Castuera","ESP",TRUE,"15098","",2.59768197296568e-12
1751,15093016.4522996,9196018.81219089,2000,FALSE,1,"15098","ESP","Sierra de la Castuera","ESP",FALSE,"15098","",0.609289656660367
1751,15093016.4522996,93192.4086462306,2003,FALSE,1,"15098","ESP","Sierra de la Castuera","ESP",FALSE,"15098","",0.0061745383330601
1751,15093016.4522996,791651.928766549,2004,FALSE,1,"15098","ESP","Sierra de la Castuera","ESP",FALSE,"15098","",0.0524515381844648
1751,15093016.4522996,551062.985678792,2008,FALSE,1,"15098","ESP","Sierra de la Castuera","ESP",FALSE,"15098","",0.0365111233675778
1752,168636.822301963,0,0,FALSE,0,"15098","ESP","Sierra de la Castuera","ESP",NA,NA,"no pas overlapping kba",0
1712,6453083.57051755,8359.26887025032,2003,FALSE,1,"15098","ESP","Sierra de la Castuera","ESP",TRUE,"15098","",0.00129539138597889
