"SitRecID","kba","ovl","year","random","nPAs","DOMAIN","range_countries","RangeName","COUNTRY","multiple_ranges","all_gmba_intersec","note","percPA"
456,13217874.5529162,12042685.1914026,1988,FALSE,1,"20186","ROU","Țarcu Mountains","ROU",TRUE,"20186","",0.911090897647055
456,13217874.5529162,640150.94312782,2005,FALSE,1,"20186","ROU","Țarcu Mountains","ROU",TRUE,"20186","",0.0484307019683875
456,13217874.5529162,0.108165697388814,2007,FALSE,1,"20186","ROU","Țarcu Mountains","ROU",TRUE,"20186","",8.18328975326439e-09
456,13217874.5529162,535050.23150711,2009,FALSE,1,"20186","ROU","Țarcu Mountains","ROU",TRUE,"20186","",0.0404792941077703
