"SitRecID","kba","ovl","year","random","nPAs","DOMAIN","range_countries","RangeName","COUNTRY","multiple_ranges","all_gmba_intersec","note","percPA"
44622,21880946.7096894,528999.806637022,1987,FALSE,2,"13613","NZL","West Wanaka Mountains","NZL",TRUE,"13613","",0.0241762759927919
44622,21880946.7096894,2532465.4552822,1990,FALSE,1,"13613","NZL","West Wanaka Mountains","NZL",TRUE,"13613","",0.115738385952047
44622,21880946.7096894,22610.5849733865,1992,FALSE,1,"13613","NZL","West Wanaka Mountains","NZL",TRUE,"13613","",0.00103334582700546
44622,21880946.7096894,299178.874689402,1995,FALSE,1,"13613","NZL","West Wanaka Mountains","NZL",TRUE,"13613","",0.0136730315492665
44622,21880946.7096894,28370.0753633836,1998,FALSE,3,"13613","NZL","West Wanaka Mountains","NZL",TRUE,"13613","",0.0012965652601686
44622,21880946.7096894,27460.5515683498,2012,FALSE,1,"13613","NZL","West Wanaka Mountains","NZL",TRUE,"13613","",0.00125499832949137
44621,8914296.61213351,1205705.88696769,1964,FALSE,1,"13613","NZL","West Wanaka Mountains","NZL",TRUE,"13613","",0.135255302737691
44621,8914296.61213351,3744257.27288101,1990,FALSE,1,"13613","NZL","West Wanaka Mountains","NZL",TRUE,"13613","",0.420028347248911
