"SitRecID","kba","ovl","year","random","nPAs","DOMAIN","range_countries","RangeName","COUNTRY","multiple_ranges","all_gmba_intersec","note","percPA"
44593,211885.147459403,0,0,FALSE,0,"13806","NZL","Hope Range","NZL",NA,NA,"no pas overlapping kba",0
44594,883871.88145563,59728.6583557404,1907,FALSE,1,"13806","NZL","Hope Range","NZL",TRUE,"13806","",0.0675761494498213
44594,883871.88145563,6960.33433575218,1928,FALSE,1,"13806","NZL","Hope Range","NZL",TRUE,"13806","",0.00787482267711623
44594,883871.88145563,98803.7077305688,1996,FALSE,1,"13806","NZL","Hope Range","NZL",TRUE,"13806","",0.111785101216085
44594,883871.88145563,8647.9867079269,2007,FALSE,1,"13806","NZL","Hope Range","NZL",TRUE,"13806","",0.00978420842360627
