"SitRecID","kba","ovl","year","random","nPAs","DOMAIN","range_countries","RangeName","COUNTRY","multiple_ranges","all_gmba_intersec","note","percPA"
1661,291346.289659023,129383.85134656,2000,FALSE,1,"17956","ESP","Sierra de Valnera","ESP",TRUE,"17956","",0.444089579784881
1661,291346.289659023,NA,2015,FALSE,1,"17956","ESP","Sierra de Valnera","ESP",TRUE,"17956","",NA
29978,144245456.127549,24159740.2349754,1996,FALSE,1,"17956","ESP","Sierra de Valnera","ESP",TRUE,"17956","",0.167490476882766
29978,144245456.127549,38165132.9294394,2015,FALSE,2,"17956","ESP","Sierra de Valnera","ESP",TRUE,"17956","",0.26458464588092
29981,35942852.3634996,14153418.7366581,2006,FALSE,1,"17956","ESP","Sierra de Valnera","ESP",TRUE,"17956","",0.393775613396533
29981,35942852.3634996,16124524.858712,2015,FALSE,1,"17956","ESP","Sierra de Valnera","ESP",TRUE,"17956","",0.448615616135313
29981,35942852.3634996,1.12533620093361,2019,FALSE,1,"17956","ESP","Sierra de Valnera","ESP",TRUE,"17956","",3.13090399602343e-08
