"SitRecID","kba","ovl","year","random","nPAs","DOMAIN","range_countries","RangeName","COUNTRY","multiple_ranges","all_gmba_intersec","in_gmba","note","percPA"
2719,1143964945.75036,2939260.73753472,1985,FALSE,1,"15441","ITA","Bergamasque Alps","ITA",TRUE,"15441;15442",TRUE,"",0.00256936259144441
2719,1143964945.75036,686658274.832335,2004,FALSE,3,"15441","ITA","Bergamasque Alps","ITA",TRUE,"15441;15442",TRUE,"",0.600244157290967
2719,1143964945.75036,19449176.185949,2005,FALSE,1,"15441","ITA","Bergamasque Alps","ITA",TRUE,"15441;15442",TRUE,"",0.0170015490930901
2719,1143964945.75036,2048.24944120087,2006,FALSE,1,"15441","ITA","Bergamasque Alps","ITA",TRUE,"15441;15442",TRUE,"",1.79048269687788e-06
2719,1143964945.75036,63924316.0108575,2014,FALSE,19,"15441","ITA","Bergamasque Alps","ITA",TRUE,"15441;15442",TRUE,"",0.0558796108642362
2719,1143964945.75036,99539.7399376724,2016,FALSE,2,"15441","ITA","Bergamasque Alps","ITA",TRUE,"15441;15442",TRUE,"",8.7012928418345e-05
