"SitRecID","kba","ovl","year","random","nPAs","DOMAIN","range_countries","RangeName","COUNTRY","multiple_ranges","all_gmba_intersec","note","percPA"
14341,304795996.333577,106744358.279082,1976,FALSE,1,"20839","NPL","Kanjiroba Himal","NPL",FALSE,"20839","",0.350215749429525
14341,304795996.333577,176252821.815902,2006,FALSE,1,"20839","NPL","Kanjiroba Himal","NPL",FALSE,"20839","",0.57826488515619
14343,4856278860.92618,3582132315.89154,1984,FALSE,1,"20839","NPL","Kanjiroba Himal","NPL",TRUE,"20839","",0.737629040357119
14343,4856278860.92618,1141481047.24618,1998,FALSE,1,"20839","NPL","Kanjiroba Himal","NPL",TRUE,"20839","",0.235052615374003
