"SitRecID","kba","ovl","year","random","nPAs","DOMAIN","range_countries","RangeName","COUNTRY","multiple_ranges","all_gmba_intersec","note","percPA"
16681,104054476.965785,99155467.8684351,1993,FALSE,1,"12941","KHM","Dâmrei Mountains","KHM",FALSE,"12941","",0.952918805223913
16681,104054476.965785,2618950.47203451,2016,FALSE,1,"12941","KHM","Dâmrei Mountains","KHM",FALSE,"12941","",0.0251690321108977
16681,104054476.965785,2280062.82416189,2017,FALSE,1,"12941","KHM","Dâmrei Mountains","KHM",FALSE,"12941","",0.0219122030175752
31503,853476648.467032,2842201.50876498,1993,FALSE,1,"12941","KHM","Dâmrei Mountains","KHM",TRUE,"12941","",0.00333014560371393
31503,853476648.467032,829612695.334059,2016,FALSE,1,"12941","KHM","Dâmrei Mountains","KHM",TRUE,"12941","",0.972039125879031
31503,853476648.467032,9983113.53807608,2017,FALSE,1,"12941","KHM","Dâmrei Mountains","KHM",TRUE,"12941","",0.011696996696989
16682,1328677333.93454,1297313345.57577,1993,FALSE,1,"12941","KHM","Dâmrei Mountains","KHM",FALSE,"12941","",0.976394578610073
