"SitRecID","kba","ovl","year","random","nPAs","DOMAIN","range_countries","RangeName","COUNTRY","multiple_ranges","all_gmba_intersec","note","percPA"
24383,865269149.757136,64.7505027940661,2009,FALSE,1,"15176","AUS","Clarke Range","AUS",FALSE,"15176","",7.48327879391519e-08
24383,865269149.757136,99877425.4949069,2011,FALSE,2,"15176","AUS","Clarke Range","AUS",FALSE,"15176","",0.115429315286394
24383,865269149.757136,513595084.137982,2016,FALSE,2,"15176","AUS","Clarke Range","AUS",FALSE,"15176","",0.593566850594567
24383,865269149.757136,12358.1795102237,2017,FALSE,1,"15176","AUS","Clarke Range","AUS",FALSE,"15176","",1.42824686557846e-05
24383,865269149.757136,49.3206566130757,2018,FALSE,1,"15176","AUS","Clarke Range","AUS",FALSE,"15176","",5.70003641374699e-08
