"SitRecID","kba","ovl","year","random","nPAs","DOMAIN","range_countries","RangeName","COUNTRY","multiple_ranges","all_gmba_intersec","note","percPA"
1714,883251205.327099,584242889.907855,1989,FALSE,1,"18661","ESP","Sierra del Pocito","ESP",TRUE,"18661","",0.661468545283773
1714,883251205.327099,390166.34831029,1992,FALSE,1,"18661","ESP","Sierra del Pocito","ESP",TRUE,"18661","",0.000441738823516009
1714,883251205.327099,105289.321449793,1995,FALSE,1,"18661","ESP","Sierra del Pocito","ESP",TRUE,"18661","",0.00011920654148533
1714,883251205.327099,NA,2003,FALSE,1,"18661","ESP","Sierra del Pocito","ESP",TRUE,"18661","",NA
1714,883251205.327099,1606422.4170292,2005,FALSE,2,"18661","ESP","Sierra del Pocito","ESP",TRUE,"18661","",0.00181876051494804
1714,883251205.327099,142.806402048454,2007,FALSE,1,"18661","ESP","Sierra del Pocito","ESP",TRUE,"18661","",1.61682657421981e-07
1714,883251205.327099,NA,2015,FALSE,1,"18661","ESP","Sierra del Pocito","ESP",TRUE,"18661","",NA
