"SitRecID","kba","ovl","year","random","nPAs","DOMAIN","range_countries","RangeName","COUNTRY","multiple_ranges","all_gmba_intersec","note","percPA"
19025,173972893.939396,85637.0278272247,1961,FALSE,1,"20902","BGR;MKD;SRB","Vlasina Mountains (nn)","BGR",FALSE,"20902","",0.000492243509250679
19025,173972893.939396,173750060.232074,2007,FALSE,1,"20902","BGR;MKD;SRB","Vlasina Mountains (nn)","BGR",FALSE,"20902","",0.99871914697585
19030,3749863.89637756,3739626.41445212,2007,FALSE,1,"20902","BGR;MKD;SRB","Vlasina Mountains (nn)","BGR",TRUE,"20902","",0.997269905733025
19036,37958089.9178864,37747253.5281496,2007,FALSE,1,"20902","BGR;MKD;SRB","Vlasina Mountains (nn)","BGR",FALSE,"20902","",0.99444554796638
24475,266864571.030511,649732.709307523,1996,FALSE,1,"20902","BGR;MKD;SRB","Vlasina Mountains (nn)","MKD",TRUE,"20902","",0.0024346907751694
24475,266864571.030511,232323.874474034,2003,FALSE,1,"20902","BGR;MKD;SRB","Vlasina Mountains (nn)","MKD",TRUE,"20902","",0.000870568444424465
3127,138261085.789597,20393736.6320685,1996,FALSE,1,"20902","BGR;MKD;SRB","Vlasina Mountains (nn)","SRB",TRUE,"20902","",0.14750163804661
3128,269811212.862148,126017443.263306,2018,FALSE,1,"20902","BGR;MKD;SRB","Vlasina Mountains (nn)","SRB",FALSE,"20902","",0.467057843617828
3131,293473.229039984,0,0,FALSE,0,"20902","BGR;MKD;SRB","Vlasina Mountains (nn)","SRB",NA,NA,"no pas overlapping kba",0
