"SitRecID","kba","ovl","year","random","nPAs","DOMAIN","range_countries","RangeName","COUNTRY","multiple_ranges","all_gmba_intersec","note","percPA"
3374,213610107.597913,208176718.911485,1978,FALSE,1,"15426","DEU","Berchtesgaden Alps","DEU",FALSE,"15426","",0.974563990685987
3374,213610107.597913,16867.9946324549,1999,FALSE,1,"15426","DEU","Berchtesgaden Alps","DEU",FALSE,"15426","",7.89662756230912e-05
3374,213610107.597913,5344820.11528105,2004,FALSE,2,"15426","DEU","Berchtesgaden Alps","DEU",FALSE,"15426","",0.0250213820655988
9439,13489.0249633938,8038.82908234745,1989,FALSE,1,"15426","DEU","Berchtesgaden Alps","DEU",TRUE,"15426","",0.595953310499687
9439,13489.0249633938,5200.93930992403,2006,FALSE,1,"15426","DEU","Berchtesgaden Alps","DEU",TRUE,"15426","",0.385568217424033
