"SitRecID","kba","ovl","year","random","nPAs","DOMAIN","range_countries","RangeName","COUNTRY","multiple_ranges","all_gmba_intersec","note","percPA"
44625,5088938.47706776,519324.794869136,1978,FALSE,1,"13594","NZL","Ailsa Mountains","NZL",TRUE,"13594","",0.102049729468997
44625,5088938.47706776,237211.199766115,1987,FALSE,3,"13594","NZL","Ailsa Mountains","NZL",TRUE,"13594","",0.0466131003224068
44625,5088938.47706776,544782.69455234,1990,FALSE,1,"13594","NZL","Ailsa Mountains","NZL",TRUE,"13594","",0.107052324764249
44625,5088938.47706776,3126372.7248909,2006,FALSE,2,"13594","NZL","Ailsa Mountains","NZL",TRUE,"13594","",0.61434673242352
