"SitRecID","kba","ovl","year","random","nPAs","DOMAIN","range_countries","RangeName","COUNTRY","multiple_ranges","all_gmba_intersec","note","percPA"
28548,13074822.7981243,374797.320788215,1987,FALSE,2,"13694","NZL","Jollie Range","NZL",TRUE,"13694","",0.0286655755550266
28548,13074822.7981243,29529.368101608,2003,FALSE,1,"13694","NZL","Jollie Range","NZL",TRUE,"13694","",0.00225849088416283
28548,13074822.7981243,129170.406462086,2007,FALSE,1,"13694","NZL","Jollie Range","NZL",TRUE,"13694","",0.00987932367852944
44609,9960114.97088899,13419.3918657579,2007,FALSE,1,"13694","NZL","Jollie Range","NZL",TRUE,"13694","",0.00134731294819182
