"SitRecID","kba","ovl","year","random","nPAs","DOMAIN","range_countries","RangeName","COUNTRY","multiple_ranges","all_gmba_intersec","note","percPA"
2166,67098537.6655457,17844217.9617136,1967,FALSE,2,"17898","FRA;ESP","Massif du Balaïtous","FRA",TRUE,"17898","",0.265940489652078
2166,67098537.6655457,49134577.1093686,2003,FALSE,4,"17898","FRA;ESP","Massif du Balaïtous","FRA",TRUE,"17898","",0.732274932045183
1767,702252.160639068,0,0,FALSE,0,"17898","FRA;ESP","Massif du Balaïtous","ESP",NA,NA,"no pas overlapping kba",0
1768,37741811.5061122,1498087.51126527,1967,FALSE,1,"17898","FRA;ESP","Massif du Balaïtous","ESP",TRUE,"17898","",0.0396930473520769
1768,37741811.5061122,910296.571550667,1990,FALSE,1,"17898","FRA;ESP","Massif du Balaïtous","ESP",TRUE,"17898","",0.0241190482180021
1768,37741811.5061122,14567350.7840917,2003,FALSE,2,"17898","FRA;ESP","Massif du Balaïtous","ESP",TRUE,"17898","",0.385973810020554
1768,37741811.5061122,29.7969602830708,2019,FALSE,1,"17898","FRA;ESP","Massif du Balaïtous","ESP",TRUE,"17898","",7.89494703460252e-07
