"SitRecID","kba","ovl","year","random","nPAs","DOMAIN","range_countries","RangeName","COUNTRY","multiple_ranges","all_gmba_intersec","note","percPA"
28558,12108596.0301867,22862.9987493058,1987,FALSE,1,"11330","NZL","Eyre Mountains","NZL",TRUE,"11330","",0.00188816264844482
28558,12108596.0301867,4677.52075529273,1997,FALSE,1,"11330","NZL","Eyre Mountains","NZL",TRUE,"11330","",0.000386297531409231
28558,12108596.0301867,10283.6493985046,2006,FALSE,1,"11330","NZL","Eyre Mountains","NZL",TRUE,"11330","",0.000849285034604139
28555,22254459.6958299,92833.476785432,1983,FALSE,1,"11330","NZL","Eyre Mountains","NZL",TRUE,"11330","",0.00417145498269847
28555,22254459.6958299,8487301.78551016,1997,FALSE,1,"11330","NZL","Eyre Mountains","NZL",TRUE,"11330","",0.381375324385005
28555,22254459.6958299,235341.708912633,1998,FALSE,1,"11330","NZL","Eyre Mountains","NZL",TRUE,"11330","",0.0105750358413209
28555,22254459.6958299,7731.35357778007,1999,FALSE,1,"11330","NZL","Eyre Mountains","NZL",TRUE,"11330","",0.000347406932518285
28555,22254459.6958299,1022.36528721778,2009,FALSE,1,"11330","NZL","Eyre Mountains","NZL",TRUE,"11330","",4.59397936948948e-05
