"SitRecID","kba","ovl","year","random","nPAs","DOMAIN","range_countries","RangeName","COUNTRY","multiple_ranges","all_gmba_intersec","note","percPA"
16379,690662401.554474,655994104.234105,2014,TRUE,1,"18894","IDN","Button Island","IDN",FALSE,"18894","",0.949804278845437
44833,455839996.202535,8031423.65311003,1992,TRUE,1,"18894","IDN","Button Island","IDN",FALSE,"18894","",0.0176189534047416
44833,455839996.202535,257486967.153794,2017,TRUE,1,"18894","IDN","Button Island","IDN",FALSE,"18894","",0.564862603761935
44834,3199843.72523859,1181271.64394816,2014,FALSE,1,"18894","IDN","Button Island","IDN",FALSE,"18894","",0.369165417245519
