"SitRecID","kba","ovl","year","random","nPAs","DOMAIN","range_countries","RangeName","COUNTRY","multiple_ranges","all_gmba_intersec","note","percPA"
24833,396962127.53682,1256915.75236535,1996,FALSE,1,"15175","AUS","Otway Ranges","AUS",FALSE,"15175","",0.00316633669857779
24833,396962127.53682,5.65027878759429,2001,FALSE,1,"15175","AUS","Otway Ranges","AUS",FALSE,"15175","",1.42337981274302e-08
24833,396962127.53682,3096558.58426583,2005,FALSE,2,"15175","AUS","Otway Ranges","AUS",FALSE,"15175","",0.00780063983302439
24833,396962127.53682,22.6176222860813,2007,FALSE,1,"15175","AUS","Otway Ranges","AUS",FALSE,"15175","",5.69767761635735e-08
24833,396962127.53682,8.33398882672918,2008,FALSE,1,"15175","AUS","Otway Ranges","AUS",FALSE,"15175","",2.09944179774585e-08
24833,396962127.53682,392557070.449162,2017,FALSE,1,"15175","AUS","Otway Ranges","AUS",FALSE,"15175","",0.988903079709411
