"SitRecID","kba","ovl","year","random","nPAs","DOMAIN","range_countries","RangeName","COUNTRY","multiple_ranges","all_gmba_intersec","note","percPA"
27354,178572475.132203,1421264.88879473,1955,FALSE,1,"20251","POL","Beskid Sądecki","POL",TRUE,"20251","",0.00795903673140285
27354,178572475.132203,253959.75222258,1960,FALSE,1,"20251","POL","Beskid Sądecki","POL",TRUE,"20251","",0.00142216627749918
27354,178572475.132203,33660.2147983783,1963,FALSE,1,"20251","POL","Beskid Sądecki","POL",TRUE,"20251","",0.000188496098144232
27354,178572475.132203,628194.608583043,1964,FALSE,1,"20251","POL","Beskid Sądecki","POL",TRUE,"20251","",0.00351786919074717
27354,178572475.132203,143537010.821563,1987,FALSE,1,"20251","POL","Beskid Sądecki","POL",TRUE,"20251","",0.803802549722726
27354,178572475.132203,32597318.1130875,1997,FALSE,1,"20251","POL","Beskid Sądecki","POL",TRUE,"20251","",0.182543911590823
