"SitRecID","kba","ovl","year","random","nPAs","DOMAIN","range_countries","RangeName","COUNTRY","multiple_ranges","all_gmba_intersec","note","percPA"
2785,674363015.081985,39460506.1296335,1987,FALSE,1,"18584","ITA","Sirente Velino","ITA",TRUE,"18584","",0.0585152288116456
2785,674363015.081985,480209738.038044,1988,FALSE,1,"18584","ITA","Sirente Velino","ITA",TRUE,"18584","",0.712093823798542
2785,674363015.081985,25401.5346423021,1989,FALSE,1,"18584","ITA","Sirente Velino","ITA",TRUE,"18584","",3.76674492435116e-05
2785,674363015.081985,32438111.5980928,1990,FALSE,1,"18584","ITA","Sirente Velino","ITA",TRUE,"18584","",0.0481018544502313
2785,674363015.081985,4269181.19161323,1998,FALSE,1,"18584","ITA","Sirente Velino","ITA",TRUE,"18584","",0.00633068702780832
2785,674363015.081985,765668.248358165,1999,FALSE,1,"18584","ITA","Sirente Velino","ITA",TRUE,"18584","",0.00113539478179283
2785,674363015.081985,23.5809648967115,2016,FALSE,2,"18584","ITA","Sirente Velino","ITA",TRUE,"18584","",3.49677612344216e-08
2785,674363015.081985,48145718.278982,2018,FALSE,4,"18584","ITA","Sirente Velino","ITA",TRUE,"18584","",0.0713943635730509
