"SitRecID","kba","ovl","year","random","nPAs","DOMAIN","range_countries","RangeName","COUNTRY","multiple_ranges","all_gmba_intersec","note","percPA"
24354,22221923.5038364,20651423.3818552,2000,FALSE,1,"20160","ROU","Moldovan Subcarpathians","ROU",TRUE,"20160","",0.929326544495119
24354,22221923.5038364,0.00946042401293923,2007,FALSE,1,"20160","ROU","Moldovan Subcarpathians","ROU",TRUE,"20160","",4.25724803314437e-10
24354,22221923.5038364,7.37447917852768e-05,2009,FALSE,1,"20160","ROU","Moldovan Subcarpathians","ROU",TRUE,"20160","",3.31856023951057e-12
24362,40545599.6887191,1599245.76214058,2009,FALSE,1,"20160","ROU","Moldovan Subcarpathians","ROU",TRUE,"20160","",0.0394431399317922
24362,40545599.6887191,36621525.0787449,2011,FALSE,1,"20160","ROU","Moldovan Subcarpathians","ROU",TRUE,"20160","",0.903218237241513
