"SitRecID","kba","ovl","year","random","nPAs","DOMAIN","range_countries","RangeName","COUNTRY","multiple_ranges","all_gmba_intersec","note","percPA"
24381,653923465.819027,27364508.6266584,1973,FALSE,2,"20165","ROU","Vrancea Mountains","ROU",TRUE,"20165","",0.0418466534036744
24381,653923465.819027,2446287.6001201,1990,FALSE,3,"20165","ROU","Vrancea Mountains","ROU",TRUE,"20165","",0.00374093869999934
24381,653923465.819027,8327552.95148232,1992,FALSE,3,"20165","ROU","Vrancea Mountains","ROU",TRUE,"20165","",0.0127347516747273
24381,653923465.819027,343291050.93972,2005,FALSE,1,"20165","ROU","Vrancea Mountains","ROU",TRUE,"20165","",0.524971298452724
24381,653923465.819027,2.12871982439737,2007,FALSE,1,"20165","ROU","Vrancea Mountains","ROU",TRUE,"20165","",3.25530423003125e-09
24381,653923465.819027,339282.297024725,2009,FALSE,5,"20165","ROU","Vrancea Mountains","ROU",TRUE,"20165","",0.000518840987912523
24381,653923465.819027,129492.572017952,2013,FALSE,2,"20165","ROU","Vrancea Mountains","ROU",TRUE,"20165","",0.000198024048358266
