"SitRecID","kba","ovl","year","random","nPAs","DOMAIN","range_countries","RangeName","COUNTRY","multiple_ranges","all_gmba_intersec","note","percPA"
1015,104761061.542512,45241.7921239138,1948,FALSE,1,"14817","GRC;MKD","Baba Mountains (Hellenides)","GRC",TRUE,"14817","",0.000431856946252446
1015,104761061.542512,42545088.7155955,1974,FALSE,2,"14817","GRC;MKD","Baba Mountains (Hellenides)","GRC",TRUE,"14817","",0.406115479254959
1015,104761061.542512,10.7862928230315,1975,FALSE,1,"14817","GRC;MKD","Baba Mountains (Hellenides)","GRC",TRUE,"14817","",1.02960896579446e-07
1015,104761061.542512,428512.759895787,1982,FALSE,1,"14817","GRC;MKD","Baba Mountains (Hellenides)","GRC",TRUE,"14817","",0.00409038199485881
1015,104761061.542512,1145313.38304987,1987,FALSE,1,"14817","GRC;MKD","Baba Mountains (Hellenides)","GRC",TRUE,"14817","",0.0109326248339427
1015,104761061.542512,59600975.6751665,2002,FALSE,1,"14817","GRC;MKD","Baba Mountains (Hellenides)","GRC",TRUE,"14817","",0.568922983383292
31750,171714707.726964,171611792.885748,1948,FALSE,1,"14817","GRC;MKD","Baba Mountains (Hellenides)","MKD",FALSE,"14817","",0.999400663795326
127,1229022.34020911,1122730.83859161,1977,FALSE,1,"14817","GRC;MKD","Baba Mountains (Hellenides)","MKD",TRUE,"14817","",0.913515403146038
127,1229022.34020911,101144.64001541,1995,FALSE,1,"14817","GRC;MKD","Baba Mountains (Hellenides)","MKD",TRUE,"14817","",0.0822968278983444
