"SitRecID","kba","ovl","year","random","nPAs","DOMAIN","range_countries","RangeName","COUNTRY","multiple_ranges","all_gmba_intersec","note","percPA"
20406,1250902942.08313,141651712.265178,1974,FALSE,1,"19656","CRI;NIC","Cordillera de Guanacaste (nn)","CRI",TRUE,"19656","",0.113239570792987
20406,1250902942.08313,166779288.039198,1976,FALSE,2,"19656","CRI;NIC","Cordillera de Guanacaste (nn)","CRI",TRUE,"19656","",0.13332712109659
20406,1250902942.08313,123453369.885289,1991,FALSE,1,"19656","CRI;NIC","Cordillera de Guanacaste (nn)","CRI",TRUE,"19656","",0.0986914058093922
20406,1250902942.08313,43240758.112578,1999,FALSE,1,"19656","CRI;NIC","Cordillera de Guanacaste (nn)","CRI",TRUE,"19656","",0.034567636431144
20407,7529432.83628031,129.425171175739,1969,FALSE,1,"19656","CRI;NIC","Cordillera de Guanacaste (nn)","CRI",TRUE,"19656","",1.71892324415337e-05
20407,7529432.83628031,25959.4220200051,1991,FALSE,1,"19656","CRI;NIC","Cordillera de Guanacaste (nn)","CRI",TRUE,"19656","",0.00344772608833437
20435,7064847.67916199,6167125.70958644,1983,FALSE,1,"19656","CRI;NIC","Cordillera de Guanacaste (nn)","NIC",FALSE,"19656","",0.87293116421697
