"SitRecID","kba","ovl","year","random","nPAs","DOMAIN","range_countries","RangeName","COUNTRY","multiple_ranges","all_gmba_intersec","note","percPA"
27479,46065468.1131882,0,0,FALSE,0,"18800","WSM","Upolu","WSM",NA,NA,"no pas overlapping kba",0
23807,32021994.0739847,31994010.6277183,1978,FALSE,2,"18800","WSM","Upolu","WSM",FALSE,"18800","",0.999126117936259
27480,83499502.3650448,785349.984645969,1958,FALSE,1,"18800","WSM","Upolu","WSM",FALSE,"18800","",0.00940544509130797
27480,83499502.3650448,4680522.57341912,2003,FALSE,2,"18800","WSM","Upolu","WSM",FALSE,"18800","",0.0560544966239046
27480,83499502.3650448,207601.315676176,2015,FALSE,1,"18800","WSM","Upolu","WSM",FALSE,"18800","",0.00248625811886376
27480,83499502.3650448,96180.2850054651,2016,FALSE,1,"18800","WSM","Upolu","WSM",FALSE,"18800","",0.00115186656544349
23806,4682140.63849347,4391370.33658644,2003,FALSE,2,"18800","WSM","Upolu","WSM",FALSE,"18800","",0.937897999150963
