"SitRecID","kba","ovl","year","random","nPAs","DOMAIN","range_countries","RangeName","COUNTRY","multiple_ranges","all_gmba_intersec","note","percPA"
3100,25938136.7589503,54328.3899333435,1981,FALSE,1,"20288","SVK","Beskidian Piedmont","SVK",TRUE,"20288","",0.00209453710720362
3100,25938136.7589503,571.678114518523,1994,FALSE,1,"20288","SVK","Beskidian Piedmont","SVK",TRUE,"20288","",2.20400609277094e-05
3100,25938136.7589503,20270503.491591,2004,FALSE,1,"20288","SVK","Beskidian Piedmont","SVK",TRUE,"20288","",0.781494202146052
3100,25938136.7589503,0.00466455393836855,2010,FALSE,1,"20288","SVK","Beskidian Piedmont","SVK",TRUE,"20288","",1.79833809256133e-10
3101,31620671.0485264,6807470.66559648,1999,FALSE,1,"20288","SVK","Beskidian Piedmont","SVK",TRUE,"20288","",0.215285458526463
3101,31620671.0485264,858833.603059373,2003,FALSE,1,"20288","SVK","Beskidian Piedmont","SVK",TRUE,"20288","",0.0271605116077824
3101,31620671.0485264,19916132.6341983,2004,FALSE,2,"20288","SVK","Beskidian Piedmont","SVK",TRUE,"20288","",0.629845350329034
3101,31620671.0485264,NA,2007,FALSE,1,"20288","SVK","Beskidian Piedmont","SVK",TRUE,"20288","",NA
