"SitRecID","kba","ovl","year","random","nPAs","DOMAIN","range_countries","RangeName","COUNTRY","multiple_ranges","all_gmba_intersec","note","percPA"
3278,17796518.7204951,248203.313338244,1991,FALSE,6,"15404","CHE","Luzern Prealps","CHE",TRUE,"15404","",0.0139467340346966
3278,17796518.7204951,59.4121626121923,1994,FALSE,1,"15404","CHE","Luzern Prealps","CHE",TRUE,"15404","",3.33841486333904e-06
3278,17796518.7204951,739474.358720167,1996,FALSE,3,"15404","CHE","Luzern Prealps","CHE",TRUE,"15404","",0.0415516298627867
3278,17796518.7204951,2659.14856296778,2005,FALSE,2,"15404","CHE","Luzern Prealps","CHE",TRUE,"15404","",0.000149419591816314
3278,17796518.7204951,7696070.4096312,2009,FALSE,1,"15404","CHE","Luzern Prealps","CHE",TRUE,"15404","",0.432448083274182
3278,17796518.7204951,182412.645610835,2010,FALSE,8,"15404","CHE","Luzern Prealps","CHE",TRUE,"15404","",0.0102499060898221
3278,17796518.7204951,NA,2018,FALSE,2,"15404","CHE","Luzern Prealps","CHE",TRUE,"15404","",NA
