"SitRecID","kba","ovl","year","random","nPAs","DOMAIN","range_countries","RangeName","COUNTRY","multiple_ranges","all_gmba_intersec","in_gmba","note","percPA"
15096,969808143.815589,969808622.895314,1972,FALSE,2,"18433","THA","Dong Phaya Yen Mountains","THA",FALSE,"18433",TRUE,"",1.00000049399433
21896,254320141.325878,254320139.609934,1962,FALSE,1,"18433","THA","Dong Phaya Yen Mountains","THA",FALSE,"18433",TRUE,"",0.999999993252821
15097,1574518282.09828,1574518269.77925,1972,FALSE,2,"18433","THA","Dong Phaya Yen Mountains","THA",FALSE,"18433",TRUE,"",0.999999992176003
21913,916263286.615133,916263270.874568,1974,FALSE,1,"18433","THA","Dong Phaya Yen Mountains","THA",FALSE,"18433",TRUE,"",0.999999982820914
21912,143010650.520299,143010649.771735,1986,FALSE,1,"18433","THA","Dong Phaya Yen Mountains","THA",FALSE,"18433",TRUE,"",0.999999994765676
23516,77782274.4792435,5485981.08913457,1981,FALSE,1,"18433","THA","Dong Phaya Yen Mountains","THA",FALSE,"18433",TRUE,"",0.0705299649034888
23516,77782274.4792435,0.0250905156135559,2005,FALSE,1,"18433","THA","Dong Phaya Yen Mountains","THA",FALSE,"18433",TRUE,"",3.22573694090823e-10
