"SitRecID","kba","ovl","year","random","nPAs","DOMAIN","range_countries","RangeName","COUNTRY","multiple_ranges","all_gmba_intersec","note","percPA"
2769,16978659.9320127,16249875.3559209,1988,FALSE,2,"18587","ITA","Monti della Laga","ITA",TRUE,"18587","",0.957076437185856
2769,16978659.9320127,14193.4883553938,1991,FALSE,1,"18587","ITA","Monti della Laga","ITA",TRUE,"18587","",0.000835960459319436
2769,16978659.9320127,661.514766531996,2003,FALSE,2,"18587","ITA","Monti della Laga","ITA",TRUE,"18587","",3.89615416753082e-05
2769,16978659.9320127,1406.72481864806,2016,FALSE,4,"18587","ITA","Monti della Laga","ITA",TRUE,"18587","",8.28525233605588e-05
9584,607979626.597231,10758224.248167,1984,FALSE,1,"18587","ITA","Monti della Laga","ITA",TRUE,"18587","",0.0176950407176951
9584,607979626.597231,596968369.947038,1988,FALSE,1,"18587","ITA","Monti della Laga","ITA",TRUE,"18587","",0.981888773622527
