"SitRecID","kba","ovl","year","random","nPAs","DOMAIN","range_countries","RangeName","COUNTRY","multiple_ranges","all_gmba_intersec","note","percPA"
22176,412899330.828139,37723.1576649044,1976,TRUE,1,"20276","SVK","Cergov","SVK",TRUE,"20276","",9.13616342977458e-05
22176,412899330.828139,131556.168159515,1986,TRUE,1,"20276","SVK","Cergov","SVK",TRUE,"20276","",0.000318615600310266
22176,412899330.828139,42624290.3724429,1988,TRUE,1,"20276","SVK","Cergov","SVK",TRUE,"20276","",0.103231677045717
22176,412899330.828139,302754.12147928,1989,TRUE,4,"20276","SVK","Cergov","SVK",TRUE,"20276","",0.000733239554716778
22176,412899330.828139,60292193.0584486,2000,TRUE,1,"20276","SVK","Cergov","SVK",TRUE,"20276","",0.146021532506537
22176,412899330.828139,516865.929606709,2004,TRUE,8,"20276","SVK","Cergov","SVK",TRUE,"20276","",0.00125179648165098
22176,412899330.828139,250294920.454507,2011,TRUE,2,"20276","SVK","Cergov","SVK",TRUE,"20276","",0.606188728745331
