"SitRecID","kba","ovl","year","random","nPAs","DOMAIN","range_countries","RangeName","COUNTRY","multiple_ranges","all_gmba_intersec","note","percPA"
29594,443746502.780783,25740497.7706812,1975,FALSE,2,"15994","USA","Unicoi Mountains","USA",TRUE,"15994","",0.0580072126977356
29594,443746502.780783,65574243.9163688,1984,FALSE,1,"15994","USA","Unicoi Mountains","USA",TRUE,"15994","",0.147774108653118
29594,443746502.780783,454.73457573101,1993,FALSE,1,"15994","USA","Unicoi Mountains","USA",TRUE,"15994","",1.02476204968686e-06
29594,443746502.780783,351672642.456589,2004,FALSE,1,"15994","USA","Unicoi Mountains","USA",TRUE,"15994","",0.792507975280472
