"SitRecID","kba","ovl","year","random","nPAs","DOMAIN","range_countries","RangeName","COUNTRY","multiple_ranges","all_gmba_intersec","note","percPA"
1663,25117296.089892,11754036.375402,1989,FALSE,1,"19490","ESP","Northern Basque Mountains (nn)","ESP",FALSE,"19490","",0.467965832521767
1663,25117296.089892,4697.07102735341,1993,FALSE,1,"19490","ESP","Northern Basque Mountains (nn)","ESP",FALSE,"19490","",0.000187005440814294
1663,25117296.089892,1178954.58421517,1999,FALSE,1,"19490","ESP","Northern Basque Mountains (nn)","ESP",FALSE,"19490","",0.0469379578118529
1663,25117296.089892,2245803.55836703,2000,FALSE,1,"19490","ESP","Northern Basque Mountains (nn)","ESP",FALSE,"19490","",0.0894126322486921
1663,25117296.089892,2248.5992226596,2004,FALSE,4,"19490","ESP","Northern Basque Mountains (nn)","ESP",FALSE,"19490","",8.95239365977975e-05
1663,25117296.089892,3276507.68832571,2014,FALSE,2,"19490","ESP","Northern Basque Mountains (nn)","ESP",FALSE,"19490","",0.130448264677832
