"SitRecID","kba","ovl","year","random","nPAs","DOMAIN","range_countries","RangeName","COUNTRY","multiple_ranges","all_gmba_intersec","in_gmba","note","percPA"
44818,1425823304.70535,0,0,FALSE,0,"12746","IDN","Tanggeasinua Mountains","IDN",NA,NA,NA,"no pas overlapping kba",0
44823,878245115.816661,723757141.92018,2008,TRUE,1,"12746","IDN","Tanggeasinua Mountains","IDN",FALSE,"12746",TRUE,"",0.824094696213794
16384,1599280043.8951,901464691.112597,1979,FALSE,1,"12746","IDN","Tanggeasinua Mountains","IDN",TRUE,"12746;15235",TRUE,"",0.563669067561833
16384,1599280043.8951,232848509.498554,1999,FALSE,2,"12746","IDN","Tanggeasinua Mountains","IDN",TRUE,"12746;15235",TRUE,"",0.145595832566912
16384,1599280043.8951,997999.33652982,2011,FALSE,1,"12746","IDN","Tanggeasinua Mountains","IDN",TRUE,"12746;15235",TRUE,"",0.000624030381883064
16384,1599280043.8951,4681885.27827381,2016,FALSE,1,"12746","IDN","Tanggeasinua Mountains","IDN",TRUE,"12746;15235",TRUE,"",0.00292749559162317
44816,95674141.6316568,22895487.4859316,2013,TRUE,1,"12746","IDN","Tanggeasinua Mountains","IDN",FALSE,"12746",TRUE,"",0.239306954789087
44817,970821245.211121,616780330.942982,2004,TRUE,1,"12746","IDN","Tanggeasinua Mountains","IDN",FALSE,"12746",TRUE,"",0.635318122656919
