"SitRecID","kba","ovl","year","random","nPAs","DOMAIN","range_countries","RangeName","COUNTRY","multiple_ranges","all_gmba_intersec","in_gmba","note","percPA"
28044,18530911.2800965,12951014.8387826,1913,FALSE,1,"13850","NZL","Raungaehe Range","NZL",FALSE,"13850",TRUE,"",0.698887099669671
28044,18530911.2800965,3136529.80146283,1953,FALSE,1,"13850","NZL","Raungaehe Range","NZL",FALSE,"13850",TRUE,"",0.16925933938455
28044,18530911.2800965,25846.6778240514,1964,FALSE,1,"13850","NZL","Raungaehe Range","NZL",FALSE,"13850",TRUE,"",0.00139478719817803
28044,18530911.2800965,67386.2074869648,1969,FALSE,1,"13850","NZL","Raungaehe Range","NZL",FALSE,"13850",TRUE,"",0.00363642167772625
28044,18530911.2800965,22308.8769987356,1974,FALSE,1,"13850","NZL","Raungaehe Range","NZL",FALSE,"13850",TRUE,"",0.00120387371465627
28044,18530911.2800965,43961.4222126849,1992,FALSE,1,"13850","NZL","Raungaehe Range","NZL",FALSE,"13850",TRUE,"",0.00237232921512622
28044,18530911.2800965,5470.14404099435,2006,FALSE,1,"13850","NZL","Raungaehe Range","NZL",FALSE,"13850",TRUE,"",0.000295190234215285
