"SitRecID","kba","ovl","year","random","nPAs","DOMAIN","range_countries","RangeName","COUNTRY","multiple_ranges","all_gmba_intersec","note","percPA"
7156,314200344.906947,276269625.162912,1979,FALSE,1,"19360","ZAF","Sneeuberge (nn)","ZAF",TRUE,"19360","",0.879278554721931
7144,117293706.02364,103914431.915505,1983,FALSE,1,"19360","ZAF","Sneeuberge (nn)","ZAF",FALSE,"19360","",0.885933571700438
7144,117293706.02364,679630.375788237,2005,FALSE,1,"19360","ZAF","Sneeuberge (nn)","ZAF",FALSE,"19360","",0.00579426125090853
7103,11405863.33004,0,0,FALSE,0,"19360","ZAF","Sneeuberge (nn)","ZAF",NA,NA,"no pas overlapping kba",0
45516,856772799.829467,105494579.534659,1983,FALSE,1,"19360","ZAF","Sneeuberge (nn)","ZAF",TRUE,"19360","",0.123130168879844
45516,856772799.829467,36057067.9327008,2005,FALSE,1,"19360","ZAF","Sneeuberge (nn)","ZAF",TRUE,"19360","",0.0420847486520086
45516,856772799.829467,20063627.301507,2016,FALSE,1,"19360","ZAF","Sneeuberge (nn)","ZAF",TRUE,"19360","",0.0234176753808016
45517,29295654.544777,9733555.39653983,1937,FALSE,1,"19360","ZAF","Sneeuberge (nn)","ZAF",TRUE,"19360","",0.332252531912627
45517,29295654.544777,10424966.0420926,2016,FALSE,1,"19360","ZAF","Sneeuberge (nn)","ZAF",TRUE,"19360","",0.355853665128341
