"SitRecID","kba","ovl","year","random","nPAs","DOMAIN","range_countries","RangeName","COUNTRY","multiple_ranges","all_gmba_intersec","note","percPA"
44639,9275884.10549535,4239.59673132002,1967,FALSE,1,"12868","NZL","Aorangi Range","NZL",TRUE,"12868","",0.000457055810864254
44639,9275884.10549535,35641.6278498153,1974,FALSE,1,"12868","NZL","Aorangi Range","NZL",TRUE,"12868","",0.00384239684804815
44639,9275884.10549535,25671.1363564841,1987,FALSE,1,"12868","NZL","Aorangi Range","NZL",TRUE,"12868","",0.00276751370160777
44639,9275884.10549535,148.852204538882,1992,FALSE,1,"12868","NZL","Aorangi Range","NZL",TRUE,"12868","",1.60472255631888e-05
44639,9275884.10549535,1257.1615191102,2005,FALSE,1,"12868","NZL","Aorangi Range","NZL",TRUE,"12868","",0.000135530102016412
44639,9275884.10549535,1165.31930920482,2009,FALSE,1,"12868","NZL","Aorangi Range","NZL",TRUE,"12868","",0.000125628920753165
