"SitRecID","kba","ovl","year","random","nPAs","DOMAIN","range_countries","RangeName","COUNTRY","multiple_ranges","all_gmba_intersec","note","percPA"
18181,197224600.8035,132196514.789075,1981,FALSE,1,"20845","IND;PAK","Nun Kun","IND",FALSE,"20845","",0.670284103760389
18189,864042387.891408,70149028.7938061,1981,FALSE,1,"20845","IND;PAK","Nun Kun","IND",TRUE,"20845","",0.0811870225082318
18193,429408527.469945,405022833.640709,1981,FALSE,2,"20845","IND;PAK","Nun Kun","IND",FALSE,"20845","",0.943210969812557
18193,429408527.469945,2254470.20209503,1987,FALSE,1,"20845","IND;PAK","Nun Kun","IND",FALSE,"20845","",0.00525017566693019
18199,1903054.10252084,131012.597734824,1990,FALSE,1,"20845","IND;PAK","Nun Kun","IND",FALSE,"20845","",0.0688433384848497
16428,21262115.3768626,0,0,FALSE,0,"20845","IND;PAK","Nun Kun","PAK",NA,NA,"no pas overlapping kba",0
