"SitRecID","kba","ovl","year","random","nPAs","DOMAIN","range_countries","RangeName","COUNTRY","multiple_ranges","all_gmba_intersec","note","percPA"
15106,493153852.851953,335744345.048681,1991,FALSE,1,"15245","THA;MMR","Tengyo Range","THA",TRUE,"15245","",0.680810548487133
15106,493153852.851953,151761661.144742,2009,FALSE,1,"15245","THA;MMR","Tengyo Range","THA",TRUE,"15245","",0.307736947135444
21911,912906411.653174,912906408.351423,1987,FALSE,1,"15245","THA;MMR","Tengyo Range","THA",TRUE,"15245","",0.999999996383253
22591,687293877.240591,191172.167527294,1987,FALSE,1,"15245","THA;MMR","Tengyo Range","MMR",TRUE,"15245","",0.000278152001433257
22591,687293877.240591,2391335.95000112,2005,FALSE,1,"15245","THA;MMR","Tengyo Range","MMR",TRUE,"15245","",0.00347934999741605
22599,1533822777.98202,17089.2385133207,1987,FALSE,1,"15245","THA;MMR","Tengyo Range","MMR",TRUE,"15245","",1.1141599119948e-05
22599,1533822777.98202,1522214330.12816,2005,FALSE,1,"15245","THA;MMR","Tengyo Range","MMR",TRUE,"15245","",0.992431688966613
