"SitRecID","kba","ovl","year","random","nPAs","DOMAIN","range_countries","RangeName","COUNTRY","multiple_ranges","all_gmba_intersec","note","percPA"
2736,107333780.921975,31870908.7414734,1975,FALSE,2,"15448","ITA","Southeast Dolomites","ITA",TRUE,"15448","",0.296932694140734
2736,107333780.921975,71383518.5814869,1988,FALSE,1,"15448","ITA","Southeast Dolomites","ITA",TRUE,"15448","",0.66506106435753
2736,107333780.921975,3291083.69658218,2003,FALSE,2,"15448","ITA","Southeast Dolomites","ITA",TRUE,"15448","",0.0306621426014479
2874,1170261.14776973,933623.689162612,2005,FALSE,1,"15448","ITA","Southeast Dolomites","ITA",TRUE,"15448","",0.797790895597874
2874,1170261.14776973,0.00241491198539734,2018,FALSE,1,"15448","ITA","Southeast Dolomites","ITA",TRUE,"15448","",2.06356674320056e-09
