"SitRecID","kba","ovl","year","random","nPAs","DOMAIN","range_countries","RangeName","COUNTRY","multiple_ranges","all_gmba_intersec","note","percPA"
26235,1076252425.91064,987814.407812509,1966,TRUE,1,"16921","USA","Boston Mountains","USA",FALSE,"16921","",0.000917827810679912
26235,1076252425.91064,7814170.3388291,1974,TRUE,1,"16921","USA","Boston Mountains","USA",FALSE,"16921","",0.00726053679481126
26235,1076252425.91064,6242642.76757991,1984,TRUE,1,"16921","USA","Boston Mountains","USA",FALSE,"16921","",0.00580035186661518
26235,1076252425.91064,1430455.35232209,1991,TRUE,1,"16921","USA","Boston Mountains","USA",FALSE,"16921","",0.00132910766831652
26235,1076252425.91064,76602702.3222286,1994,TRUE,1,"16921","USA","Boston Mountains","USA",FALSE,"16921","",0.0711754050239778
26235,1076252425.91064,2367095.23332322,1998,TRUE,1,"16921","USA","Boston Mountains","USA",FALSE,"16921","",0.00219938666462969
26235,1076252425.91064,3573046.86572063,2005,TRUE,1,"16921","USA","Boston Mountains","USA",FALSE,"16921","",0.0033198966893825
26235,1076252425.91064,NA,2006,TRUE,1,"16921","USA","Boston Mountains","USA",FALSE,"16921","",NA
26235,1076252425.91064,515548.494852247,2016,TRUE,1,"16921","USA","Boston Mountains","USA",FALSE,"16921","",0.000479021911998042
