"SitRecID","kba","ovl","year","random","nPAs","DOMAIN","range_countries","RangeName","COUNTRY","multiple_ranges","all_gmba_intersec","note","percPA"
44622,26656698.0346487,279650.264837598,1906,TRUE,1,"13602","NZL","Harris Mountains","NZL",TRUE,"13602","",0.0104908066435725
44622,26656698.0346487,600921.210446646,1964,TRUE,1,"13602","NZL","Harris Mountains","NZL",TRUE,"13602","",0.0225429724891493
44622,26656698.0346487,168381.23092026,1987,TRUE,2,"13602","NZL","Harris Mountains","NZL",TRUE,"13602","",0.00631665747578322
44622,26656698.0346487,1821889.1457118,1990,TRUE,1,"13602","NZL","Harris Mountains","NZL",TRUE,"13602","",0.0683463924655516
44622,26656698.0346487,230285.162337986,1992,TRUE,2,"13602","NZL","Harris Mountains","NZL",TRUE,"13602","",0.00863892302184832
44622,26656698.0346487,361216.981621668,1998,TRUE,2,"13602","NZL","Harris Mountains","NZL",TRUE,"13602","",0.0135507023845246
44622,26656698.0346487,1840256.53904679,2012,TRUE,4,"13602","NZL","Harris Mountains","NZL",TRUE,"13602","",0.0690354272931629
44622,26656698.0346487,1.75873111113583,2018,TRUE,1,"13602","NZL","Harris Mountains","NZL",TRUE,"13602","",6.59770804639723e-08
