"SitRecID","kba","ovl","year","random","nPAs","DOMAIN","range_countries","RangeName","COUNTRY","multiple_ranges","all_gmba_intersec","note","percPA"
1874,8380900.12978244,5169604.45782089,1989,FALSE,1,"19915","ESP","Sierra de Alcaparaín","ESP",TRUE,"19915","",0.616831650272283
1874,8380900.12978244,NA,1992,FALSE,1,"19915","ESP","Sierra de Alcaparaín","ESP",TRUE,"19915","",NA
1874,8380900.12978244,0.151193878801564,2002,FALSE,1,"19915","ESP","Sierra de Alcaparaín","ESP",TRUE,"19915","",1.80402911930999e-08
1874,8380900.12978244,2886653.06754382,2006,FALSE,2,"19915","ESP","Sierra de Alcaparaín","ESP",TRUE,"19915","",0.344432342927675
1874,8380900.12978244,0.0872918854471755,2015,FALSE,1,"19915","ESP","Sierra de Alcaparaín","ESP",TRUE,"19915","",1.04155739950861e-08
1873,50826106.2388071,24214258.9505058,2006,FALSE,1,"19915","ESP","Sierra de Alcaparaín","ESP",TRUE,"19915","",0.476413810586528
1873,50826106.2388071,0.535426924618096,2015,FALSE,1,"19915","ESP","Sierra de Alcaparaín","ESP",TRUE,"19915","",1.05344863937124e-08
