"SitRecID","kba","ovl","year","random","nPAs","DOMAIN","range_countries","RangeName","COUNTRY","multiple_ranges","all_gmba_intersec","note","percPA"
6441,292518406.949598,239723301.70329,1941,FALSE,1,"18142","KEN","Mau Escarpment","KEN",TRUE,"18142","",0.81951527154527
6441,292518406.949598,3745435.01946166,1967,FALSE,1,"18142","KEN","Mau Escarpment","KEN",TRUE,"18142","",0.012804100290711
6442,153058181.909539,18545246.3892952,1941,FALSE,1,"18142","KEN","Mau Escarpment","KEN",TRUE,"18142","",0.121164684944813
6442,153058181.909539,1746662.77340956,1967,FALSE,1,"18142","KEN","Mau Escarpment","KEN",TRUE,"18142","",0.0114117569646938
32101,91068627.1716877,22904694.6399024,1984,FALSE,1,"18142","KEN","Mau Escarpment","KEN",FALSE,"18142","",0.251510265952743
6438,1975050.44185838,752213.160984278,1995,FALSE,1,"18142","KEN","Mau Escarpment","KEN",FALSE,"18142","",0.38085769610851
