"SitRecID","kba","ovl","year","random","nPAs","DOMAIN","range_countries","RangeName","COUNTRY","multiple_ranges","all_gmba_intersec","note","percPA"
2407,8024135.21446972,28034.0427772835,1988,FALSE,1,"10013","FRA","Chartreuse Massif","FRA",TRUE,"10013","",0.00349371515160044
2407,8024135.21446972,26929.3754306631,1991,FALSE,2,"10013","FRA","Chartreuse Massif","FRA",TRUE,"10013","",0.00335604706437424
2407,8024135.21446972,27091.7041710015,1992,FALSE,1,"10013","FRA","Chartreuse Massif","FRA",TRUE,"10013","",0.00337627712481062
2407,8024135.21446972,0.567999754737201,1999,FALSE,1,"10013","FRA","Chartreuse Massif","FRA",TRUE,"10013","",7.07864136826784e-08
2407,8024135.21446972,6470843.03210048,2003,FALSE,1,"10013","FRA","Chartreuse Massif","FRA",TRUE,"10013","",0.806422481569324
2407,8024135.21446972,216380.09445642,2004,FALSE,1,"10013","FRA","Chartreuse Massif","FRA",TRUE,"10013","",0.0269661575575431
2407,8024135.21446972,0.05616744830877,2009,FALSE,1,"10013","FRA","Chartreuse Massif","FRA",TRUE,"10013","",6.99981328922332e-09
2407,8024135.21446972,2.79975164418916e-05,2018,FALSE,1,"10013","FRA","Chartreuse Massif","FRA",TRUE,"10013","",3.4891630927909e-12
