"SitRecID","kba","ovl","year","random","nPAs","DOMAIN","range_countries","RangeName","COUNTRY","multiple_ranges","all_gmba_intersec","note","percPA"
3099,3766385.1338813,1041768.42000191,1987,TRUE,1,"20306","SVK","Muranska planina","SVK",TRUE,"20306","",0.276596360428057
3099,3766385.1338813,1909199.18794954,1997,TRUE,2,"20306","SVK","Muranska planina","SVK",TRUE,"20306","",0.506904928753817
3099,3766385.1338813,102.369308157999,2004,TRUE,2,"20306","SVK","Muranska planina","SVK",TRUE,"20306","",2.71797239313405e-05
3120,172522674.379053,122066.926545391,1987,TRUE,1,"20306","SVK","Muranska planina","SVK",TRUE,"20306","",0.000707541353533597
3120,172522674.379053,170593555.391092,1997,TRUE,3,"20306","SVK","Muranska planina","SVK",TRUE,"20306","",0.988818171322092
