"SitRecID","kba","ovl","year","random","nPAs","DOMAIN","range_countries","RangeName","COUNTRY","multiple_ranges","all_gmba_intersec","note","percPA"
15896,156722493.265682,6544811.77292508,2006,TRUE,1,"12758","IDN","Bali","IDN",FALSE,"12758","",0.0417605133542004
15896,156722493.265682,19235578.2098179,2011,TRUE,1,"12758","IDN","Bali","IDN",FALSE,"12758","",0.122736550504011
15895,645728007.679615,45480896.5396137,2009,TRUE,1,"12758","IDN","Bali","IDN",FALSE,"12758","",0.0704335199940399
