"SitRecID","kba","ovl","year","random","nPAs","DOMAIN","range_countries","RangeName","COUNTRY","multiple_ranges","all_gmba_intersec","note","percPA"
1765,375012.551742736,111496.415524905,2014,FALSE,1,"17885","ESP","Sierra de Zariquieta","ESP",TRUE,"17885","",0.297313823248756
1762,86954624.7591659,2272909.30639037,1987,FALSE,2,"17885","ESP","Sierra de Zariquieta","ESP",TRUE,"17885","",0.0261390272534157
1762,86954624.7591659,69804659.3580762,1990,FALSE,1,"17885","ESP","Sierra de Zariquieta","ESP",TRUE,"17885","",0.802771095285741
1762,86954624.7591659,NA,1991,FALSE,2,"17885","ESP","Sierra de Zariquieta","ESP",TRUE,"17885","",NA
1762,86954624.7591659,71674.3495658261,2015,FALSE,1,"17885","ESP","Sierra de Zariquieta","ESP",TRUE,"17885","",0.00082427300174475
1762,86954624.7591659,3.29282200999609e-05,2017,FALSE,1,"17885","ESP","Sierra de Zariquieta","ESP",TRUE,"17885","",3.78682792216752e-13
