"SitRecID","kba","ovl","year","random","nPAs","DOMAIN","range_countries","RangeName","COUNTRY","multiple_ranges","all_gmba_intersec","note","percPA"
44629,524217.928571343,85758.7203829736,1982,FALSE,1,"11451","NZL","Kaherekoau Mountains","NZL",TRUE,"11451","",0.163593642469827
44629,524217.928571343,54429.2794786803,1987,FALSE,1,"11451","NZL","Kaherekoau Mountains","NZL",TRUE,"11451","",0.103829488676622
44629,524217.928571343,0.840947732329369,1997,FALSE,1,"11451","NZL","Kaherekoau Mountains","NZL",TRUE,"11451","",1.60419490920734e-06
44629,524217.928571343,6664.54987064004,1998,FALSE,1,"11451","NZL","Kaherekoau Mountains","NZL",TRUE,"11451","",0.0127133192273736
