"SitRecID","kba","ovl","year","random","nPAs","DOMAIN","range_countries","RangeName","COUNTRY","multiple_ranges","all_gmba_intersec","note","percPA"
1028,532533555.573898,6616815.28308778,1980,FALSE,1,"14789","GRC","Antichasia","GRC",TRUE,"14789","",0.0124251612200418
1028,532533555.573898,5928554.68000398,1981,FALSE,1,"14789","GRC","Antichasia","GRC",TRUE,"14789","",0.0111327344877168
1028,532533555.573898,441562.053135002,1985,FALSE,1,"14789","GRC","Antichasia","GRC",TRUE,"14789","",0.000829172262504927
1028,532533555.573898,2717866.81867391,1988,FALSE,1,"14789","GRC","Antichasia","GRC",TRUE,"14789","",0.00510365363877387
1028,532533555.573898,18923110.1368544,1991,FALSE,1,"14789","GRC","Antichasia","GRC",TRUE,"14789","",0.0355341178763119
1028,532533555.573898,589855.056664348,1992,FALSE,1,"14789","GRC","Antichasia","GRC",TRUE,"14789","",0.00110763922853401
1028,532533555.573898,464226136.173756,1997,FALSE,1,"14789","GRC","Antichasia","GRC",TRUE,"14789","",0.871731238932862
1028,532533555.573898,27463784.2635597,2006,FALSE,1,"14789","GRC","Antichasia","GRC",TRUE,"14789","",0.0515719319019488
