"SitRecID","kba","ovl","year","random","nPAs","DOMAIN","range_countries","RangeName","COUNTRY","multiple_ranges","all_gmba_intersec","note","percPA"
452,729605944.046018,4418901.08715974,1968,FALSE,4,"20199","ROU","Muntii Trascaului","ROU",TRUE,"20199","",0.00605655850698638
452,729605944.046018,3880714.93151495,1994,FALSE,9,"20199","ROU","Muntii Trascaului","ROU",TRUE,"20199","",0.0053189190181134
452,729605944.046018,10062303.6854916,1999,FALSE,10,"20199","ROU","Muntii Trascaului","ROU",TRUE,"20199","",0.0137914222980301
452,729605944.046018,3861136.1669327,2000,FALSE,3,"20199","ROU","Muntii Trascaului","ROU",TRUE,"20199","",0.0052920843072095
452,729605944.046018,615966854.173131,2007,FALSE,1,"20199","ROU","Muntii Trascaului","ROU",TRUE,"20199","",0.844245937412868
452,729605944.046018,4214333.50104666,2009,FALSE,3,"20199","ROU","Muntii Trascaului","ROU",TRUE,"20199","",0.00577617758659714
452,729605944.046018,575.318476145156,2013,FALSE,1,"20199","ROU","Muntii Trascaului","ROU",TRUE,"20199","",7.88533153875825e-07
