"SitRecID","kba","ovl","year","random","nPAs","DOMAIN","range_countries","RangeName","COUNTRY","multiple_ranges","all_gmba_intersec","note","percPA"
44612,2243264.84215808,6355.47268611193,1987,FALSE,1,"11162","NZL","Ben Ohau Range","NZL",TRUE,"11162","",0.00283313524407479
44612,2243264.84215808,514633.214196157,2014,FALSE,1,"11162","NZL","Ben Ohau Range","NZL",TRUE,"11162","",0.229412597444832
44613,24209976.9347211,678276.929754496,1990,FALSE,1,"11162","NZL","Ben Ohau Range","NZL",TRUE,"11162","",0.0280164219727832
44613,24209976.9347211,128360.107639749,2006,FALSE,1,"11162","NZL","Ben Ohau Range","NZL",TRUE,"11162","",0.00530195084389605
44614,897.196973919868,897.196973919868,1920,FALSE,1,"11162","NZL","Ben Ohau Range","NZL",TRUE,"11162","",1
