"SitRecID","kba","ovl","year","random","nPAs","DOMAIN","range_countries","RangeName","COUNTRY","multiple_ranges","all_gmba_intersec","note","percPA"
7079,575617043.678644,3420390.71145604,1967,FALSE,1,"18110","ZAF","Murchison Range","ZAF",TRUE,"18110","",0.00594212897102049
7079,575617043.678644,664006.845172897,1986,FALSE,1,"18110","ZAF","Murchison Range","ZAF",TRUE,"18110","",0.00115355660932027
7079,575617043.678644,45476158.1826446,1988,FALSE,1,"18110","ZAF","Murchison Range","ZAF",TRUE,"18110","",0.0790041898203992
7079,575617043.678644,3660.25695270707,2016,FALSE,1,"18110","ZAF","Murchison Range","ZAF",TRUE,"18110","",6.35884047024592e-06
