"SitRecID","kba","ovl","year","random","nPAs","DOMAIN","range_countries","RangeName","COUNTRY","multiple_ranges","all_gmba_intersec","note","percPA"
9717,77602985.6178163,2816519.86796869,1949,FALSE,1,"12751","PHL","Caraballo Mountains","PHL",TRUE,"12751","",0.0362939627328213
9717,77602985.6178163,6676890.90470004,1969,FALSE,1,"12751","PHL","Caraballo Mountains","PHL",TRUE,"12751","",0.0860390982581879
22326,881737396.226071,41447630.3462202,1969,FALSE,1,"12751","PHL","Caraballo Mountains","PHL",TRUE,"12751","",0.0470067738122715
22326,881737396.226071,95825.8746319413,1987,FALSE,1,"12751","PHL","Caraballo Mountains","PHL",TRUE,"12751","",0.000108678473933493
22326,881737396.226071,820643860.278154,2000,FALSE,1,"12751","PHL","Caraballo Mountains","PHL",TRUE,"12751","",0.930712322955334
22326,881737396.226071,53893.0865261704,2005,FALSE,1,"12751","PHL","Caraballo Mountains","PHL",TRUE,"12751","",6.11214708107408e-05
22336,834887539.167552,4658678.91996762,2000,FALSE,1,"12751","PHL","Caraballo Mountains","PHL",TRUE,"12751","",0.00558000772728347
22336,834887539.167552,747434371.150487,2005,FALSE,1,"12751","PHL","Caraballo Mountains","PHL",TRUE,"12751","",0.895251559145005
47180,36586370.5015954,16239728.5141735,2005,FALSE,1,"12751","PHL","Caraballo Mountains","PHL",FALSE,"12751","",0.443873723780973
