"SitRecID","kba","ovl","year","random","nPAs","DOMAIN","range_countries","RangeName","COUNTRY","multiple_ranges","all_gmba_intersec","in_gmba","note","percPA"
19645,153067465.981369,114388308.915392,1903,FALSE,1,"14591","PRI","Sierra de Luquillo","PRI",FALSE,"14591",TRUE,"",0.747306478107603
19645,153067465.981369,NA,1949,FALSE,1,"14591","PRI","Sierra de Luquillo","PRI",FALSE,"14591",TRUE,"",NA
19645,153067465.981369,513923.978872301,1975,FALSE,1,"14591","PRI","Sierra de Luquillo","PRI",FALSE,"14591",TRUE,"",0.00335749975069721
19645,153067465.981369,54148.8581503257,1985,FALSE,1,"14591","PRI","Sierra de Luquillo","PRI",FALSE,"14591",TRUE,"",0.000353758114457297
19645,153067465.981369,0.404845134122297,1989,FALSE,1,"14591","PRI","Sierra de Luquillo","PRI",FALSE,"14591",TRUE,"",2.64488035734238e-09
19645,153067465.981369,NA,1998,FALSE,1,"14591","PRI","Sierra de Luquillo","PRI",FALSE,"14591",TRUE,"",NA
27137,34289283.467383,611.399787656963,1903,FALSE,1,"14591","PRI","Sierra de Luquillo","PRI",FALSE,"14591",TRUE,"",1.78306376171011e-05
27137,34289283.467383,2263.35186114162,1975,FALSE,1,"14591","PRI","Sierra de Luquillo","PRI",FALSE,"14591",TRUE,"",6.60075578218073e-05
27137,34289283.467383,448396.837466582,1983,FALSE,1,"14591","PRI","Sierra de Luquillo","PRI",FALSE,"14591",TRUE,"",0.0130768797747877
