"SitRecID","kba","ovl","year","random","nPAs","DOMAIN","range_countries","RangeName","COUNTRY","multiple_ranges","all_gmba_intersec","note","percPA"
1810,162300791.64846,116754496.294411,1992,FALSE,4,"15045","ESP","Serra del Montsant","ESP",TRUE,"15045","",0.719371083212576
1810,162300791.64846,16.8729267518411,2002,FALSE,1,"15045","ESP","Serra del Montsant","ESP",TRUE,"15045","",1.03960840735685e-07
1810,162300791.64846,956.884180683524,2005,FALSE,1,"15045","ESP","Serra del Montsant","ESP",TRUE,"15045","",5.89574561506831e-06
1810,162300791.64846,2371.89318662831,2006,FALSE,3,"15045","ESP","Serra del Montsant","ESP",TRUE,"15045","",1.46141812528295e-05
1810,162300791.64846,9.08927027297647,2008,FALSE,2,"15045","ESP","Serra del Montsant","ESP",TRUE,"15045","",5.6002624390543e-08
