"SitRecID","kba","ovl","year","random","nPAs","DOMAIN","range_countries","RangeName","COUNTRY","multiple_ranges","all_gmba_intersec","note","percPA"
1651,411879.875569164,172.283414915204,2014,FALSE,1,"17821","ESP","Sierra de Ancares","ESP",TRUE,"17821","",0.000418285585517212
1650,534654053.517107,93089.3553593894,1990,FALSE,1,"17821","ESP","Sierra de Ancares","ESP",TRUE,"17821","",0.000174111380521706
1650,534654053.517107,403237749.243308,2000,FALSE,1,"17821","ESP","Sierra de Ancares","ESP",TRUE,"17821","",0.754203108703086
1650,534654053.517107,122469.39683073,2002,FALSE,1,"17821","ESP","Sierra de Ancares","ESP",TRUE,"17821","",0.000229062879117985
1650,534654053.517107,124491455.691595,2004,FALSE,4,"17821","ESP","Sierra de Ancares","ESP",TRUE,"17821","",0.232844873937931
1654,241956.553185158,0,0,FALSE,0,"17821","ESP","Sierra de Ancares","ESP",NA,NA,"no pas overlapping kba",0
