"SitRecID","kba","ovl","year","random","nPAs","DOMAIN","range_countries","RangeName","COUNTRY","multiple_ranges","all_gmba_intersec","in_gmba","note","percPA"
2403,808434609.165825,252255.347501189,1994,FALSE,1,"15121","FRA","Monts de la Madeleine","FRA",TRUE,"15121;15122;15128",TRUE,"",0.000312029377071667
2403,808434609.165825,44804.1861210838,2007,FALSE,1,"15121","FRA","Monts de la Madeleine","FRA",TRUE,"15121;15122;15128",TRUE,"",5.54209154495681e-05
2403,808434609.165825,117318.058264976,2009,FALSE,1,"15121","FRA","Monts de la Madeleine","FRA",TRUE,"15121;15122;15128",TRUE,"",0.00014511756044936
2403,808434609.165825,36846914.0314382,2016,FALSE,3,"15121","FRA","Monts de la Madeleine","FRA",TRUE,"15121;15122;15128",TRUE,"",0.0455781007068194
2403,808434609.165825,349129012.597721,2018,FALSE,4,"15121","FRA","Monts de la Madeleine","FRA",TRUE,"15121;15122;15128",TRUE,"",0.43185807316929
