"SitRecID","kba","ovl","year","random","nPAs","DOMAIN","range_countries","RangeName","COUNTRY","multiple_ranges","all_gmba_intersec","note","percPA"
3169,1031090551.8364,43621710.1453906,1974,FALSE,1,"20489","NOR","Store Orkelhøa","NOR",TRUE,"20489","",0.0423063814014193
3169,1031090551.8364,5100239.90796751,1981,FALSE,1,"20489","NOR","Store Orkelhøa","NOR",TRUE,"20489","",0.00494645198608779
3169,1031090551.8364,29290892.7819195,1989,FALSE,3,"20489","NOR","Store Orkelhøa","NOR",TRUE,"20489","",0.0284076822639405
3169,1031090551.8364,1563673.89261036,1993,FALSE,1,"20489","NOR","Store Orkelhøa","NOR",TRUE,"20489","",0.00151652431479021
3169,1031090551.8364,723744510.509972,2002,FALSE,1,"20489","NOR","Store Orkelhøa","NOR",TRUE,"20489","",0.701921387235063
3169,1031090551.8364,100368038.850961,2018,FALSE,1,"20489","NOR","Store Orkelhøa","NOR",TRUE,"20489","",0.097341633741288
