"SitRecID","kba","ovl","year","random","nPAs","DOMAIN","range_countries","RangeName","COUNTRY","multiple_ranges","all_gmba_intersec","note","percPA"
29594,371785239.460496,320751544.34237,1966,TRUE,1,"15996","USA","Bald Mountains","USA",TRUE,"15996","",0.862733401702064
29594,371785239.460496,558.125090378038,1985,TRUE,1,"15996","USA","Bald Mountains","USA",TRUE,"15996","",1.50120292884124e-06
29594,371785239.460496,243900.44303767,1986,TRUE,1,"15996","USA","Bald Mountains","USA",TRUE,"15996","",0.000656025084243792
29594,371785239.460496,353240.420930554,2000,TRUE,1,"15996","USA","Bald Mountains","USA",TRUE,"15996","",0.000950119540633586
