"SitRecID","kba","ovl","year","random","nPAs","DOMAIN","range_countries","RangeName","COUNTRY","multiple_ranges","all_gmba_intersec","note","percPA"
452,729605944.086621,4418901.2094486,1968,FALSE,4,"20199","ROU","Muntii Trascaului","ROU",TRUE,"20199","",0.00605655867425879
452,729605944.086621,3880715.08342022,1994,FALSE,9,"20199","ROU","Muntii Trascaului","ROU",TRUE,"20199","",0.00531891922601919
452,729605944.086621,10062303.6245234,1999,FALSE,10,"20199","ROU","Muntii Trascaului","ROU",TRUE,"20199","",0.0137914222136995
452,729605944.086621,3861136.33256451,2000,FALSE,3,"20199","ROU","Muntii Trascaului","ROU",TRUE,"20199","",0.00529208453393042
452,729605944.086621,615966853.878343,2007,FALSE,1,"20199","ROU","Muntii Trascaului","ROU",TRUE,"20199","",0.844245936961848
452,729605944.086621,4214333.60812975,2009,FALSE,3,"20199","ROU","Muntii Trascaului","ROU",TRUE,"20199","",0.00577617773304408
452,729605944.086621,575.314346997067,2013,FALSE,1,"20199","ROU","Muntii Trascaului","ROU",TRUE,"20199","",7.88527494409728e-07
