"SitRecID","kba","ovl","year","random","nPAs","DOMAIN","range_countries","RangeName","COUNTRY","multiple_ranges","all_gmba_intersec","note","percPA"
1936,38204065.7278296,619.605318702525,1988,FALSE,2,"15023","ESP","Sierra de Malagón","ESP",TRUE,"15023","",1.62183083632163e-05
1936,38204065.7278296,38109341.3495321,2000,FALSE,1,"15023","ESP","Sierra de Malagón","ESP",TRUE,"15023","",0.997520568125594
1690,501263487.689805,15394711.2504886,1961,FALSE,1,"15023","ESP","Sierra de Malagón","ESP",TRUE,"15023","",0.0307118145018679
1690,501263487.689805,79979025.2518334,1988,FALSE,1,"15023","ESP","Sierra de Malagón","ESP",TRUE,"15023","",0.159554859302512
1690,501263487.689805,16665024.9343625,1989,FALSE,1,"15023","ESP","Sierra de Malagón","ESP",TRUE,"15023","",0.0332460379493574
1690,501263487.689805,94984302.4323935,2000,FALSE,2,"15023","ESP","Sierra de Malagón","ESP",TRUE,"15023","",0.189489768884129
1690,501263487.689805,37315061.7708257,2006,FALSE,2,"15023","ESP","Sierra de Malagón","ESP",TRUE,"15023","",0.0744420104141263
1690,501263487.689805,927912.585612123,2015,FALSE,2,"15023","ESP","Sierra de Malagón","ESP",TRUE,"15023","",0.00185114736740279
