"SitRecID","kba","ovl","year","random","nPAs","DOMAIN","range_countries","RangeName","COUNTRY","multiple_ranges","all_gmba_intersec","note","percPA"
1792,678878544.783355,129080863.864235,1987,FALSE,3,"15049","ESP","Sant Llorenc del Munt y Sierra de l'Obac","ESP",TRUE,"15049","",0.190138375790662
1792,678878544.783355,170921833.621971,1992,FALSE,10,"15049","ESP","Sant Llorenc del Munt y Sierra de l'Obac","ESP",TRUE,"15049","",0.25177085788816
1792,678878544.783355,45866.0212457248,2005,FALSE,3,"15049","ESP","Sant Llorenc del Munt y Sierra de l'Obac","ESP",TRUE,"15049","",6.75614535150196e-05
1792,678878544.783355,103.671160013706,2006,FALSE,4,"15049","ESP","Sant Llorenc del Munt y Sierra de l'Obac","ESP",TRUE,"15049","",1.52709436482176e-07
1792,678878544.783355,9606.18906594813,2008,FALSE,1,"15049","ESP","Sant Llorenc del Munt y Sierra de l'Obac","ESP",TRUE,"15049","",1.41500849301603e-05
1792,678878544.783355,19.0337831251672,2014,FALSE,1,"15049","ESP","Sant Llorenc del Munt y Sierra de l'Obac","ESP",TRUE,"15049","",2.80370962839035e-08
29779,32283.127454388,32233.8526385967,1992,FALSE,1,"15049","ESP","Sant Llorenc del Munt y Sierra de l'Obac","ESP",TRUE,"15049","",0.998473666596865
