"SitRecID","kba","ovl","year","random","nPAs","DOMAIN","range_countries","RangeName","COUNTRY","multiple_ranges","all_gmba_intersec","note","percPA"
45322,11222115.0991885,11222115.0991885,2010,FALSE,1,"14287","COM","Ngazidja","COM",FALSE,"14287","",1
6452,87248969.6926926,0,0,FALSE,0,"14287","COM","Ngazidja","COM",NA,NA,"no pas overlapping kba",0
45325,43915648.6822742,193643.52850163,2010,FALSE,1,"14287","COM","Ngazidja","COM",FALSE,"14287","",0.00440944251791937
45330,5366729.41770349,419226.774715662,2010,FALSE,1,"14287","COM","Ngazidja","COM",FALSE,"14287","",0.0781158769310668
45333,9115747.77783558,677102.080773741,2010,FALSE,1,"14287","COM","Ngazidja","COM",FALSE,"14287","",0.0742782816369795
45335,4145592.68363506,2806560.04204362,2010,FALSE,1,"14287","COM","Ngazidja","COM",FALSE,"14287","",0.676998503283418
6451,142282948.533501,136333675.951278,2010,FALSE,1,"14287","COM","Ngazidja","COM",FALSE,"14287","",0.95818703053639
