"SitRecID","kba","ovl","year","random","nPAs","DOMAIN","range_countries","RangeName","COUNTRY","multiple_ranges","all_gmba_intersec","note","percPA"
1653,398260953.788501,127342952.623646,1988,FALSE,1,"17870","ESP","Macizo de Somiedo","ESP",TRUE,"17870","",0.319747520846025
1653,398260953.788501,599.996686048231,1989,FALSE,1,"17870","ESP","Macizo de Somiedo","ESP",TRUE,"17870","",1.50654157868276e-06
1653,398260953.788501,176945373.810093,2000,FALSE,1,"17870","ESP","Macizo de Somiedo","ESP",TRUE,"17870","",0.44429505862144
1653,398260953.788501,1314217.46346108,2002,FALSE,1,"17870","ESP","Macizo de Somiedo","ESP",TRUE,"17870","",0.00329989031302077
1653,398260953.788501,65208724.1654876,2003,FALSE,2,"17870","ESP","Macizo de Somiedo","ESP",TRUE,"17870","",0.163733661422699
1653,398260953.788501,27408322.2131978,2006,FALSE,1,"17870","ESP","Macizo de Somiedo","ESP",TRUE,"17870","",0.0688200084705094
