"SitRecID","kba","ovl","year","random","nPAs","DOMAIN","range_countries","RangeName","COUNTRY","multiple_ranges","all_gmba_intersec","note","percPA"
2115,372938475.56764,37543345.2834659,1974,FALSE,4,"20097","UKR","Inner Gorgany","UKR",TRUE,"20097","",0.100669005058602
2115,372938475.56764,11881027.0720932,1978,FALSE,1,"20097","UKR","Inner Gorgany","UKR",TRUE,"20097","",0.0318578742888071
2115,372938475.56764,7585724.04111862,1983,FALSE,1,"20097","UKR","Inner Gorgany","UKR",TRUE,"20097","",0.0203404168196177
2115,372938475.56764,70287102.2456856,1989,FALSE,1,"20097","UKR","Inner Gorgany","UKR",TRUE,"20097","",0.18846835832292
2115,372938475.56764,0.0096798948943615,2007,FALSE,1,"20097","UKR","Inner Gorgany","UKR",TRUE,"20097","",2.59557421090114e-11
