"SitRecID","kba","ovl","year","random","nPAs","DOMAIN","range_countries","RangeName","COUNTRY","multiple_ranges","all_gmba_intersec","note","percPA"
29978,3905354.22023092,0,0,FALSE,0,"17960","ESP","Sierra de La Tesla","ESP",NA,NA,"no pas overlapping kba",0
1667,273507167.253224,258217047.730183,2000,FALSE,2,"17960","ESP","Sierra de La Tesla","ESP",TRUE,"17960","",0.944096091972302
1667,273507167.253224,40474.1112658663,2008,FALSE,1,"17960","ESP","Sierra de La Tesla","ESP",TRUE,"17960","",0.000147981903627387
1667,273507167.253224,142392.60842939,2015,FALSE,2,"17960","ESP","Sierra de La Tesla","ESP",TRUE,"17960","",0.000520617466296806
1668,242946660.669475,211638022.11169,2000,FALSE,3,"17960","ESP","Sierra de La Tesla","ESP",TRUE,"17960","",0.871129578519378
1668,242946660.669475,74209.0024184999,2006,FALSE,1,"17960","ESP","Sierra de La Tesla","ESP",TRUE,"17960","",0.000305453889401098
1668,242946660.669475,440118.530019815,2015,FALSE,3,"17960","ESP","Sierra de La Tesla","ESP",TRUE,"17960","",0.00181158501543921
