"SitRecID","kba","ovl","year","random","nPAs","DOMAIN","range_countries","RangeName","COUNTRY","multiple_ranges","all_gmba_intersec","note","percPA"
1007,250490360.034866,17252884.7898129,1988,FALSE,1,"14807","GRC","Cholomondas Mountains","GRC",FALSE,"14807","",0.068876442140973
1007,250490360.034866,220567698.447105,1997,FALSE,1,"14807","GRC","Cholomondas Mountains","GRC",FALSE,"14807","",0.880543660108933
1007,250490360.034866,320311.882803373,2001,FALSE,2,"14807","GRC","Cholomondas Mountains","GRC",FALSE,"14807","",0.00127873936050389
1007,250490360.034866,884342.480726841,2004,FALSE,1,"14807","GRC","Cholomondas Mountains","GRC",FALSE,"14807","",0.0035304451660485
1007,250490360.034866,NA,2005,FALSE,1,"14807","GRC","Cholomondas Mountains","GRC",FALSE,"14807","",NA
1007,250490360.034866,8065934.24360039,2006,FALSE,1,"14807","GRC","Cholomondas Mountains","GRC",FALSE,"14807","",0.0322005774692395
