"SitRecID","kba","ovl","year","random","nPAs","DOMAIN","range_countries","RangeName","COUNTRY","multiple_ranges","all_gmba_intersec","note","percPA"
1868,38315191.7237285,37892945.0211754,1989,FALSE,2,"15060","ESP","Sierra de Retín, La Plata y Fates","ESP",TRUE,"15060","",0.988979653146519
1866,44374348.3654183,42132222.553709,1992,FALSE,1,"15060","ESP","Sierra de Retín, La Plata y Fates","ESP",FALSE,"15060","",0.949472479161932
1866,44374348.3654183,2.20772908256879e-06,2001,FALSE,1,"15060","ESP","Sierra de Retín, La Plata y Fates","ESP",FALSE,"15060","",4.97523718971231e-14
1866,44374348.3654183,23.7520774700053,2003,FALSE,2,"15060","ESP","Sierra de Retín, La Plata y Fates","ESP",FALSE,"15060","",5.35265944063208e-07
1866,44374348.3654183,8.608150500504e-06,2006,FALSE,1,"15060","ESP","Sierra de Retín, La Plata y Fates","ESP",FALSE,"15060","",1.93989338831902e-13
1865,204319.829032291,4295.64829371683,1992,FALSE,1,"15060","ESP","Sierra de Retín, La Plata y Fates","ESP",TRUE,"15060","",0.0210241380587586
1865,204319.829032291,5.98441441272213e-06,2003,FALSE,2,"15060","ESP","Sierra de Retín, La Plata y Fates","ESP",TRUE,"15060","",2.9289445087468e-11
1865,204319.829032291,NA,2006,FALSE,1,"15060","ESP","Sierra de Retín, La Plata y Fates","ESP",TRUE,"15060","",NA
