"SitRecID","kba","ovl","year","random","nPAs","DOMAIN","range_countries","RangeName","COUNTRY","multiple_ranges","all_gmba_intersec","note","percPA"
2806,95994616.6456902,3556598.27112019,1977,FALSE,3,"15776","ITA","Sila Greca","ITA",TRUE,"15776","",0.0370499762944766
2806,95994616.6456902,92335522.0267303,1997,FALSE,1,"15776","ITA","Sila Greca","ITA",TRUE,"15776","",0.961882293540841
2805,51782527.6116217,5827514.65560316,1997,FALSE,1,"15776","ITA","Sila Greca","ITA",TRUE,"15776","",0.112538242615551
2805,51782527.6116217,45407196.0457646,2005,FALSE,1,"15776","ITA","Sila Greca","ITA",TRUE,"15776","",0.876882572946742
