"SitRecID","kba","ovl","year","random","nPAs","DOMAIN","range_countries","RangeName","COUNTRY","multiple_ranges","all_gmba_intersec","note","percPA"
1779,51935385.4014627,24173766.407219,1988,FALSE,1,"17983","ESP","Sierras de Portiello y Galardón","ESP",TRUE,"17983","",0.465458496559808
1779,51935385.4014627,293799.836066431,2001,FALSE,1,"17983","ESP","Sierras de Portiello y Galardón","ESP",TRUE,"17983","",0.00565702620275841
1779,51935385.4014627,4.00908085925039,2006,FALSE,1,"17983","ESP","Sierras de Portiello y Galardón","ESP",TRUE,"17983","",7.7193628741946e-08
1780,137975777.591311,13333.8563418984,1988,FALSE,1,"17983","ESP","Sierras de Portiello y Galardón","ESP",TRUE,"17983","",9.66391099559064e-05
1780,137975777.591311,16198610.6420215,2001,FALSE,1,"17983","ESP","Sierras de Portiello y Galardón","ESP",TRUE,"17983","",0.117401843459816
1780,137975777.591311,1801250.43673841,2006,FALSE,3,"17983","ESP","Sierras de Portiello y Galardón","ESP",TRUE,"17983","",0.0130548308419306
