"SitRecID","kba","ovl","year","random","nPAs","DOMAIN","range_countries","RangeName","COUNTRY","multiple_ranges","all_gmba_intersec","note","percPA"
2938,184443299.823249,226440.903719306,1933,FALSE,1,"20266","CZE","Javorniky","CZE",TRUE,"20266","",0.00122769926549949
2938,184443299.823249,209011.458664676,1952,FALSE,1,"20266","CZE","Javorniky","CZE",TRUE,"20266","",0.0011332016878085
2938,184443299.823249,361439.057704628,1966,FALSE,1,"20266","CZE","Javorniky","CZE",TRUE,"20266","",0.00195962150997619
2938,184443299.823249,181470824.099981,1973,FALSE,1,"20266","CZE","Javorniky","CZE",TRUE,"20266","",0.983884067753524
