"SitRecID","kba","ovl","year","random","nPAs","DOMAIN","range_countries","RangeName","COUNTRY","multiple_ranges","all_gmba_intersec","note","percPA"
1753,935699545.678419,561287091.905367,1990,FALSE,1,"12796","ESP","Sierra de la Demanda","ESP",TRUE,"12796","",0.599858249902657
1753,935699545.678419,282581599.393108,2000,FALSE,1,"12796","ESP","Sierra de la Demanda","ESP",TRUE,"12796","",0.302000359728961
1753,935699545.678419,4828.62945578227,2003,FALSE,1,"12796","ESP","Sierra de la Demanda","ESP",TRUE,"12796","",5.16044864837604e-06
1753,935699545.678419,208.922496819927,2006,FALSE,1,"12796","ESP","Sierra de la Demanda","ESP",TRUE,"12796","",2.2327946805665e-07
1753,935699545.678419,664820.552681294,2015,FALSE,2,"12796","ESP","Sierra de la Demanda","ESP",TRUE,"12796","",0.000710506439542271
1754,14129786.0238357,6219895.51365891,1990,FALSE,1,"12796","ESP","Sierra de la Demanda","ESP",TRUE,"12796","",0.440197431381231
1754,14129786.0238357,7690428.34332848,2000,FALSE,1,"12796","ESP","Sierra de la Demanda","ESP",TRUE,"12796","",0.54427068678573
