"SitRecID","kba","ovl","year","random","nPAs","DOMAIN","range_countries","RangeName","COUNTRY","multiple_ranges","all_gmba_intersec","note","percPA"
2715,112850429.042944,1066045.01150765,1979,FALSE,1,"19476","ITA","Ligurian Apennines (nn)","ITA",FALSE,"19476","",0.00944653042570153
2715,112850429.042944,52498092.0160125,1985,FALSE,1,"19476","ITA","Ligurian Apennines (nn)","ITA",FALSE,"19476","",0.465200641780766
2715,112850429.042944,46886358.4264775,2000,FALSE,1,"19476","ITA","Ligurian Apennines (nn)","ITA",FALSE,"19476","",0.415473461856625
2715,112850429.042944,26883.8062728132,2006,FALSE,1,"19476","ITA","Ligurian Apennines (nn)","ITA",FALSE,"19476","",0.000238225113549039
2715,112850429.042944,2635122.79630522,2017,FALSE,3,"19476","ITA","Ligurian Apennines (nn)","ITA",FALSE,"19476","",0.0233505784484208
2748,1779315.61856676,1344656.79568333,2004,FALSE,1,"19476","ITA","Ligurian Apennines (nn)","ITA",TRUE,"19476","",0.755715726682853
2748,1779315.61856676,NA,2019,FALSE,1,"19476","ITA","Ligurian Apennines (nn)","ITA",TRUE,"19476","",NA
