"SitRecID","kba","ovl","year","random","nPAs","DOMAIN","range_countries","RangeName","COUNTRY","multiple_ranges","all_gmba_intersec","note","percPA"
2779,922963996.828931,297073548.458597,1983,FALSE,1,"18166","ITA","Monti Simbruini-Ernici","ITA",TRUE,"18166","",0.3218690539168
2779,922963996.828931,10060292.0859868,1987,FALSE,1,"18166","ITA","Monti Simbruini-Ernici","ITA",TRUE,"18166","",0.0108999832285456
2779,922963996.828931,180239873.199603,1996,FALSE,1,"18166","ITA","Monti Simbruini-Ernici","ITA",TRUE,"18166","",0.195283753016219
2779,922963996.828931,187843087.445369,2005,FALSE,1,"18166","ITA","Monti Simbruini-Ernici","ITA",TRUE,"18166","",0.203521576237805
2779,922963996.828931,114.160497731268,2016,FALSE,11,"18166","ITA","Monti Simbruini-Ernici","ITA",TRUE,"18166","",1.23689004255306e-07
2779,922963996.828931,12331457.624171,2018,FALSE,2,"18166","ITA","Monti Simbruini-Ernici","ITA",TRUE,"18166","",0.0133607135993807
