"SitRecID","kba","ovl","year","random","nPAs","DOMAIN","range_countries","RangeName","COUNTRY","multiple_ranges","all_gmba_intersec","note","percPA"
2716,93692872.8868622,65478383.1889807,1978,FALSE,1,"19452","ITA","Ligurian Alps (nn)","ITA",TRUE,"19452","",0.698861942978826
2716,93692872.8868622,107035.174928418,2000,FALSE,2,"19452","ITA","Ligurian Alps (nn)","ITA",TRUE,"19452","",0.00114240466356141
2716,93692872.8868622,26510395.26093,2006,FALSE,2,"19452","ITA","Ligurian Alps (nn)","ITA",TRUE,"19452","",0.282949966674011
2717,163404858.941851,105.19873644039,1978,FALSE,1,"19452","ITA","Ligurian Alps (nn)","ITA",FALSE,"19452","",6.43791972415128e-07
2717,163404858.941851,50876199.6640421,2000,FALSE,6,"19452","ITA","Ligurian Alps (nn)","ITA",FALSE,"19452","",0.311350592592517
2717,163404858.941851,151998.073595037,2006,FALSE,1,"19452","ITA","Ligurian Alps (nn)","ITA",FALSE,"19452","",0.000930193107960926
2717,163404858.941851,62459771.2195637,2015,FALSE,5,"19452","ITA","Ligurian Alps (nn)","ITA",FALSE,"19452","",0.382239375401869
2717,163404858.941851,11905208.0735058,2017,FALSE,4,"19452","ITA","Ligurian Alps (nn)","ITA",FALSE,"19452","",0.0728571240206656
