"SitRecID","kba","ovl","year","random","nPAs","DOMAIN","range_countries","RangeName","COUNTRY","multiple_ranges","all_gmba_intersec","note","percPA"
2748,1381768.96598232,1362515.77944851,2004,FALSE,1,"12314","ITA","Tuscan–Emilian Apennines","ITA",TRUE,"12314","",0.986066276629595
2755,164759890.0347,1650552.87684181,1971,FALSE,1,"12314","ITA","Tuscan–Emilian Apennines","ITA",FALSE,"12314","",0.0100179289783102
2755,164759890.0347,11670035.4652678,1977,FALSE,2,"12314","ITA","Tuscan–Emilian Apennines","ITA",FALSE,"12314","",0.0708305611445239
2755,164759890.0347,37980661.185675,1988,FALSE,1,"12314","ITA","Tuscan–Emilian Apennines","ITA",FALSE,"12314","",0.230521282684008
2755,164759890.0347,2298237.09008686,1993,FALSE,1,"12314","ITA","Tuscan–Emilian Apennines","ITA",FALSE,"12314","",0.0139490084000592
2755,164759890.0347,37598356.9207412,1996,FALSE,1,"12314","ITA","Tuscan–Emilian Apennines","ITA",FALSE,"12314","",0.228200910505723
2755,164759890.0347,54264901.6572,1997,FALSE,2,"12314","ITA","Tuscan–Emilian Apennines","ITA",FALSE,"12314","",0.329357476784983
2755,164759890.0347,716959.582737124,1998,FALSE,3,"12314","ITA","Tuscan–Emilian Apennines","ITA",FALSE,"12314","",0.00435154200810724
2755,164759890.0347,16055886.5724459,1999,FALSE,6,"12314","ITA","Tuscan–Emilian Apennines","ITA",FALSE,"12314","",0.097450214181767
