"SitRecID","kba","ovl","year","random","nPAs","DOMAIN","range_countries","RangeName","COUNTRY","multiple_ranges","all_gmba_intersec","in_gmba","note","percPA"
1824,38457748.7672593,17998205.7951386,1989,FALSE,1,"17993","ESP","Serra del Reclot","ESP",TRUE,"17993;19917",TRUE,"",0.467999463620741
1824,38457748.7672593,8650919.87265044,1990,FALSE,1,"17993","ESP","Serra del Reclot","ESP",TRUE,"17993;19917",TRUE,"",0.224946081087703
1824,38457748.7672593,133013.404791713,1991,FALSE,1,"17993","ESP","Serra del Reclot","ESP",TRUE,"17993;19917",TRUE,"",0.00345868931633753
1824,38457748.7672593,13222.4378918256,1994,FALSE,2,"17993","ESP","Serra del Reclot","ESP",TRUE,"17993;19917",TRUE,"",0.000343817262207567
1824,38457748.7672593,34483.4633907823,2006,FALSE,1,"17993","ESP","Serra del Reclot","ESP",TRUE,"17993;19917",TRUE,"",0.000896658397751546
1824,38457748.7672593,8924112.76207375,2011,FALSE,4,"17993","ESP","Serra del Reclot","ESP",TRUE,"17993;19917",TRUE,"",0.232049796156327
1824,38457748.7672593,0.0331807837355882,2015,FALSE,1,"17993","ESP","Serra del Reclot","ESP",TRUE,"17993;19917",TRUE,"",8.6278538913948e-10
