"SitRecID","kba","ovl","year","random","nPAs","DOMAIN","range_countries","RangeName","COUNTRY","multiple_ranges","all_gmba_intersec","note","percPA"
1672,4039069.09953904,87359.1168171875,1997,FALSE,1,"17958","ESP","Sierra de Toloño","ESP",TRUE,"17958","",0.0216285274315206
1672,4039069.09953904,NA,1998,FALSE,1,"17958","ESP","Sierra de Toloño","ESP",TRUE,"17958","",NA
1672,4039069.09953904,NA,2004,FALSE,1,"17958","ESP","Sierra de Toloño","ESP",TRUE,"17958","",NA
1672,4039069.09953904,27782.197691083,2015,FALSE,1,"17958","ESP","Sierra de Toloño","ESP",TRUE,"17958","",0.00687836652615168
1671,47299174.0290598,8460189.70284796,1990,FALSE,1,"17958","ESP","Sierra de Toloño","ESP",TRUE,"17958","",0.178865485000862
1671,47299174.0290598,34969348.960609,2000,FALSE,1,"17958","ESP","Sierra de Toloño","ESP",TRUE,"17958","",0.739322613522268
1671,47299174.0290598,0.0206123634097821,2003,FALSE,1,"17958","ESP","Sierra de Toloño","ESP",TRUE,"17958","",4.35786963153273e-10
1671,47299174.0290598,0.0019399777520448,2004,FALSE,1,"17958","ESP","Sierra de Toloño","ESP",TRUE,"17958","",4.10150450164924e-11
1671,47299174.0290598,NA,2006,FALSE,1,"17958","ESP","Sierra de Toloño","ESP",TRUE,"17958","",NA
