"SitRecID","kba","ovl","year","random","nPAs","DOMAIN","range_countries","RangeName","COUNTRY","multiple_ranges","all_gmba_intersec","note","percPA"
1704,89046.7272254271,182.058147894219,1986,FALSE,1,"12812","ESP","Sierra de Segura","ESP",TRUE,"12812","",0.0020445237412637
1704,89046.7272254271,575.760209161788,1987,FALSE,1,"12812","ESP","Sierra de Segura","ESP",TRUE,"12812","",0.00646582111551632
1704,89046.7272254271,88288.8124548857,2005,FALSE,1,"12812","ESP","Sierra de Segura","ESP",TRUE,"12812","",0.991488572414092
1846,774764280.141986,745715652.089433,1986,FALSE,1,"12812","ESP","Sierra de Segura","ESP",TRUE,"12812","",0.962506495463073
1846,774764280.141986,182708.359819906,1987,FALSE,1,"12812","ESP","Sierra de Segura","ESP",TRUE,"12812","",0.000235824449452448
1846,774764280.141986,26079760.0977672,1989,FALSE,1,"12812","ESP","Sierra de Segura","ESP",TRUE,"12812","",0.033661541666567
