"SitRecID","kba","ovl","year","random","nPAs","DOMAIN","range_countries","RangeName","COUNTRY","multiple_ranges","all_gmba_intersec","note","percPA"
28558,2501298.60904994,151180.122950674,1987,FALSE,1,"11346","NZL","Garvie Mountains","NZL",TRUE,"11346","",0.0604406536683345
28558,2501298.60904994,629.300964543887,1995,FALSE,1,"11346","NZL","Garvie Mountains","NZL",TRUE,"11346","",0.000251589699153478
44626,3153967.15888472,612256.640376346,1993,FALSE,1,"11346","NZL","Garvie Mountains","NZL",TRUE,"11346","",0.194122706272201
44626,3153967.15888472,750276.811907817,2013,FALSE,1,"11346","NZL","Garvie Mountains","NZL",TRUE,"11346","",0.237883520693704
44626,3153967.15888472,271143.143484632,2015,FALSE,3,"11346","NZL","Garvie Mountains","NZL",TRUE,"11346","",0.0859689178185708
