"SitRecID","kba","ovl","year","random","nPAs","DOMAIN","range_countries","RangeName","COUNTRY","multiple_ranges","all_gmba_intersec","note","percPA"
26461,1197413759.46439,828319551.378821,1999,TRUE,1,"15236","IDN","Waigeo Highlands","IDN",FALSE,"15236","",0.691757168173292
26461,1197413759.46439,3183855.18431085,2009,TRUE,2,"15236","IDN","Waigeo Highlands","IDN",FALSE,"15236","",0.00265894320918361
26452,649889803.455245,1828815.15367905,1999,TRUE,1,"15236","IDN","Waigeo Highlands","IDN",FALSE,"15236","",0.00281403884774904
26452,649889803.455245,591048465.712555,2009,TRUE,4,"15236","IDN","Waigeo Highlands","IDN",FALSE,"15236","",0.90945951539807
