"SitRecID","kba","ovl","year","random","nPAs","DOMAIN","range_countries","RangeName","COUNTRY","multiple_ranges","all_gmba_intersec","note","percPA"
1754,44660762.3275365,224269.54615391,1990,FALSE,1,"14985","ESP","Sierras de Montes Claros y Oncala","ESP",TRUE,"14985","",0.0050216237803812
1754,44660762.3275365,0.117048653640495,1995,FALSE,1,"14985","ESP","Sierras de Montes Claros y Oncala","ESP",TRUE,"14985","",2.62083868569181e-09
1754,44660762.3275365,42450710.423557,2000,FALSE,1,"14985","ESP","Sierras de Montes Claros y Oncala","ESP",TRUE,"14985","",0.950514684729936
1754,44660762.3275365,2.9730629830943e-07,2003,FALSE,1,"14985","ESP","Sierras de Montes Claros y Oncala","ESP",TRUE,"14985","",6.65699112184925e-15
1754,44660762.3275365,2.26714428785968e-07,2006,FALSE,1,"14985","ESP","Sierras de Montes Claros y Oncala","ESP",TRUE,"14985","",5.07636719506202e-15
1754,44660762.3275365,10794.861246776,2008,FALSE,1,"14985","ESP","Sierras de Montes Claros y Oncala","ESP",TRUE,"14985","",0.000241707948637504
1754,44660762.3275365,344928.717207846,2015,FALSE,3,"14985","ESP","Sierras de Montes Claros y Oncala","ESP",TRUE,"14985","",0.00772330563186945
