"SitRecID","kba","ovl","year","random","nPAs","DOMAIN","range_countries","RangeName","COUNTRY","multiple_ranges","all_gmba_intersec","note","percPA"
2874,730818243.485816,348270983.919334,1996,FALSE,1,"15454","ITA","Carnic Prealps","ITA",TRUE,"15454","",0.476549384232898
2874,730818243.485816,783475.828985772,1998,FALSE,1,"15454","ITA","Carnic Prealps","ITA",TRUE,"15454","",0.00107205291598742
2874,730818243.485816,30889573.6239919,2000,FALSE,1,"15454","ITA","Carnic Prealps","ITA",TRUE,"15454","",0.0422671079975461
2874,730818243.485816,131923302.101514,2005,FALSE,1,"15454","ITA","Carnic Prealps","ITA",TRUE,"15454","",0.180514516813748
2874,730818243.485816,97633.0532160914,2009,FALSE,1,"15454","ITA","Carnic Prealps","ITA",TRUE,"15454","",0.000133594165288495
2874,730818243.485816,12731733.7075018,2013,FALSE,4,"15454","ITA","Carnic Prealps","ITA",TRUE,"15454","",0.0174212040011134
2874,730818243.485816,30143.3556158559,2018,FALSE,1,"15454","ITA","Carnic Prealps","ITA",TRUE,"15454","",4.12460360486895e-05
2895,31165346.6159998,1327716.20561463,1996,FALSE,1,"15454","ITA","Carnic Prealps","ITA",TRUE,"15454","",0.0426023243692402
2895,31165346.6159998,2073604.12561589,2013,FALSE,1,"15454","ITA","Carnic Prealps","ITA",TRUE,"15454","",0.0665355707788386
