"SitRecID","kba","ovl","year","random","nPAs","DOMAIN","range_countries","RangeName","COUNTRY","multiple_ranges","all_gmba_intersec","note","percPA"
1762,123306128.148437,99689034.9053054,1990,FALSE,2,"17973","ESP","Sierra de Atuzcarraz","ESP",TRUE,"17973","",0.808467806119892
1762,123306128.148437,936007.657143756,2014,FALSE,2,"17973","ESP","Sierra de Atuzcarraz","ESP",TRUE,"17973","",0.00759092570011589
1762,123306128.148437,75490.731996861,2015,FALSE,1,"17973","ESP","Sierra de Atuzcarraz","ESP",TRUE,"17973","",0.000612222061712816
1762,123306128.148437,25719.9560609467,2017,FALSE,3,"17973","ESP","Sierra de Atuzcarraz","ESP",TRUE,"17973","",0.000208586194758989
1776,5656290.34053995,154267.250237564,1990,FALSE,2,"17973","ESP","Sierra de Atuzcarraz","ESP",TRUE,"17973","",0.0272735734818799
1776,5656290.34053995,379326.653256649,2014,FALSE,3,"17973","ESP","Sierra de Atuzcarraz","ESP",TRUE,"17973","",0.0670627974200557
