"SitRecID","kba","ovl","year","random","nPAs","DOMAIN","range_countries","RangeName","COUNTRY","multiple_ranges","all_gmba_intersec","note","percPA"
1017,1409570.55236316,6188.18126797676,2003,FALSE,1,"14791","GRC","Askio Range","GRC",TRUE,"14791","",0.00439011815166131
1017,1409570.55236316,170668.986110687,2006,FALSE,1,"14791","GRC","Askio Range","GRC",TRUE,"14791","",0.121078711402249
1017,1409570.55236316,693230.089029789,2010,FALSE,1,"14791","GRC","Askio Range","GRC",TRUE,"14791","",0.49180233502153
1020,49247453.2190677,20352.1495242119,2001,FALSE,1,"14791","GRC","Askio Range","GRC",TRUE,"14791","",0.000413262985066036
1020,49247453.2190677,48514651.4324577,2008,FALSE,1,"14791","GRC","Askio Range","GRC",TRUE,"14791","",0.985120006442765
