"SitRecID","kba","ovl","year","random","nPAs","DOMAIN","range_countries","RangeName","COUNTRY","multiple_ranges","all_gmba_intersec","note","percPA"
24385,312410084.445038,312409847.812768,1982,FALSE,1,"12515","AUS","Eldon Range","AUS",TRUE,"12515","",0.999999242558797
47019,78657101.028791,8817397.26497763,1982,FALSE,1,"12515","AUS","Eldon Range","AUS",TRUE,"12515","",0.11209918938851
47019,78657101.028791,0.476798670286826,1999,FALSE,1,"12515","AUS","Eldon Range","AUS",TRUE,"12515","",6.06173713562495e-09
47019,78657101.028791,56536118.216479,2000,FALSE,2,"12515","AUS","Eldon Range","AUS",TRUE,"12515","",0.718766868814362
