"SitRecID","kba","ovl","year","random","nPAs","DOMAIN","range_countries","RangeName","COUNTRY","multiple_ranges","all_gmba_intersec","note","percPA"
26952,10885.1008034729,0,0,FALSE,0,"12877","JAM","John Crow Mountains","JAM",NA,NA,"no pas overlapping kba",0
26837,143911441.042389,193294.812117338,1945,FALSE,1,"12877","JAM","John Crow Mountains","JAM",TRUE,"12877","",0.00134315111235946
26837,143911441.042389,78695719.1844865,1950,FALSE,2,"12877","JAM","John Crow Mountains","JAM",TRUE,"12877","",0.546834349058506
26837,143911441.042389,NA,1955,FALSE,1,"12877","JAM","John Crow Mountains","JAM",TRUE,"12877","",NA
26837,143911441.042389,4690660.78798676,1959,FALSE,1,"12877","JAM","John Crow Mountains","JAM",TRUE,"12877","",0.0325940783721644
26837,143911441.042389,7425961.63764619,1993,FALSE,1,"12877","JAM","John Crow Mountains","JAM",TRUE,"12877","",0.0516009122266997
26837,143911441.042389,197018.881640911,2015,FALSE,1,"12877","JAM","John Crow Mountains","JAM",TRUE,"12877","",0.0013690286207535
