"SitRecID","kba","ovl","year","random","nPAs","DOMAIN","range_countries","RangeName","COUNTRY","percPA"
44530,12564707.957145,1963375.9662804,1961,TRUE,1,"11202","USA","Cascade Range","USA",0.156261170015011
44551,243061873.469955,91360.883569926,1987,FALSE,1,"11202","USA","Cascade Range","USA",0.000375875007732214
44551,243061873.469955,131434.913990974,1989,FALSE,1,"11202","USA","Cascade Range","USA",0.000540746732980403
44551,243061873.469955,31151479.2176393,1996,FALSE,1,"11202","USA","Cascade Range","USA",0.128162754499174
44551,243061873.469955,165096.860464573,1997,FALSE,1,"11202","USA","Cascade Range","USA",0.000679237998570682
44551,243061873.469955,338625.749572152,2005,FALSE,1,"11202","USA","Cascade Range","USA",0.00139316687038541
44551,243061873.469955,153552.611471891,2006,FALSE,1,"11202","USA","Cascade Range","USA",0.000631742894431659
44551,243061873.469955,113667.915546304,2008,FALSE,3,"11202","USA","Cascade Range","USA",0.000467650125145415
44551,243061873.469955,143767.615659952,2010,FALSE,1,"11202","USA","Cascade Range","USA",0.000591485672382605
