"SitRecID","kba","ovl","year","random","nPAs","DOMAIN","range_countries","RangeName","COUNTRY","multiple_ranges","all_gmba_intersec","note","percPA"
29978,3905354.22192105,0,0,FALSE,0,"17960","ESP","Sierra de La Tesla","ESP",NA,NA,"no pas overlapping kba",0
1667,273507167.085478,258217047.49245,2000,FALSE,2,"17960","ESP","Sierra de La Tesla","ESP",TRUE,"17960","",0.944096091682125
1667,273507167.085478,40474.0763896715,2008,FALSE,1,"17960","ESP","Sierra de La Tesla","ESP",TRUE,"17960","",0.000147981776203408
1667,273507167.085478,142392.610426159,2015,FALSE,2,"17960","ESP","Sierra de La Tesla","ESP",TRUE,"17960","",0.000520617473916715
1668,242946660.629796,211638022.182167,2000,FALSE,3,"17960","ESP","Sierra de La Tesla","ESP",TRUE,"17960","",0.871129578951747
1668,242946660.629796,74208.9920253818,2006,FALSE,1,"17960","ESP","Sierra de La Tesla","ESP",TRUE,"17960","",0.000305453846671563
1668,242946660.629796,440118.375730311,2015,FALSE,3,"17960","ESP","Sierra de La Tesla","ESP",TRUE,"17960","",0.00181158438065945
