"SitRecID","kba","ovl","year","random","nPAs","DOMAIN","range_countries","RangeName","COUNTRY","multiple_ranges","all_gmba_intersec","note","percPA"
2168,43219638.4115154,21841101.5422319,1967,FALSE,1,"17897","FRA","Massif du Moulle de Jaout","FRA",FALSE,"17897","",0.50535132511457
2168,43219638.4115154,469795.221129569,1974,FALSE,1,"17897","FRA","Massif du Moulle de Jaout","FRA",FALSE,"17897","",0.0108699479772695
2168,43219638.4115154,82750.68790295,2003,FALSE,1,"17897","FRA","Massif du Moulle de Jaout","FRA",FALSE,"17897","",0.00191465479454132
2168,43219638.4115154,20826004.1982893,2004,FALSE,1,"17897","FRA","Massif du Moulle de Jaout","FRA",FALSE,"17897","",0.481864378410451
2170,12860707.9400328,3899235.40926674,1967,FALSE,1,"17897","FRA","Massif du Moulle de Jaout","FRA",TRUE,"17897","",0.303189795417809
2170,12860707.9400328,8690891.97856078,2004,FALSE,1,"17897","FRA","Massif du Moulle de Jaout","FRA",TRUE,"17897","",0.675770884393368
2170,12860707.9400328,268624.024951294,2019,FALSE,2,"17897","FRA","Massif du Moulle de Jaout","FRA",TRUE,"17897","",0.0208871880306932
