"SitRecID","kba","ovl","year","random","nPAs","DOMAIN","range_countries","RangeName","COUNTRY","multiple_ranges","all_gmba_intersec","note","percPA"
24373,50172.7657246292,48547.9028700143,2007,FALSE,1,"20173","ROU","Făgăraș Mountains","ROU",TRUE,"20173","",0.967614644495924
24373,50172.7657246292,1624.86285461485,2009,FALSE,1,"20173","ROU","Făgăraș Mountains","ROU",TRUE,"20173","",0.0323853555040764
24375,385272168.97265,10227.5805035047,1931,FALSE,1,"20173","ROU","Făgăraș Mountains","ROU",TRUE,"20173","",2.65463776705625e-05
24375,385272168.97265,123158.894610167,1994,FALSE,1,"20173","ROU","Făgăraș Mountains","ROU",TRUE,"20173","",0.000319667249618826
24375,385272168.97265,12323268.6647655,2000,FALSE,1,"20173","ROU","Făgăraș Mountains","ROU",TRUE,"20173","",0.0319858781848328
24375,385272168.97265,368580348.864848,2007,FALSE,2,"20173","ROU","Făgăraș Mountains","ROU",TRUE,"20173","",0.956675250765422
