"SitRecID","kba","ovl","year","random","nPAs","DOMAIN","range_countries","RangeName","COUNTRY","multiple_ranges","all_gmba_intersec","note","percPA"
20715,28349257.6737274,5421248.56838935,1916,FALSE,1,"14604","LCA","Saint Lucia","LCA",FALSE,"14604","",0.191230706312761
20575,80753789.0191273,77966528.1833209,1916,FALSE,1,"14604","LCA","Saint Lucia","LCA",FALSE,"14604","",0.965484457513861
20716,9593735.42070275,3126754.16601479,1916,FALSE,1,"14604","LCA","Saint Lucia","LCA",FALSE,"14604","",0.325916238972718
20576,61689106.9865928,3066400.54354511,1916,FALSE,1,"14604","LCA","Saint Lucia","LCA",FALSE,"14604","",0.0497073258689179
20576,61689106.9865928,0.242682867077564,1995,FALSE,1,"14604","LCA","Saint Lucia","LCA",FALSE,"14604","",3.93396628565733e-09
20576,61689106.9865928,43.061763137579,1998,FALSE,1,"14604","LCA","Saint Lucia","LCA",FALSE,"14604","",6.98044845209671e-07
20576,61689106.9865928,15107455.2312885,2004,FALSE,1,"14604","LCA","Saint Lucia","LCA",FALSE,"14604","",0.244896643333999
