"SitRecID","kba","ovl","year","random","nPAs","DOMAIN","range_countries","RangeName","COUNTRY","multiple_ranges","all_gmba_intersec","note","percPA"
7047,35459647.5582048,26664919.828524,1932,FALSE,2,"20349","UGA","Buhweju Hills","UGA",TRUE,"20349","",0.75197926839953
7047,35459647.5582048,5275520.39723502,1952,FALSE,1,"20349","UGA","Buhweju Hills","UGA",TRUE,"20349","",0.148775319567844
23547,352109937.421681,320133714.589824,1932,FALSE,1,"20349","UGA","Buhweju Hills","UGA",FALSE,"20349","",0.909186820837828
23547,352109937.421681,7838797.19354787,1968,FALSE,1,"20349","UGA","Buhweju Hills","UGA",FALSE,"20349","",0.0222623571801107
29369,69615146.5496755,69614659.579956,1932,FALSE,3,"20349","UGA","Buhweju Hills","UGA",FALSE,"20349","",0.999993004830936
