"SitRecID","kba","ovl","year","random","nPAs","DOMAIN","range_countries","RangeName","COUNTRY","multiple_ranges","all_gmba_intersec","note","percPA"
14338,1938463720.59312,1229433223.89915,1991,FALSE,1,"12845","NPL","Mahalangur Himal","NPL",TRUE,"12845","",0.634230711072049
14338,1938463720.59312,667053991.043853,1999,FALSE,1,"12845","NPL","Mahalangur Himal","NPL",TRUE,"12845","",0.344114766738968
14338,1938463720.59312,3781028.21692444,2002,FALSE,1,"12845","NPL","Mahalangur Himal","NPL",TRUE,"12845","",0.00195052823365069
14342,9769110.94062071,5539824.04165018,1991,FALSE,1,"12845","NPL","Mahalangur Himal","NPL",TRUE,"12845","",0.567075558392439
14342,9769110.94062071,4225524.68643155,2002,FALSE,1,"12845","NPL","Mahalangur Himal","NPL",TRUE,"12845","",0.432539328513662
