"SitRecID","kba","ovl","year","random","nPAs","DOMAIN","range_countries","RangeName","COUNTRY","multiple_ranges","all_gmba_intersec","note","percPA"
44622,2860246.81208302,183006.997755199,1998,FALSE,3,"13597","NZL","Crown Range","NZL",TRUE,"13597","",0.0639829391582895
44622,2860246.81208302,291635.702365576,2005,FALSE,1,"13597","NZL","Crown Range","NZL",TRUE,"13597","",0.101961726216623
44622,2860246.81208302,3498.15307095693,2008,FALSE,1,"13597","NZL","Crown Range","NZL",TRUE,"13597","",0.00122302489987196
44622,2860246.81208302,258.022450042423,2012,FALSE,1,"13597","NZL","Crown Range","NZL",TRUE,"13597","",9.02098549511237e-05
