"SitRecID","kba","ovl","year","random","nPAs","DOMAIN","range_countries","RangeName","COUNTRY","multiple_ranges","all_gmba_intersec","note","percPA"
44621,14045779.154775,883028.699906623,1964,FALSE,1,"13618","NZL","McKerrow Range","NZL",TRUE,"13618","",0.062867904313192
44621,14045779.154775,45690.3651946783,1987,FALSE,1,"13618","NZL","McKerrow Range","NZL",TRUE,"13618","",0.00325296052936624
44621,14045779.154775,4272549.65556921,1990,FALSE,1,"13618","NZL","McKerrow Range","NZL",TRUE,"13618","",0.304187443678887
44621,14045779.154775,48758.198597759,2002,FALSE,1,"13618","NZL","McKerrow Range","NZL",TRUE,"13618","",0.00347137727715042
44621,14045779.154775,55075.9471347034,2005,FALSE,1,"13618","NZL","McKerrow Range","NZL",TRUE,"13618","",0.0039211742209388
