"SitRecID","kba","ovl","year","random","nPAs","DOMAIN","range_countries","RangeName","COUNTRY","multiple_ranges","all_gmba_intersec","in_gmba","note","percPA"
1042,172346934.203105,29239258.2708047,1986,FALSE,2,"19894","GRC","Giona","GRC",TRUE,"19894;19895",TRUE,"",0.169653486474829
1042,172346934.203105,30221319.7164192,1988,FALSE,1,"19894","GRC","Giona","GRC",TRUE,"19894;19895",TRUE,"",0.175351652503459
1042,172346934.203105,45770501.9194776,2002,FALSE,1,"19894","GRC","Giona","GRC",TRUE,"19894;19895",TRUE,"",0.265571895033182
1042,172346934.203105,52926423.8370045,2006,FALSE,1,"19894","GRC","Giona","GRC",TRUE,"19894;19895",TRUE,"",0.307092343021505
1104,23072834.1951011,2782813.30931282,1981,FALSE,1,"19894","GRC","Giona","GRC",FALSE,"19894",TRUE,"",0.120609946995748
1104,23072834.1951011,13852387.4498961,2006,FALSE,2,"19894","GRC","Giona","GRC",FALSE,"19894",TRUE,"",0.600376500466393
1104,23072834.1951011,6424187.39252391,2010,FALSE,1,"19894","GRC","Giona","GRC",FALSE,"19894",TRUE,"",0.278430787401399
