"SitRecID","kba","ovl","year","random","nPAs","DOMAIN","range_countries","RangeName","COUNTRY","multiple_ranges","all_gmba_intersec","note","percPA"
19689,8991502.32897598,1386637.98122262,1990,FALSE,2,"19077","PRT","Flores (Azores)","PRT",FALSE,"19077","",0.15421649580783
19689,8991502.32897598,257014.65480426,2008,FALSE,1,"19077","PRT","Flores (Azores)","PRT",FALSE,"19077","",0.0285841726333101
19689,8991502.32897598,1082717.29219407,2009,FALSE,2,"19077","PRT","Flores (Azores)","PRT",FALSE,"19077","",0.120415616053939
19689,8991502.32897598,3938389.75044673,2011,FALSE,7,"19077","PRT","Flores (Azores)","PRT",FALSE,"19077","",0.438012426216572
26976,17754374.6804648,1450742.11846134,1990,FALSE,2,"19077","PRT","Flores (Azores)","PRT",TRUE,"19077","",0.0817118115715785
26976,17754374.6804648,4092321.82355453,2009,FALSE,1,"19077","PRT","Flores (Azores)","PRT",TRUE,"19077","",0.230496533795546
26976,17754374.6804648,2283897.39069542,2011,FALSE,5,"19077","PRT","Flores (Azores)","PRT",TRUE,"19077","",0.128638571157812
