"SitRecID","kba","ovl","year","random","nPAs","DOMAIN","range_countries","RangeName","COUNTRY","multiple_ranges","all_gmba_intersec","note","percPA"
173,35957988.1188563,16629046.1995068,1969,FALSE,1,"20686","AZE;IRN","Reshteh-ye Gacheh Dagh","AZE",FALSE,"20686","",0.462457636521286
173,35957988.1188563,14756911.2653961,1993,FALSE,1,"20686","AZE;IRN","Reshteh-ye Gacheh Dagh","AZE",FALSE,"20686","",0.410393129243447
46739,787664942.467125,767838245.769222,1967,FALSE,1,"20686","AZE;IRN","Reshteh-ye Gacheh Dagh","IRN",TRUE,"20686","",0.974828514474947
46739,787664942.467125,559707.681608796,1993,FALSE,1,"20686","AZE;IRN","Reshteh-ye Gacheh Dagh","IRN",TRUE,"20686","",0.000710591079318167
46709,80280743.8407161,2075555.90888572,1967,FALSE,1,"20686","AZE;IRN","Reshteh-ye Gacheh Dagh","AZE",TRUE,"20686","",0.0258537204513675
46709,80280743.8407161,49908205.0095924,1969,FALSE,1,"20686","AZE;IRN","Reshteh-ye Gacheh Dagh","AZE",TRUE,"20686","",0.621670934048825
46709,80280743.8407161,18365903.6684499,1993,FALSE,1,"20686","AZE;IRN","Reshteh-ye Gacheh Dagh","AZE",TRUE,"20686","",0.228770970344886
