"SitRecID","kba","ovl","year","random","nPAs","DOMAIN","range_countries","RangeName","COUNTRY","multiple_ranges","all_gmba_intersec","note","percPA"
24354,22221923.5209367,20651423.4411261,2000,FALSE,1,"20160","ROU","Moldovan Subcarpathians","ROU",TRUE,"20160","",0.929326546447208
24354,22221923.5209367,0.0263882024198079,2007,FALSE,1,"20160","ROU","Moldovan Subcarpathians","ROU",TRUE,"20160","",1.18748507054062e-09
24354,22221923.5209367,0.00438366830348969,2009,FALSE,1,"20160","ROU","Moldovan Subcarpathians","ROU",TRUE,"20160","",1.97267725242576e-10
24362,40545599.6850357,1599245.76261842,2009,FALSE,1,"20160","ROU","Moldovan Subcarpathians","ROU",TRUE,"20160","",0.0394431399471608
24362,40545599.6850357,36621525.100439,2011,FALSE,1,"20160","ROU","Moldovan Subcarpathians","ROU",TRUE,"20160","",0.903218237858621
