"SitRecID","kba","ovl","year","random","nPAs","DOMAIN","range_countries","RangeName","COUNTRY","multiple_ranges","all_gmba_intersec","note","percPA"
2786,28416147.8285688,27623514.9441783,1988,FALSE,1,"18589","ITA","Monti Marsicani","ITA",TRUE,"18589","",0.972106251376071
2786,28416147.8285688,72.9717468054196,1991,FALSE,1,"18589","ITA","Monti Marsicani","ITA",TRUE,"18589","",2.56796759524371e-06
2786,28416147.8285688,348240.126739639,2019,FALSE,1,"18589","ITA","Monti Marsicani","ITA",TRUE,"18589","",0.0122550082734834
2787,241175820.879455,240872339.496457,1923,FALSE,1,"18589","ITA","Monti Marsicani","ITA",TRUE,"18589","",0.998741659168441
