"SitRecID","kba","ovl","year","random","nPAs","DOMAIN","range_countries","RangeName","COUNTRY","multiple_ranges","all_gmba_intersec","note","percPA"
19860,23291092.6317546,22972054.7049492,2004,FALSE,1,"11268","DOM","Cordillera Septentrional","DOM",FALSE,"11268","",0.986302148557408
19861,91158008.6820491,65981532.0576837,2004,FALSE,1,"11268","DOM","Cordillera Septentrional","DOM",FALSE,"11268","",0.723814978098319
26997,114349372.272822,17030379.0793551,2004,FALSE,2,"11268","DOM","Cordillera Septentrional","DOM",FALSE,"11268","",0.148932860241007
27147,5735017.4883652,4855262.19655021,2004,FALSE,1,"11268","DOM","Cordillera Septentrional","DOM",FALSE,"11268","",0.846599370690711
27148,25582116.575026,23941949.2409072,2004,FALSE,1,"11268","DOM","Cordillera Septentrional","DOM",FALSE,"11268","",0.935886175433974
