"SitRecID","kba","ovl","year","random","nPAs","DOMAIN","range_countries","RangeName","COUNTRY","multiple_ranges","all_gmba_intersec","note","percPA"
14976,1128352208.54454,1054622141.51104,1973,FALSE,1,"19710","VEN","Sierra de Perij치 (nn)","VEN",TRUE,"19710","",0.934656868240984
14930,2566910965.25074,1140448.16834097,1973,FALSE,1,"19710","VEN","Sierra de Perij치 (nn)","VEN",TRUE,"19710","",0.000444288167287319
14930,2566910965.25074,7143431.97872817,1974,FALSE,1,"19710","VEN","Sierra de Perij치 (nn)","VEN",TRUE,"19710","",0.00278289043735118
14930,2566910965.25074,2411179231.94983,1978,FALSE,1,"19710","VEN","Sierra de Perij치 (nn)","VEN",TRUE,"19710","",0.939331073259217
