"SitRecID","kba","ovl","year","random","nPAs","DOMAIN","range_countries","RangeName","COUNTRY","multiple_ranges","all_gmba_intersec","note","percPA"
2405,442029234.013398,176774300.05063,1963,FALSE,2,"10011","FRA","Vanoise Massif","FRA",TRUE,"10011","",0.399915404792597
2405,442029234.013398,106042.772241831,1973,FALSE,1,"10011","FRA","Vanoise Massif","FRA",TRUE,"10011","",0.000239899907250516
2405,442029234.013398,10927166.5927271,1990,FALSE,1,"10011","FRA","Vanoise Massif","FRA",TRUE,"10011","",0.0247204613448619
2405,442029234.013398,3286688.44864411,1991,FALSE,1,"10011","FRA","Vanoise Massif","FRA",TRUE,"10011","",0.00743545493315604
2405,442029234.013398,6181412.47359834,1999,FALSE,2,"10011","FRA","Vanoise Massif","FRA",TRUE,"10011","",0.0139841711768117
2405,442029234.013398,1807604.40643408,2000,FALSE,1,"10011","FRA","Vanoise Massif","FRA",TRUE,"10011","",0.00408933225981902
2405,442029234.013398,5806787.20459526,2003,FALSE,1,"10011","FRA","Vanoise Massif","FRA",TRUE,"10011","",0.013136658749632
2405,442029234.013398,10637167.5597995,2008,FALSE,2,"10011","FRA","Vanoise Massif","FRA",TRUE,"10011","",0.0240643983277292
2405,442029234.013398,2155419.66524092,2018,FALSE,1,"10011","FRA","Vanoise Massif","FRA",TRUE,"10011","",0.00487619256688255
