"SitRecID","kba","ovl","year","random","nPAs","DOMAIN","range_countries","RangeName","COUNTRY","multiple_ranges","all_gmba_intersec","note","percPA"
26180,291654546.20208,9191521.37755635,1984,FALSE,2,"16369","USA","Owyhee Mountains","USA",FALSE,"16369","",0.0315150972177467
26180,291654546.20208,3335991.04826991,1992,FALSE,1,"16369","USA","Owyhee Mountains","USA",FALSE,"16369","",0.0114381589168114
26180,291654546.20208,25091339.6895084,1999,FALSE,2,"16369","USA","Owyhee Mountains","USA",FALSE,"16369","",0.0860310254588773
26180,291654546.20208,31245927.5140522,2009,FALSE,2,"16369","USA","Owyhee Mountains","USA",FALSE,"16369","",0.107133346354226
26180,291654546.20208,42247.9094884563,2010,FALSE,1,"16369","USA","Owyhee Mountains","USA",FALSE,"16369","",0.000144855995007134
