"SitRecID","kba","ovl","year","random","nPAs","DOMAIN","range_countries","RangeName","COUNTRY","multiple_ranges","all_gmba_intersec","note","percPA"
3106,376547876.785058,561377.698233433,1981,FALSE,1,"20879","SVK","Little Carpathians (nn)","SVK",FALSE,"20879","",0.00149085344213448
3106,376547876.785058,123530.408970118,1986,FALSE,1,"20879","SVK","Little Carpathians (nn)","SVK",FALSE,"20879","",0.000328060298798688
3106,376547876.785058,16718.66688025,1988,FALSE,1,"20879","SVK","Little Carpathians (nn)","SVK",FALSE,"20879","",4.43998437144113e-05
3106,376547876.785058,352978091.99813,2001,FALSE,1,"20879","SVK","Little Carpathians (nn)","SVK",FALSE,"20879","",0.93740560964474
3106,376547876.785058,5089492.87121499,2004,FALSE,24,"20879","SVK","Little Carpathians (nn)","SVK",FALSE,"20879","",0.0135161905961833
3106,376547876.785058,NA,2008,FALSE,3,"20879","SVK","Little Carpathians (nn)","SVK",FALSE,"20879","",NA
3106,376547876.785058,NA,2011,FALSE,3,"20879","SVK","Little Carpathians (nn)","SVK",FALSE,"20879","",NA
3106,376547876.785058,263.683516890247,2017,FALSE,1,"20879","SVK","Little Carpathians (nn)","SVK",FALSE,"20879","",7.00265578819778e-07
