"SitRecID","kba","ovl","year","random","nPAs","DOMAIN","range_countries","RangeName","COUNTRY","multiple_ranges","all_gmba_intersec","note","percPA"
44609,16499255.919283,36970.0324355112,2008,FALSE,1,"12023","NZL","Two Thumb Range","NZL",TRUE,"12023","",0.00224070907296515
44609,16499255.919283,2229013.06105357,2009,FALSE,1,"12023","NZL","Two Thumb Range","NZL",TRUE,"12023","",0.135097793013107
44611,9572651.41735542,82426.4860544205,1953,FALSE,1,"12023","NZL","Two Thumb Range","NZL",TRUE,"12023","",0.00861062233029603
44611,9572651.41735542,NA,1990,FALSE,1,"12023","NZL","Two Thumb Range","NZL",TRUE,"12023","",NA
44611,9572651.41735542,39077.8251711112,1999,FALSE,1,"12023","NZL","Two Thumb Range","NZL",TRUE,"12023","",0.00408223630709693
44611,9572651.41735542,1125267.37835222,2009,FALSE,1,"12023","NZL","Two Thumb Range","NZL",TRUE,"12023","",0.117550230264531
44611,9572651.41735542,72684.3746912479,2016,FALSE,1,"12023","NZL","Two Thumb Range","NZL",TRUE,"12023","",0.00759291982151044
