"SitRecID","kba","ovl","year","random","nPAs","DOMAIN","range_countries","RangeName","COUNTRY","multiple_ranges","all_gmba_intersec","note","percPA"
28297,2685217738.4074,3394326.36587538,1992,FALSE,1,"11396","MNG","Khentii Mountains","MNG",FALSE,"11396","",0.00126407863218144
28297,2685217738.4074,2658162286.19994,1993,FALSE,1,"11396","MNG","Khentii Mountains","MNG",FALSE,"11396","",0.989924298569727
28301,10967339961.447,10948434392.6683,1992,FALSE,1,"11396","MNG","Khentii Mountains","MNG",TRUE,"11396","",0.998276193785809
28307,323838556.9243,323834236.666507,1993,FALSE,1,"11396","MNG","Khentii Mountains","MNG",FALSE,"11396","",0.999986659223552
