"SitRecID","kba","ovl","year","random","nPAs","DOMAIN","range_countries","RangeName","COUNTRY","multiple_ranges","all_gmba_intersec","note","percPA"
1661,7539486.03848777,4200963.63139955,2000,FALSE,2,"17879","ESP","Sierra del Escudo","ESP",TRUE,"17879","",0.557194961295022
1661,7539486.03848777,41.0841496024509,2006,FALSE,2,"17879","ESP","Sierra del Escudo","ESP",TRUE,"17879","",5.44919764990922e-06
1661,7539486.03848777,0.00549337267875671,2015,FALSE,2,"17879","ESP","Sierra del Escudo","ESP",TRUE,"17879","",7.28613681451759e-10
1660,375227994.21569,186445342.122402,1988,FALSE,1,"17879","ESP","Sierra del Escudo","ESP",TRUE,"17879","",0.496885480285431
1660,375227994.21569,3065252.06760454,2000,FALSE,1,"17879","ESP","Sierra del Escudo","ESP",TRUE,"17879","",0.0081690388639888
1660,375227994.21569,16550174.8591991,2006,FALSE,4,"17879","ESP","Sierra del Escudo","ESP",TRUE,"17879","",0.0441069832590521
1660,375227994.21569,0.410936153699248,2015,FALSE,2,"17879","ESP","Sierra del Escudo","ESP",TRUE,"17879","",1.09516390043924e-09
1660,375227994.21569,0.439903688068817,2019,FALSE,1,"17879","ESP","Sierra del Escudo","ESP",TRUE,"17879","",1.1723637224571e-09
