"SitRecID","kba","ovl","year","random","nPAs","DOMAIN","range_countries","RangeName","COUNTRY","multiple_ranges","all_gmba_intersec","note","percPA"
1761,7993428.28587299,550229.744409889,1996,FALSE,1,"14938","ESP","Sierras de Urbasa y Andía","ESP",TRUE,"14938","",0.0688352637606477
29980,217701652.752491,38884533.1212903,1987,FALSE,2,"14938","ESP","Sierras de Urbasa y Andía","ESP",TRUE,"14938","",0.178613862732126
29980,217701652.752491,3.11910010267457,1991,FALSE,1,"14938","ESP","Sierras de Urbasa y Andía","ESP",TRUE,"14938","",1.43274066284684e-08
29980,217701652.752491,43153170.200162,2007,FALSE,1,"14938","ESP","Sierras de Urbasa y Andía","ESP",TRUE,"14938","",0.198221601235264
29980,217701652.752491,847997.775354763,2017,FALSE,2,"14938","ESP","Sierras de Urbasa y Andía","ESP",TRUE,"14938","",0.0038952289274481
