"SitRecID","kba","ovl","year","random","nPAs","DOMAIN","range_countries","RangeName","COUNTRY","multiple_ranges","all_gmba_intersec","note","percPA"
24373,50172.7566039488,48547.8901285045,2007,FALSE,1,"20173","ROU","Făgăraș Mountains","ROU",TRUE,"20173","",0.967614566441494
24373,50172.7566039488,1624.86647544429,2009,FALSE,1,"20173","ROU","Făgăraș Mountains","ROU",TRUE,"20173","",0.0323854335585062
24375,385272169.035027,10227.5605158097,1931,FALSE,1,"20173","ROU","Făgăraș Mountains","ROU",TRUE,"20173","",2.65463257868488e-05
24375,385272169.035027,123158.875853724,1994,FALSE,1,"20173","ROU","Făgăraș Mountains","ROU",TRUE,"20173","",0.000319667200883453
24375,385272169.035027,12323268.6246326,2000,FALSE,1,"20173","ROU","Făgăraș Mountains","ROU",TRUE,"20173","",0.0319858780754865
24375,385272169.035027,368580348.941515,2007,FALSE,2,"20173","ROU","Făgăraș Mountains","ROU",TRUE,"20173","",0.956675250809528
