"SitRecID","kba","ovl","year","random","nPAs","DOMAIN","range_countries","RangeName","COUNTRY","multiple_ranges","all_gmba_intersec","note","percPA"
7198,128646816.401622,259042.025199531,1965,FALSE,1,"13123","ZMB;MWI","Vipama Hills","ZMB",TRUE,"13123","",0.00201359063865855
7198,128646816.401622,34004599.8210032,1971,FALSE,1,"13123","ZMB;MWI","Vipama Hills","ZMB",TRUE,"13123","",0.2643252337846
7198,128646816.401622,81731762.2388107,1972,FALSE,1,"13123","ZMB;MWI","Vipama Hills","ZMB",TRUE,"13123","",0.635318964937716
6664,2343765941.62644,2310494552.04581,1965,FALSE,1,"13123","ZMB;MWI","Vipama Hills","MWI",TRUE,"13123","",0.985804303667992
6666,34397617.9807492,34397617.8787564,1977,FALSE,1,"13123","ZMB;MWI","Vipama Hills","MWI",TRUE,"13123","",0.999999997034888
48978,202411068.619566,27661.5843088469,1965,FALSE,1,"13123","ZMB;MWI","Vipama Hills","MWI",FALSE,"13123","",0.000136660433134895
