"SitRecID","kba","ovl","year","random","nPAs","DOMAIN","range_countries","RangeName","COUNTRY","multiple_ranges","all_gmba_intersec","note","percPA"
19712,58659629.0877818,56289242.2370228,1990,FALSE,1,"19072","PRT","Pico","PRT",FALSE,"19072","",0.959590831247641
19712,58659629.0877818,1006902.91173767,2008,FALSE,5,"19072","PRT","Pico","PRT",FALSE,"19072","",0.0171651769265517
19712,58659629.0877818,0.299585992754621,2009,FALSE,1,"19072","PRT","Pico","PRT",FALSE,"19072","",5.10719207423393e-09
