"SitRecID","kba","ovl","year","random","nPAs","DOMAIN","range_countries","RangeName","COUNTRY","multiple_ranges","all_gmba_intersec","note","percPA"
3099,128884.410569519,128884.410569519,1997,FALSE,1,"20303","SVK","Veporske vrchy","SVK",TRUE,"20303","",1
3115,81325128.985011,7749.4267796067,1991,FALSE,1,"20303","SVK","Veporske vrchy","SVK",TRUE,"20303","",9.52894495997048e-05
3115,81325128.985011,189626.132730663,1993,FALSE,1,"20303","SVK","Veporske vrchy","SVK",TRUE,"20303","",0.00233170405134694
3115,81325128.985011,3920.63207207061,1999,FALSE,1,"20303","SVK","Veporske vrchy","SVK",TRUE,"20303","",4.82093557182458e-05
3115,81325128.985011,63220153.5418203,2001,FALSE,1,"20303","SVK","Veporske vrchy","SVK",TRUE,"20303","",0.77737538606883
3115,81325128.985011,4261511.80826904,2004,FALSE,3,"20303","SVK","Veporske vrchy","SVK",TRUE,"20303","",0.0524009228322832
3115,81325128.985011,NA,2011,FALSE,1,"20303","SVK","Veporske vrchy","SVK",TRUE,"20303","",NA
3115,81325128.985011,NA,2017,FALSE,1,"20303","SVK","Veporske vrchy","SVK",TRUE,"20303","",NA
3120,15560940.6753143,15560940.8137445,1997,FALSE,2,"20303","SVK","Veporske vrchy","SVK",TRUE,"20303","",1.000000008896
