"SitRecID","kba","ovl","year","random","nPAs","DOMAIN","range_countries","RangeName","COUNTRY","multiple_ranges","all_gmba_intersec","note","percPA"
29594,371785239.465931,353240.376856757,1960,TRUE,1,"15996","USA","Bald Mountains","USA",TRUE,"15996","",0.00095011942207331
29594,371785239.465931,32236478.3482108,1986,TRUE,1,"15996","USA","Bald Mountains","USA",TRUE,"15996","",0.0867072571103643
29594,371785239.465931,288759103.621475,2001,TRUE,1,"15996","USA","Bald Mountains","USA",TRUE,"15996","",0.776682538651285
29594,371785239.465931,558.117978677154,2006,TRUE,1,"15996","USA","Bald Mountains","USA",TRUE,"15996","",1.50118380030065e-06
