"SitRecID","kba","ovl","year","random","nPAs","DOMAIN","range_countries","RangeName","COUNTRY","multiple_ranges","all_gmba_intersec","note","percPA"
15106,493153852.859405,335744345.042491,1991,FALSE,1,"15245","THA;MMR","Tengyo Range","THA",TRUE,"15245","",0.680810548464293
15106,493153852.859405,151761661.158697,2009,FALSE,1,"15245","THA;MMR","Tengyo Range","THA",TRUE,"15245","",0.307736947159091
21911,912906411.643496,912906408.351197,1987,FALSE,1,"15245","THA;MMR","Tengyo Range","THA",TRUE,"15245","",0.999999996393608
22591,687293877.277938,191172.164335907,1987,FALSE,1,"15245","THA;MMR","Tengyo Range","MMR",TRUE,"15245","",0.000278151996774733
22591,687293877.277938,2391335.9552536,2005,FALSE,1,"15245","THA;MMR","Tengyo Range","MMR",TRUE,"15245","",0.00347935000486925
22599,1533822778.01999,17089.2368485332,1987,FALSE,1,"15245","THA;MMR","Tengyo Range","MMR",TRUE,"15245","",1.11415980342877e-05
22599,1533822778.01999,1522214330.12588,2005,FALSE,1,"15245","THA;MMR","Tengyo Range","MMR",TRUE,"15245","",0.992431688940559
