"SitRecID","kba","ovl","year","random","nPAs","DOMAIN","range_countries","RangeName","COUNTRY","multiple_ranges","all_gmba_intersec","note","percPA"
6458,124445447.450463,230575.049024918,1981,FALSE,1,"12274","LBR;CIV;GIN","Nimba Range","LBR",FALSE,"12274","",0.00185282028188859
6458,124445447.450463,121347161.096489,2003,FALSE,1,"12274","LBR;CIV;GIN","Nimba Range","LBR",FALSE,"12274","",0.975103256748649
22321,69517120.0555646,0,0,FALSE,0,"12274","LBR;CIV;GIN","Nimba Range","LBR",NA,NA,"no pas overlapping kba",0
6092,49971950.1208136,43365662.3515403,1944,FALSE,2,"12274","LBR;CIV;GIN","Nimba Range","CIV",TRUE,"12274","",0.867800080779281
6092,49971950.1208136,2513311.21610109,1981,FALSE,1,"12274","LBR;CIV;GIN","Nimba Range","CIV",TRUE,"12274","",0.0502944393809895
6092,49971950.1208136,556205.848646431,2003,FALSE,1,"12274","LBR;CIV;GIN","Nimba Range","CIV",TRUE,"12274","",0.0111303610785997
6376,136577080.157328,136201083.625868,1944,FALSE,2,"12274","LBR;CIV;GIN","Nimba Range","GIN",FALSE,"12274","",0.997247001246282
