"SitRecID","kba","ovl","year","random","nPAs","DOMAIN","range_countries","RangeName","COUNTRY","multiple_ranges","all_gmba_intersec","note","percPA"
45523,37484095.7269825,29014.5403394103,1967,FALSE,1,"19355","ZAF","Wolkberg (nn)","ZAF",TRUE,"19355","",0.000774049360847312
7079,2432845356.72386,192019328.489936,1977,FALSE,1,"19355","ZAF","Wolkberg (nn)","ZAF",TRUE,"19355","",0.0789278808697131
7079,2432845356.72386,1481.98537912965,1983,FALSE,1,"19355","ZAF","Wolkberg (nn)","ZAF",TRUE,"19355","",6.09157246692133e-07
7079,2432845356.72386,122107544.98148,1984,FALSE,1,"19355","ZAF","Wolkberg (nn)","ZAF",TRUE,"19355","",0.050191248138317
7079,2432845356.72386,1537562.80172408,2016,FALSE,1,"19355","ZAF","Wolkberg (nn)","ZAF",TRUE,"19355","",0.00063200186459636
7079,2432845356.72386,15797950.3738655,2020,FALSE,1,"19355","ZAF","Wolkberg (nn)","ZAF",TRUE,"19355","",0.00649361059066222
44663,608149470.823942,94652491.9866555,1965,FALSE,1,"19355","ZAF","Wolkberg (nn)","ZAF",TRUE,"19355","",0.155640178159519
