"SitRecID","kba","ovl","year","random","nPAs","DOMAIN","range_countries","RangeName","COUNTRY","multiple_ranges","all_gmba_intersec","note","percPA"
46990,13167643.2443323,826754.011163933,1968,FALSE,1,"11647","KEN;UGA","Mount Elgon","KEN",FALSE,"11647","",0.0627867869612725
46992,22414757.5712285,5576925.95219085,1932,FALSE,1,"11647","KEN;UGA","Mount Elgon","KEN",FALSE,"11647","",0.248805990181637
6449,1119110086.2398,539000320.460647,1932,FALSE,1,"11647","KEN;UGA","Mount Elgon","KEN",FALSE,"11647","",0.481632975243465
6449,1119110086.2398,2925960.72590307,1951,FALSE,1,"11647","KEN;UGA","Mount Elgon","KEN",FALSE,"11647","",0.00261454235993374
6449,1119110086.2398,149290380.053659,1968,FALSE,1,"11647","KEN;UGA","Mount Elgon","KEN",FALSE,"11647","",0.133400978053261
6449,1119110086.2398,173063442.593861,2000,FALSE,1,"11647","KEN;UGA","Mount Elgon","KEN",FALSE,"11647","",0.154643805575332
7068,1213316527.09567,11781490.0975709,1932,FALSE,1,"11647","KEN;UGA","Mount Elgon","UGA",FALSE,"11647","",0.00971015380938757
7068,1213316527.09567,1074942644.96623,1951,FALSE,1,"11647","KEN;UGA","Mount Elgon","UGA",FALSE,"11647","",0.885954011966964
7068,1213316527.09567,3199631.40536984,2000,FALSE,1,"11647","KEN;UGA","Mount Elgon","UGA",FALSE,"11647","",0.00263709537776498
