"SitRecID","kba","ovl","year","random","nPAs","DOMAIN","range_countries","RangeName","COUNTRY","multiple_ranges","all_gmba_intersec","note","percPA"
8136,453273316.347788,18047720.2218855,1975,FALSE,1,"19550","IRN","Southern Zagros (nn)","IRN",TRUE,"19550","",0.0398164188602663
8136,453273316.347788,402672348.196781,1982,FALSE,1,"19550","IRN","Southern Zagros (nn)","IRN",TRUE,"19550","",0.888365437968595
8137,31951221.083929,31950567.01917,1970,FALSE,1,"19550","IRN","Southern Zagros (nn)","IRN",TRUE,"19550","",0.99997952927191
8138,4140274.74575103,0,0,FALSE,0,"19550","IRN","Southern Zagros (nn)","IRN",NA,NA,"no pas overlapping kba",0
8139,795691654.175606,791477616.128463,1975,FALSE,1,"19550","IRN","Southern Zagros (nn)","IRN",TRUE,"19550","",0.994703930819145
8141,295275601.286421,295275249.550933,1974,FALSE,1,"19550","IRN","Southern Zagros (nn)","IRN",TRUE,"19550","",0.999998808789192
8142,826804746.434796,826805355.04093,1975,FALSE,1,"19550","IRN","Southern Zagros (nn)","IRN",FALSE,"19550","",1.00000073609415
8143,1083124779.43169,1073635154.87954,1975,FALSE,1,"19550","IRN","Southern Zagros (nn)","IRN",FALSE,"19550","",0.991238659910335
