"SitRecID","kba","ovl","year","random","nPAs","DOMAIN","range_countries","RangeName","COUNTRY","multiple_ranges","all_gmba_intersec","in_gmba","note","percPA"
2002,24147416.5488175,22266328.2747179,1987,FALSE,3,"12529","ESP","Macizo de Teno","ESP",FALSE,"12529",TRUE,"",0.922099812611561
2002,24147416.5488175,184483.07843104,1989,FALSE,1,"12529","ESP","Macizo de Teno","ESP",FALSE,"12529",TRUE,"",0.00763986814316472
2002,24147416.5488175,0.132859817206232,2001,FALSE,2,"12529","ESP","Macizo de Teno","ESP",FALSE,"12529",TRUE,"",5.5020302870759e-09
1994,12184346.7554027,11635313.2901158,1987,FALSE,1,"12529","ESP","Macizo de Teno","ESP",FALSE,"12529",TRUE,"",0.954939441866795
1994,12184346.7554027,1933.84178195441,1989,FALSE,1,"12529","ESP","Macizo de Teno","ESP",FALSE,"12529",TRUE,"",0.000158715261538081
1994,12184346.7554027,0.00292938947677612,2001,FALSE,1,"12529","ESP","Macizo de Teno","ESP",FALSE,"12529",TRUE,"",2.40422366137699e-10
1994,12184346.7554027,509946.318990011,2011,FALSE,1,"12529","ESP","Macizo de Teno","ESP",FALSE,"12529",TRUE,"",0.0418525776742107
