"SitRecID","kba","ovl","year","random","nPAs","DOMAIN","range_countries","RangeName","COUNTRY","multiple_ranges","all_gmba_intersec","note","percPA"
1014,1782729.49401952,1562555.91862379,1997,FALSE,1,"14794","GRC","Vermio Mountains","GRC",TRUE,"14794","",0.876496363506441
1014,1782729.49401952,219118.751689916,2001,FALSE,1,"14794","GRC","Vermio Mountains","GRC",TRUE,"14794","",0.122911946217858
1021,24210505.2688569,1333173.64952826,1996,FALSE,1,"14794","GRC","Vermio Mountains","GRC",TRUE,"14794","",0.0550659160031323
1021,24210505.2688569,14893880.597699,2006,FALSE,1,"14794","GRC","Vermio Mountains","GRC",TRUE,"14794","",0.615182559484112
