"SitRecID","kba","ovl","year","random","nPAs","DOMAIN","range_countries","RangeName","COUNTRY","multiple_ranges","all_gmba_intersec","note","percPA"
26461,1197413759.46429,828319551.37856,1982,TRUE,1,"15236","IDN","Waigeo Highlands","IDN",FALSE,"15236","",0.69175716817313
26461,1197413759.46429,3183855.1849132,2009,TRUE,2,"15236","IDN","Waigeo Highlands","IDN",FALSE,"15236","",0.00265894320968686
26452,649889803.454838,1828815.15369614,1982,TRUE,1,"15236","IDN","Waigeo Highlands","IDN",FALSE,"15236","",0.00281403884777711
26452,649889803.454838,27567265.9012157,2009,TRUE,3,"15236","IDN","Waigeo Highlands","IDN",FALSE,"15236","",0.0424183696292312
26452,649889803.454838,563481199.810458,2014,TRUE,1,"15236","IDN","Waigeo Highlands","IDN",FALSE,"15236","",0.867041145768054
