"SitRecID","kba","ovl","year","random","nPAs","DOMAIN","range_countries","RangeName","COUNTRY","multiple_ranges","all_gmba_intersec","note","percPA"
29902,319428437.665069,0,0,FALSE,0,"12027","TZA","Ukaguru","TZA",NA,NA,"no pas overlapping kba",0
7030,206664599.942263,29176897.1827158,1950,FALSE,1,"12027","TZA","Ukaguru","TZA",FALSE,"12027","",0.141179946593984
7030,206664599.942263,70501332.7503379,1951,FALSE,1,"12027","TZA","Ukaguru","TZA",FALSE,"12027","",0.341138892534253
7030,206664599.942263,85729119.451192,1958,FALSE,1,"12027","TZA","Ukaguru","TZA",FALSE,"12027","",0.414822468265696
7030,206664599.942263,13591628.6855218,1962,FALSE,3,"12027","TZA","Ukaguru","TZA",FALSE,"12027","",0.0657666029369277
