"SitRecID","kba","ovl","year","random","nPAs","DOMAIN","range_countries","RangeName","COUNTRY","multiple_ranges","all_gmba_intersec","note","percPA"
3135,1159743097.98537,228691520.454225,1958,FALSE,1,"12683","ARM","Gegham Mountains","ARM",TRUE,"12683","",0.197191533928069
3135,1159743097.98537,12897235.579374,1993,FALSE,1,"12683","ARM","Gegham Mountains","ARM",TRUE,"12683","",0.0111207694202089
3135,1159743097.98537,19778701.8749343,2011,FALSE,1,"12683","ARM","Gegham Mountains","ARM",TRUE,"12683","",0.0170543820517601
26263,2425358.33456391,164337.467459949,1971,FALSE,1,"12683","ARM","Gegham Mountains","ARM",TRUE,"12683","",0.0677580154313556
3618,59543665.545507,1335870.65258537,1978,FALSE,1,"12683","ARM","Gegham Mountains","ARM",TRUE,"12683","",0.0224351430222988
3618,59543665.545507,58207794.8929216,1993,FALSE,1,"12683","ARM","Gegham Mountains","ARM",TRUE,"12683","",0.977564856977701
