"SitRecID","kba","ovl","year","random","nPAs","DOMAIN","range_countries","RangeName","COUNTRY","multiple_ranges","all_gmba_intersec","note","percPA"
26459,2948990775.87576,260042.527385058,1974,TRUE,1,"11721","IDN","Tamrau Mountains","IDN",TRUE,"11721","",8.81801765920522e-05
26459,2948990775.87576,5850374.37449403,1982,TRUE,1,"11721","IDN","Tamrau Mountains","IDN",TRUE,"11721","",0.00198385645094351
26459,2948990775.87576,1009813.40506157,1999,TRUE,1,"11721","IDN","Tamrau Mountains","IDN",TRUE,"11721","",0.000342426776415291
26459,2948990775.87576,2056632511.42458,2004,TRUE,1,"11721","IDN","Tamrau Mountains","IDN",TRUE,"11721","",0.69740215135594
26459,2948990775.87576,3430743.66264893,2005,TRUE,1,"11721","IDN","Tamrau Mountains","IDN",TRUE,"11721","",0.0011633619510492
26459,2948990775.87576,937070.513313059,2017,TRUE,1,"11721","IDN","Tamrau Mountains","IDN",TRUE,"11721","",0.000317759730202878
26443,580018024.990548,507282582.644446,2004,TRUE,1,"11721","IDN","Tamrau Mountains","IDN",TRUE,"11721","",0.874597962111113
