"SitRecID","kba","ovl","year","random","nPAs","DOMAIN","range_countries","RangeName","COUNTRY","multiple_ranges","all_gmba_intersec","note","percPA"
1876,487447751.489708,2628671.71601259,1989,FALSE,1,"15070","ESP","Sierra de Tejeda y Almijara","ESP",TRUE,"15070","",0.00539272508279915
1876,487447751.489708,381738077.006854,1999,FALSE,1,"15070","ESP","Sierra de Tejeda y Almijara","ESP",TRUE,"15070","",0.783136399419649
1876,487447751.489708,0.978355458466247,2002,FALSE,2,"15070","ESP","Sierra de Tejeda y Almijara","ESP",TRUE,"15070","",2.00709810533797e-09
1876,487447751.489708,1193743.09308282,2003,FALSE,1,"15070","ESP","Sierra de Tejeda y Almijara","ESP",TRUE,"15070","",0.00244896625214615
1876,487447751.489708,91241.964484539,2006,FALSE,3,"15070","ESP","Sierra de Tejeda y Almijara","ESP",TRUE,"15070","",0.000187183065683842
1876,487447751.489708,NA,2011,FALSE,1,"15070","ESP","Sierra de Tejeda y Almijara","ESP",TRUE,"15070","",NA
1876,487447751.489708,0.00054716881196635,2015,FALSE,2,"15070","ESP","Sierra de Tejeda y Almijara","ESP",TRUE,"15070","",1.1225178704674e-12
1876,487447751.489708,4.1033301036054e-05,2016,FALSE,1,"15070","ESP","Sierra de Tejeda y Almijara","ESP",TRUE,"15070","",8.41798960209593e-14
