"SitRecID","kba","ovl","year","random","nPAs","DOMAIN","range_countries","RangeName","COUNTRY","multiple_ranges","all_gmba_intersec","note","percPA"
44604,5041912.89712708,69895.9219987022,1974,FALSE,1,"11752","NZL","Puketeraki Range","NZL",TRUE,"11752","",0.0138629768948467
44604,5041912.89712708,12693.9408465448,1987,FALSE,1,"11752","NZL","Puketeraki Range","NZL",TRUE,"11752","",0.00251768348750687
44606,16487943.6338712,4808.38955908024,1985,FALSE,1,"11752","NZL","Puketeraki Range","NZL",TRUE,"11752","",0.000291630640294182
44606,16487943.6338712,1328977.19876222,1987,FALSE,3,"11752","NZL","Puketeraki Range","NZL",TRUE,"11752","",0.0806029683430081
44606,16487943.6338712,6259.78387877107,1988,FALSE,1,"11752","NZL","Puketeraki Range","NZL",TRUE,"11752","",0.000379658253192448
44606,16487943.6338712,16236.6848872455,2016,FALSE,1,"11752","NZL","Puketeraki Range","NZL",TRUE,"11752","",0.000984761062252209
44607,3560280.51998173,348100.073913363,1987,FALSE,1,"11752","NZL","Puketeraki Range","NZL",TRUE,"11752","",0.0977732153294341
