"SitRecID","kba","ovl","year","random","nPAs","DOMAIN","range_countries","RangeName","COUNTRY","multiple_ranges","all_gmba_intersec","note","percPA"
7023,36678877.2788916,4993819.26519674,1955,TRUE,1,"11671","TZA","Nguru Mountains","TZA",TRUE,"11671","",0.136149730735369
7023,36678877.2788916,28920386.0721128,1958,TRUE,1,"11671","TZA","Nguru Mountains","TZA",TRUE,"11671","",0.788475226551067
7023,36678877.2788916,176502.992944207,1960,TRUE,1,"11671","TZA","Nguru Mountains","TZA",TRUE,"11671","",0.00481211547458633
7022,323941186.765103,71360652.6988741,1954,FALSE,1,"11671","TZA","Nguru Mountains","TZA",FALSE,"11671","",0.220288915440133
7022,323941186.765103,170837488.894537,2019,FALSE,1,"11671","TZA","Nguru Mountains","TZA",FALSE,"11671","",0.527371930073266
