"SitRecID","kba","ovl","year","random","nPAs","DOMAIN","range_countries","RangeName","COUNTRY","multiple_ranges","all_gmba_intersec","note","percPA"
44594,8702829.658871,106823.255397616,1911,FALSE,1,"13786","NZL","Mount Cann Range*","NZL",TRUE,"13786","",0.0122745428308744
44594,8702829.658871,44760.9914342146,1931,FALSE,1,"13786","NZL","Mount Cann Range*","NZL",TRUE,"13786","",0.00514326870555127
44594,8702829.658871,420451.4191339,1987,FALSE,9,"13786","NZL","Mount Cann Range*","NZL",TRUE,"13786","",0.0483120359256169
44594,8702829.658871,11392.7718317944,1991,FALSE,1,"13786","NZL","Mount Cann Range*","NZL",TRUE,"13786","",0.00130908822513623
44594,8702829.658871,3646.01856049895,1994,FALSE,1,"13786","NZL","Mount Cann Range*","NZL",TRUE,"13786","",0.00041894633164312
44594,8702829.658871,4698.44017386436,2014,FALSE,1,"13786","NZL","Mount Cann Range*","NZL",TRUE,"13786","",0.000539875001353742
