"SitRecID","kba","ovl","year","random","nPAs","DOMAIN","range_countries","RangeName","COUNTRY","multiple_ranges","all_gmba_intersec","note","percPA"
44622,2860246.79656515,3498.11351708998,1978,TRUE,1,"13597","NZL","Crown Range","NZL",TRUE,"13597","",0.00122301107767723
44622,2860246.79656515,183007.015532695,1998,TRUE,3,"13597","NZL","Crown Range","NZL",TRUE,"13597","",0.0639829457207913
44622,2860246.79656515,291635.738689564,2005,TRUE,1,"13597","NZL","Crown Range","NZL",TRUE,"13597","",0.101961739469401
44622,2860246.79656515,258.020117580891,2014,TRUE,1,"13597","NZL","Crown Range","NZL",TRUE,"13597","",9.02090399649239e-05
