"SitRecID","kba","ovl","year","random","nPAs","DOMAIN","range_countries","RangeName","COUNTRY","multiple_ranges","all_gmba_intersec","note","percPA"
26108,416490991.148339,81348576.0707101,1985,TRUE,1,"15917","USA","Southern Catskills","USA",TRUE,"15917","",0.195318933181286
26108,416490991.148339,176703.79362626,1989,TRUE,1,"15917","USA","Southern Catskills","USA",TRUE,"15917","",0.000424267985098685
26108,416490991.148339,123402.058162171,2001,TRUE,1,"15917","USA","Southern Catskills","USA",TRUE,"15917","",0.000296289861689276
26108,416490991.148339,6820093.87436041,2003,TRUE,1,"15917","USA","Southern Catskills","USA",TRUE,"15917","",0.0163751294008934
26108,416490991.148339,8483.70814381354,2006,TRUE,1,"15917","USA","Southern Catskills","USA",TRUE,"15917","",2.03694877539187e-05
26108,416490991.148339,4014.8558581128,2007,TRUE,1,"15917","USA","Southern Catskills","USA",TRUE,"15917","",9.63971836952136e-06
26108,416490991.148339,204857250.294221,2017,TRUE,1,"15917","USA","Southern Catskills","USA",TRUE,"15917","",0.491864781347116
