"SitRecID","kba","ovl","year","random","nPAs","DOMAIN","range_countries","RangeName","COUNTRY","multiple_ranges","all_gmba_intersec","note","percPA"
2938,184443299.749261,226440.89077705,1933,FALSE,1,"20266","CZE","Javorniky","CZE",TRUE,"20266","",0.00122769919582268
2938,184443299.749261,209011.494905881,1952,FALSE,1,"20266","CZE","Javorniky","CZE",TRUE,"20266","",0.00113320188475276
2938,184443299.749261,361439.05477945,1966,FALSE,1,"20266","CZE","Javorniky","CZE",TRUE,"20266","",0.00195962149490279
2938,184443299.749261,181470824.04039,1973,FALSE,1,"20266","CZE","Javorniky","CZE",TRUE,"20266","",0.983884067825115
