"SitRecID","kba","ovl","year","random","nPAs","DOMAIN","range_countries","RangeName","COUNTRY","multiple_ranges","all_gmba_intersec","note","percPA"
2791,536139363.73449,2511185.25488842,1985,FALSE,1,"18168","ITA","Monti Picentini","ITA",TRUE,"18168","",0.00468382928908018
2791,536139363.73449,399887527.905596,1993,FALSE,2,"18168","ITA","Monti Picentini","ITA",TRUE,"18168","",0.745864890651138
2791,536139363.73449,52970865.3653563,1999,FALSE,1,"18168","ITA","Monti Picentini","ITA",TRUE,"18168","",0.0988005525212449
2791,536139363.73449,3705126.27722645,2019,FALSE,9,"18168","ITA","Monti Picentini","ITA",TRUE,"18168","",0.00691075218095966
2889,1792715.09930042,1673919.56452909,1993,FALSE,1,"18168","ITA","Monti Picentini","ITA",TRUE,"18168","",0.933734292293464
2889,1792715.09930042,107266.559736517,2000,FALSE,1,"18168","ITA","Monti Picentini","ITA",TRUE,"18168","",0.059834694190045
