"SitRecID","kba","ovl","year","random","nPAs","DOMAIN","range_countries","RangeName","COUNTRY","multiple_ranges","all_gmba_intersec","note","percPA"
414,122192481.456117,4077742.00529739,1949,FALSE,1,"11603","BGR","Malesevske Mountains","BGR",TRUE,"11603","",0.0333714640762234
414,122192481.456117,111385.45779331,1974,FALSE,3,"11603","BGR","Malesevske Mountains","BGR",TRUE,"11603","",0.000911557376247505
414,122192481.456117,10400.3547078238,1977,FALSE,1,"11603","BGR","Malesevske Mountains","BGR",TRUE,"11603","",8.5114522463961e-05
414,122192481.456117,1805667.98234052,1985,FALSE,1,"11603","BGR","Malesevske Mountains","BGR",TRUE,"11603","",0.0147772429270862
414,122192481.456117,116099752.627186,2007,FALSE,1,"11603","BGR","Malesevske Mountains","BGR",TRUE,"11603","",0.950138267458633
19020,15464979.8953016,15441867.471198,2007,FALSE,1,"11603","BGR","Malesevske Mountains","BGR",TRUE,"11603","",0.998505499246683
