"SitRecID","kba","ovl","year","random","nPAs","DOMAIN","range_countries","RangeName","COUNTRY","multiple_ranges","all_gmba_intersec","in_gmba","note","percPA"
26072,78004213.2818183,73693805.1939662,1980,FALSE,1,"12911","USA","Ahklun Mountains","USA",FALSE,"12911",TRUE,"",0.94474134272364
26070,40582709.7382979,40482512.4908321,1980,FALSE,1,"12911","USA","Ahklun Mountains","USA",FALSE,"12911",TRUE,"",0.99753103604683
26076,13095898158.7513,86382456.8993586,1972,FALSE,1,"12911","USA","Ahklun Mountains","USA",FALSE,"12911",TRUE,"",0.00659614604910728
26076,13095898158.7513,8302833353.94662,1980,FALSE,3,"12911","USA","Ahklun Mountains","USA",FALSE,"12911",TRUE,"",0.634002590223129
31124,799370246.151529,669104508.492645,1980,FALSE,1,"12911","USA","Ahklun Mountains","USA",FALSE,"12911",TRUE,"",0.837039546710635
31137,309293039.866951,0,0,FALSE,0,"12911","USA","Ahklun Mountains","USA",NA,NA,NA,"no pas overlapping kba",0
31138,712241754.688163,276069939.2437,1980,FALSE,1,"12911","USA","Ahklun Mountains","USA",FALSE,"12911",TRUE,"",0.387607069406609
