"SitRecID","kba","ovl","year","random","nPAs","DOMAIN","range_countries","RangeName","COUNTRY","multiple_ranges","all_gmba_intersec","note","percPA"
940,73114123.8429575,65174030.1586091,1981,FALSE,1,"20247","POL","Gorce","POL",FALSE,"20247","",0.891401369981496
940,73114123.8429575,7845690.5146935,1997,FALSE,1,"20247","POL","Gorce","POL",FALSE,"20247","",0.107307454460445
27338,1133675.74824023,102551.167332351,1981,FALSE,1,"20247","POL","Gorce","POL",TRUE,"20247","",0.0904589936686376
27338,1133675.74824023,1029349.3998366,1997,FALSE,1,"20247","POL","Gorce","POL",TRUE,"20247","",0.907975143187481
