"SitRecID","kba","ovl","year","random","nPAs","DOMAIN","range_countries","RangeName","COUNTRY","multiple_ranges","all_gmba_intersec","note","percPA"
1781,185985103.327525,4885.78528080694,1988,FALSE,1,"14387","ESP","Sierra de Sis","ESP",TRUE,"14387","",2.62697667361183e-05
1781,185985103.327525,11.5331209397991,1992,FALSE,1,"14387","ESP","Sierra de Sis","ESP",TRUE,"14387","",6.20109929959764e-08
1781,185985103.327525,136324943.843822,2001,FALSE,1,"14387","ESP","Sierra de Sis","ESP",TRUE,"14387","",0.732988510395642
1781,185985103.327525,29043.8678734084,2003,FALSE,2,"14387","ESP","Sierra de Sis","ESP",TRUE,"14387","",0.000156162334261047
1781,185985103.327525,332561.442870155,2006,FALSE,1,"14387","ESP","Sierra de Sis","ESP",TRUE,"14387","",0.00178810795553074
1782,1975487.57508085,69202.3615019851,1992,FALSE,1,"14387","ESP","Sierra de Sis","ESP",TRUE,"14387","",0.0350305222745594
1782,1975487.57508085,118790.902899369,2001,FALSE,2,"14387","ESP","Sierra de Sis","ESP",TRUE,"14387","",0.0601324475019829
1782,1975487.57508085,1.31888872350235e-05,2003,FALSE,1,"14387","ESP","Sierra de Sis","ESP",TRUE,"14387","",6.67626939363752e-12
1782,1975487.57508085,1282.5594810918,2006,FALSE,1,"14387","ESP","Sierra de Sis","ESP",TRUE,"14387","",0.000649236926250628
