"SitRecID","kba","ovl","year","random","nPAs","DOMAIN","range_countries","RangeName","COUNTRY","multiple_ranges","all_gmba_intersec","note","percPA"
3096,568370148.9437,800328.401066924,1978,FALSE,1,"20280","SVK","Mala Fatra (nn)","SVK",TRUE,"20280","",0.00140811125030812
3096,568370148.9437,274721850.116316,1988,FALSE,3,"20280","SVK","Mala Fatra (nn)","SVK",TRUE,"20280","",0.483350243898063
3096,568370148.9437,10056.9621553179,1992,FALSE,1,"20280","SVK","Mala Fatra (nn)","SVK",TRUE,"20280","",1.76943883735071e-05
3096,568370148.9437,NA,1998,FALSE,1,"20280","SVK","Mala Fatra (nn)","SVK",TRUE,"20280","",NA
3096,568370148.9437,NA,2000,FALSE,1,"20280","SVK","Mala Fatra (nn)","SVK",TRUE,"20280","",NA
3096,568370148.9437,268121988.516047,2004,FALSE,27,"20280","SVK","Mala Fatra (nn)","SVK",TRUE,"20280","",0.471738336389313
3096,568370148.9437,1073.95681363542,2007,FALSE,1,"20280","SVK","Mala Fatra (nn)","SVK",TRUE,"20280","",1.889537681793e-06
3096,568370148.9437,228.553457028698,2011,FALSE,3,"20280","SVK","Mala Fatra (nn)","SVK",TRUE,"20280","",4.02120796550379e-07
