"SitRecID","kba","ovl","year","random","nPAs","DOMAIN","range_countries","RangeName","COUNTRY","multiple_ranges","all_gmba_intersec","note","percPA"
28548,8082594.98993855,31027.673366163,1931,FALSE,1,"13693","NZL","Palmer Range","NZL",TRUE,"13693","",0.00383882569951694
28548,8082594.98993855,27576.7928207997,1957,FALSE,1,"13693","NZL","Palmer Range","NZL",TRUE,"13693","",0.00341187364393838
28548,8082594.98993855,1040.34621918574,1987,FALSE,1,"13693","NZL","Palmer Range","NZL",TRUE,"13693","",0.000128714382012311
28548,8082594.98993855,494291.391492264,2007,FALSE,1,"13693","NZL","Palmer Range","NZL",TRUE,"13693","",0.0611550364836506
