"SitRecID","kba","ovl","year","random","nPAs","DOMAIN","range_countries","RangeName","COUNTRY","multiple_ranges","all_gmba_intersec","in_gmba","note","percPA"
23987,27917597.2633134,5192226.53073167,1999,FALSE,4,"20944","AUS","Furneaux Group (nn)","AUS",TRUE,"19159;20944",TRUE,"",0.185984004345345
23987,27917597.2633134,16128279.8817257,2000,FALSE,5,"20944","AUS","Furneaux Group (nn)","AUS",TRUE,"19159;20944",TRUE,"",0.577710170743094
23987,27917597.2633134,448453.276485226,2011,FALSE,2,"20944","AUS","Furneaux Group (nn)","AUS",TRUE,"19159;20944",TRUE,"",0.016063462491256
23987,27917597.2633134,73518.8159954697,2013,FALSE,1,"20944","AUS","Furneaux Group (nn)","AUS",TRUE,"19159;20944",TRUE,"",0.00263342204209246
23911,80985.7136341631,71073.9496603608,2011,FALSE,1,"20944","AUS","Furneaux Group (nn)","AUS",FALSE,"20944",TRUE,"",0.877610957179722
