"SitRecID","kba","ovl","year","random","nPAs","DOMAIN","range_countries","RangeName","COUNTRY","multiple_ranges","all_gmba_intersec","note","percPA"
6433,679412632.185542,127774554.145844,1941,FALSE,4,"13009","KEN","Cherang'any Hills","KEN",TRUE,"13009","",0.188066203206758
6433,679412632.185542,80824887.7057984,1954,FALSE,2,"13009","KEN","Cherang'any Hills","KEN",TRUE,"13009","",0.118962886288705
6433,679412632.185542,91223408.638632,1958,FALSE,1,"13009","KEN","Cherang'any Hills","KEN",TRUE,"13009","",0.134268049072305
6433,679412632.185542,50420533.1430416,1967,FALSE,2,"13009","KEN","Cherang'any Hills","KEN",TRUE,"13009","",0.0742119453694117
