"SitRecID","kba","ovl","year","random","nPAs","DOMAIN","range_countries","RangeName","COUNTRY","multiple_ranges","all_gmba_intersec","note","percPA"
23532,264182111.494887,200518961.484832,1998,FALSE,1,"14445","SUR","Bakhuis Mountains","SUR",TRUE,"14445","",0.759017937854254
23532,264182111.494887,2456559.58125091,2000,FALSE,1,"14445","SUR","Bakhuis Mountains","SUR",TRUE,"14445","",0.00929873550994936
23533,456380696.797834,65199728.3197457,1998,FALSE,1,"14445","SUR","Bakhuis Mountains","SUR",FALSE,"14445","",0.142862589888695
23533,456380696.797834,2574044.70284905,2000,FALSE,1,"14445","SUR","Bakhuis Mountains","SUR",FALSE,"14445","",0.00564012615106131
23539,55388859.3843699,1518961.69659223,1998,FALSE,1,"14445","SUR","Bakhuis Mountains","SUR",TRUE,"14445","",0.0274235958904917
23539,55388859.3843699,NA,2000,FALSE,1,"14445","SUR","Bakhuis Mountains","SUR",TRUE,"14445","",NA
