"SitRecID","kba","ovl","year","random","nPAs","DOMAIN","range_countries","RangeName","COUNTRY","multiple_ranges","all_gmba_intersec","note","percPA"
2288,562171237.290966,875126.252959034,2003,FALSE,1,"17918","FRA","Massif des Corbières","FRA",FALSE,"17918","",0.00155668983916032
2288,562171237.290966,230152708.433499,2006,FALSE,4,"17918","FRA","Massif des Corbières","FRA",FALSE,"17918","",0.409399651150024
2288,562171237.290966,3305814.62358399,2008,FALSE,1,"17918","FRA","Massif des Corbières","FRA",FALSE,"17918","",0.00588044069901958
2288,562171237.290966,80724384.726794,2015,FALSE,1,"17918","FRA","Massif des Corbières","FRA",FALSE,"17918","",0.143593943218787
2289,220301214.460543,2396342.69530209,1991,FALSE,1,"17918","FRA","Massif des Corbières","FRA",TRUE,"17918","",0.0108775736945893
2289,220301214.460543,2882873.67536542,1995,FALSE,1,"17918","FRA","Massif des Corbières","FRA",TRUE,"17918","",0.0130860543934121
2289,220301214.460543,42743207.5108021,2003,FALSE,1,"17918","FRA","Massif des Corbières","FRA",TRUE,"17918","",0.19402166082229
2289,220301214.460543,67157900.5641697,2015,FALSE,1,"17918","FRA","Massif des Corbières","FRA",TRUE,"17918","",0.304845802727964
