"SitRecID","kba","ovl","year","random","nPAs","DOMAIN","range_countries","RangeName","COUNTRY","multiple_ranges","all_gmba_intersec","note","percPA"
1026,133529576.997188,3296551.95927764,1985,FALSE,1,"20354","GRC","Mitsikeli Mountains","GRC",TRUE,"20354","",0.0246878035069867
1026,133529576.997188,7013.03756527416,2002,FALSE,1,"20354","GRC","Mitsikeli Mountains","GRC",TRUE,"20354","",5.25204806529256e-05
1026,133529576.997188,85250748.3842275,2005,FALSE,2,"20354","GRC","Mitsikeli Mountains","GRC",TRUE,"20354","",0.638440937965546
1026,133529576.997188,33964203.2606029,2006,FALSE,3,"20354","GRC","Mitsikeli Mountains","GRC",TRUE,"20354","",0.254357154604917
1026,133529576.997188,10737223.7188015,2010,FALSE,1,"20354","GRC","Mitsikeli Mountains","GRC",TRUE,"20354","",0.0804108270261923
1165,3988184.21283147,3802916.44850382,2002,FALSE,1,"20354","GRC","Mitsikeli Mountains","GRC",FALSE,"20354","",0.953545835788736
1165,3988184.21283147,NA,2006,FALSE,1,"20354","GRC","Mitsikeli Mountains","GRC",FALSE,"20354","",NA
1165,3988184.21283147,23461.0918476162,2010,FALSE,1,"20354","GRC","Mitsikeli Mountains","GRC",FALSE,"20354","",0.00588264999699192
1166,2054235.45719206,1743539.99708005,2010,FALSE,2,"20354","GRC","Mitsikeli Mountains","GRC",TRUE,"20354","",0.848753725370557
