"SitRecID","kba","ovl","year","random","nPAs","DOMAIN","range_countries","RangeName","COUNTRY","multiple_ranges","all_gmba_intersec","note","percPA"
44603,8384005.51632038,13634.9421569705,1974,FALSE,1,"13755","NZL","Glynn Wye Range","NZL",TRUE,"13755","",0.0016263040536446
44603,8384005.51632038,15603.6439507231,1987,FALSE,1,"13755","NZL","Glynn Wye Range","NZL",TRUE,"13755","",0.00186112042988866
44603,8384005.51632038,34934.2732853442,2007,FALSE,1,"13755","NZL","Glynn Wye Range","NZL",TRUE,"13755","",0.00416677603769951
44604,3818766.58718798,2502878.43448905,1974,FALSE,1,"13755","NZL","Glynn Wye Range","NZL",TRUE,"13755","",0.655415401110465
