"SitRecID","kba","ovl","year","random","nPAs","DOMAIN","range_countries","RangeName","COUNTRY","multiple_ranges","all_gmba_intersec","note","percPA"
874,47009153.4557784,45050006.9919542,1996,FALSE,1,"20515","SWE","Nasafjallet","SWE",TRUE,"20515","",0.958324149238996
874,47009153.4557784,NA,2003,FALSE,1,"20515","SWE","Nasafjallet","SWE",TRUE,"20515","",NA
874,47009153.4557784,103.929257903248,2013,FALSE,1,"20515","SWE","Nasafjallet","SWE",TRUE,"20515","",2.21083023758372e-06
874,47009153.4557784,0.519164860729664,2018,FALSE,1,"20515","SWE","Nasafjallet","SWE",TRUE,"20515","",1.10439100167597e-08
875,3764975.22769537,39027.4714506865,1967,FALSE,1,"20515","SWE","Nasafjallet","SWE",TRUE,"20515","",0.0103659304750794
875,3764975.22769537,3725294.29466244,1974,FALSE,1,"20515","SWE","Nasafjallet","SWE",TRUE,"20515","",0.9894605062097
