"SitRecID","kba","ovl","year","random","nPAs","DOMAIN","range_countries","RangeName","COUNTRY","multiple_ranges","all_gmba_intersec","note","percPA"
2331,115620632.01155,1388652.06661381,1994,FALSE,1,"15503","FRA","Monts de Provence*","FRA",FALSE,"15503","",0.012010417539277
2331,115620632.01155,103577697.651169,2012,FALSE,1,"15503","FRA","Monts de Provence*","FRA",FALSE,"15503","",0.895840957181603
2331,115620632.01155,1999.60312343232,2018,FALSE,1,"15503","FRA","Monts de Provence*","FRA",FALSE,"15503","",1.72945181897343e-05
2339,5331990.45954627,1039270.20225884,1996,FALSE,1,"15503","FRA","Monts de Provence*","FRA",FALSE,"15503","",0.194912239649296
2339,5331990.45954627,2835847.07193705,2006,FALSE,2,"15503","FRA","Monts de Provence*","FRA",FALSE,"15503","",0.531855241199807
2339,5331990.45954627,0.51616556710682,2009,FALSE,1,"15503","FRA","Monts de Provence*","FRA",FALSE,"15503","",9.68054183560456e-08
2339,5331990.45954627,11.603648567029,2018,FALSE,1,"15503","FRA","Monts de Provence*","FRA",FALSE,"15503","",2.17623205725248e-06
