"SitRecID","kba","ovl","year","random","nPAs","DOMAIN","range_countries","RangeName","COUNTRY","multiple_ranges","all_gmba_intersec","note","percPA"
14288,159504446.683139,28718.1924364962,1985,FALSE,1,"12308","TWN","Yushan Range","TWN",TRUE,"12308","",0.000180046343745801
14288,159504446.683139,123267730.140641,2000,FALSE,1,"12308","TWN","Yushan Range","TWN",TRUE,"12308","",0.772816888205734
14299,21248293.9800644,70838.801805167,2006,FALSE,1,"12308","TWN","Yushan Range","TWN",FALSE,"12308","",0.00333385832630278
14302,357596089.180791,341389022.632915,1985,FALSE,1,"12308","TWN","Yushan Range","TWN",TRUE,"12308","",0.954677729879527
14302,357596089.180791,280588.907245342,2000,FALSE,2,"12308","TWN","Yushan Range","TWN",TRUE,"12308","",0.000784653176403961
