"SitRecID","kba","ovl","year","random","nPAs","DOMAIN","range_countries","RangeName","COUNTRY","multiple_ranges","all_gmba_intersec","note","percPA"
24833,396962127.411279,1256915.7514051,1996,FALSE,1,"15175","AUS","Otway Ranges","AUS",FALSE,"15175","",0.00316633669716017
24833,396962127.411279,5.65485437749885,2001,FALSE,1,"15175","AUS","Otway Ranges","AUS",FALSE,"15175","",1.42453246469028e-08
24833,396962127.411279,3096558.57195896,2005,FALSE,2,"15175","AUS","Otway Ranges","AUS",FALSE,"15175","",0.00780063980448874
24833,396962127.411279,22.6156387964857,2007,FALSE,1,"15175","AUS","Otway Ranges","AUS",FALSE,"15175","",5.69717795094703e-08
24833,396962127.411279,8.33557916907591,2008,FALSE,1,"15175","AUS","Otway Ranges","AUS",FALSE,"15175","",2.09984242664029e-08
24833,396962127.411279,392557070.310383,2017,FALSE,1,"15175","AUS","Otway Ranges","AUS",FALSE,"15175","",0.988903079672553
