"SitRecID","kba","ovl","year","random","nPAs","DOMAIN","range_countries","RangeName","COUNTRY","multiple_ranges","all_gmba_intersec","note","percPA"
19703,351515.954720143,245388.102043197,2009,FALSE,1,"19075","PRT","Terceira","PRT",FALSE,"19075","",0.698085246908808
19703,351515.954720143,0.0101816474212342,2011,FALSE,2,"19075","PRT","Terceira","PRT",FALSE,"19075","",2.89649652726011e-08
26982,1110000.72226762,493391.387969503,2009,FALSE,1,"19075","PRT","Terceira","PRT",FALSE,"19075","",0.444496456688381
26982,1110000.72226762,12363.8484946544,2011,FALSE,2,"19075","PRT","Terceira","PRT",FALSE,"19075","",0.0111385949996467
