"SitRecID","kba","ovl","year","random","nPAs","DOMAIN","range_countries","RangeName","COUNTRY","multiple_ranges","all_gmba_intersec","note","percPA"
1766,14241314.9899273,14211545.9912589,1993,FALSE,1,"17945","ESP","Sierra de Luesia","ESP",TRUE,"17945","",0.997909673461374
1777,829861.966056675,20325.950948894,2001,FALSE,1,"17945","ESP","Sierra de Luesia","ESP",TRUE,"17945","",0.0244931708889836
1777,829861.966056675,14839.9495325387,2006,FALSE,1,"17945","ESP","Sierra de Luesia","ESP",TRUE,"17945","",0.0178824312229357
1763,866561.928639121,721269.551575355,2006,FALSE,2,"17945","ESP","Sierra de Luesia","ESP",TRUE,"17945","",0.832334686925448
