"SitRecID","kba","ovl","year","random","nPAs","DOMAIN","range_countries","RangeName","COUNTRY","multiple_ranges","all_gmba_intersec","note","percPA"
456,13217874.5743793,12042685.2746472,1988,FALSE,1,"20186","ROU","Țarcu Mountains","ROU",TRUE,"20186","",0.911090902465514
456,13217874.5743793,640150.929568295,2005,FALSE,1,"20186","ROU","Țarcu Mountains","ROU",TRUE,"20186","",0.0484307008638988
456,13217874.5743793,0.41517080718837,2007,FALSE,1,"20186","ROU","Țarcu Mountains","ROU",TRUE,"20186","",3.1409800785454e-08
456,13217874.5743793,535050.061025605,2009,FALSE,1,"20186","ROU","Țarcu Mountains","ROU",TRUE,"20186","",0.0404792811442404
