"SitRecID","kba","ovl","year","random","nPAs","DOMAIN","range_countries","RangeName","COUNTRY","multiple_ranges","all_gmba_intersec","note","percPA"
24381,232611.160856664,223791.78059864,2005,FALSE,1,"20166","ROU","Curbura Subcarpathians","ROU",TRUE,"20166","",0.962085309124706
24381,232611.160856664,0.078540050728904,2007,FALSE,1,"20166","ROU","Curbura Subcarpathians","ROU",TRUE,"20166","",3.37645237828036e-07
24381,232611.160856664,NA,2009,FALSE,1,"20166","ROU","Curbura Subcarpathians","ROU",TRUE,"20166","",NA
24394,93168279.3986196,2011914.3138357,1973,FALSE,1,"20166","ROU","Curbura Subcarpathians","ROU",FALSE,"20166","",0.0215944131073596
24394,93168279.3986196,0.196162043716228,2009,FALSE,1,"20166","ROU","Curbura Subcarpathians","ROU",FALSE,"20166","",2.1054595510662e-09
24394,93168279.3986196,81073258.3229202,2011,FALSE,1,"20166","ROU","Curbura Subcarpathians","ROU",FALSE,"20166","",0.870180911853583
