"SitRecID","kba","ovl","year","random","nPAs","DOMAIN","range_countries","RangeName","COUNTRY","multiple_ranges","all_gmba_intersec","note","percPA"
29765,332271640.049218,181603841.087791,1989,FALSE,1,"11955","USA","Spring Mountains","USA",FALSE,"11955","",0.54655233609733
29765,332271640.049218,28390.0687562394,1992,FALSE,1,"11955","USA","Spring Mountains","USA",FALSE,"11955","",8.54423469665788e-05
29765,332271640.049218,142007153.873648,1993,FALSE,2,"11955","USA","Spring Mountains","USA",FALSE,"11955","",0.427382709678785
29765,332271640.049218,NA,2002,FALSE,1,"11955","USA","Spring Mountains","USA",FALSE,"11955","",NA
29765,332271640.049218,8556860.3127189,2013,FALSE,1,"11955","USA","Spring Mountains","USA",FALSE,"11955","",0.0257526050416202
