"SitRecID","kba","ovl","year","random","nPAs","DOMAIN","range_countries","RangeName","COUNTRY","multiple_ranges","all_gmba_intersec","note","percPA"
3284,38682121.9013439,36002.3355878833,1992,FALSE,1,"10054","CHE","Albula Alps","CHE",TRUE,"10054","",0.000930722871917542
3284,38682121.9013439,2249379.0831359,2010,FALSE,13,"10054","CHE","Albula Alps","CHE",TRUE,"10054","",0.0581503540284782
3288,10173778.976045,7145.28128944447,1991,FALSE,2,"10054","CHE","Albula Alps","CHE",TRUE,"10054","",0.000702323227806368
3288,10173778.976045,48393.5050354231,2010,FALSE,1,"10054","CHE","Albula Alps","CHE",TRUE,"10054","",0.00475668924490789
3288,10173778.976045,239.439581925049,2017,FALSE,1,"10054","CHE","Albula Alps","CHE",TRUE,"10054","",2.35349698955354e-05
3288,10173778.976045,241324.081771011,2018,FALSE,2,"10054","CHE","Albula Alps","CHE",TRUE,"10054","",0.0237202009537684
