"SitRecID","kba","ovl","year","random","nPAs","DOMAIN","range_countries","RangeName","COUNTRY","multiple_ranges","all_gmba_intersec","in_gmba","note","percPA"
2255,3515091202.82272,4626836.50778187,1979,FALSE,1,"12469","FRA","Monte Stello range","FRA",FALSE,"12469",TRUE,"",0.00131627779787517
2255,3515091202.82272,2691455.48627637,1984,FALSE,1,"12469","FRA","Monte Stello range","FRA",FALSE,"12469",TRUE,"",0.000765685818938367
2255,3515091202.82272,1075.89800551534,1991,FALSE,1,"12469","FRA","Monte Stello range","FRA",FALSE,"12469",TRUE,"",3.06079684262917e-07
2255,3515091202.82272,96375.6094613578,1993,FALSE,1,"12469","FRA","Monte Stello range","FRA",FALSE,"12469",TRUE,"",2.74176696706945e-05
2255,3515091202.82272,35404.4090391435,1994,FALSE,2,"12469","FRA","Monte Stello range","FRA",FALSE,"12469",TRUE,"",1.00721167663339e-05
2255,3515091202.82272,14985.1552342137,1997,FALSE,1,"12469","FRA","Monte Stello range","FRA",FALSE,"12469",TRUE,"",4.26309144473412e-06
2255,3515091202.82272,84473.8217190835,1998,FALSE,1,"12469","FRA","Monte Stello range","FRA",FALSE,"12469",TRUE,"",2.40317581664022e-05
2255,3515091202.82272,52921.879763335,2000,FALSE,1,"12469","FRA","Monte Stello range","FRA",FALSE,"12469",TRUE,"",1.50556206680604e-05
2255,3515091202.82272,3490599341.09758,2001,FALSE,1,"12469","FRA","Monte Stello range","FRA",FALSE,"12469",TRUE,"",0.993032368063316
