"SitRecID","kba","ovl","year","random","nPAs","DOMAIN","range_countries","RangeName","COUNTRY","multiple_ranges","all_gmba_intersec","in_gmba","note","percPA"
29614,210901269.694803,4174.03859508038,1964,TRUE,1,"16036","USA","Jersey Highlands","USA",TRUE,"16036;16038;16040",TRUE,"",1.97914341678486e-05
29614,210901269.694803,6365658.15955089,1989,TRUE,1,"16036","USA","Jersey Highlands","USA",TRUE,"16036;16038;16040",TRUE,"",0.0301831191854022
29614,210901269.694803,111679.272497818,1990,TRUE,1,"16036","USA","Jersey Highlands","USA",TRUE,"16036;16038;16040",TRUE,"",0.000529533428885611
29614,210901269.694803,563194.088534281,1998,TRUE,1,"16036","USA","Jersey Highlands","USA",TRUE,"16036;16038;16040",TRUE,"",0.00267041582703264
29614,210901269.694803,3955434.22693898,2000,TRUE,2,"16036","USA","Jersey Highlands","USA",TRUE,"16036;16038;16040",TRUE,"",0.0187549095017917
29614,210901269.694803,21268.5953604802,2010,TRUE,2,"16036","USA","Jersey Highlands","USA",TRUE,"16036;16038;16040",TRUE,"",0.00010084621771722
29614,210901269.694803,9190.16588330269,2011,TRUE,1,"16036","USA","Jersey Highlands","USA",TRUE,"16036;16038;16040",TRUE,"",4.35756783095799e-05
29614,210901269.694803,402495.156046867,2012,TRUE,1,"16036","USA","Jersey Highlands","USA",TRUE,"16036;16038;16040",TRUE,"",0.00190845297721214
29614,210901269.694803,403048.45026245,2013,TRUE,1,"16036","USA","Jersey Highlands","USA",TRUE,"16036;16038;16040",TRUE,"",0.00191107645224566
