"SitRecID","kba","ovl","year","random","nPAs","DOMAIN","range_countries","RangeName","COUNTRY","multiple_ranges","all_gmba_intersec","note","percPA"
15096,409108249.26527,409108257.529403,1972,FALSE,1,"18433","THA","Dong Phaya Yen Mountains","THA",FALSE,"18433","",1.00000002020036
21896,244475558.485594,244475556.293306,1962,FALSE,1,"18433","THA","Dong Phaya Yen Mountains","THA",FALSE,"18433","",0.999999991032693
15097,827228265.65737,827228264.203483,1972,FALSE,1,"18433","THA","Dong Phaya Yen Mountains","THA",FALSE,"18433","",0.99999999824246
21913,854666859.121532,854666843.730324,1974,FALSE,1,"18433","THA","Dong Phaya Yen Mountains","THA",FALSE,"18433","",0.99999998199157
21885,47101218.1592429,47101218.3852412,1981,FALSE,1,"18433","THA","Dong Phaya Yen Mountains","THA",TRUE,"18433","",1.00000000479814
21912,95281753.6035016,95281754.1865177,1986,FALSE,1,"18433","THA","Dong Phaya Yen Mountains","THA",FALSE,"18433","",1.00000000611886
23516,46856750.3487324,5257155.18000632,1981,FALSE,1,"18433","THA","Dong Phaya Yen Mountains","THA",FALSE,"18433","",0.112196324774549
23516,46856750.3487324,0.0259392261505127,2005,FALSE,1,"18433","THA","Dong Phaya Yen Mountains","THA",FALSE,"18433","",5.53585683118429e-10
48969,1176050.19550607,1176050.11158196,1979,FALSE,1,"18433","THA","Dong Phaya Yen Mountains","THA",TRUE,"18433","",0.999999928639002
