"SitRecID","kba","ovl","year","random","nPAs","DOMAIN","range_countries","RangeName","COUNTRY","multiple_ranges","all_gmba_intersec","note","percPA"
20439,75429316.3753643,72995918.1126887,1991,FALSE,1,"11246","NIC","Cordillera Dariense","NIC",TRUE,"11246","",0.96773935679642
20442,82093991.5006425,81674053.7828009,2001,FALSE,1,"11246","NIC","Cordillera Dariense","NIC",TRUE,"11246","",0.994884671701725
20443,42808327.2247372,42262388.5468658,1991,FALSE,1,"11246","NIC","Cordillera Dariense","NIC",FALSE,"11246","",0.987246904673352
20445,5549168.95437767,2752348.82837367,1991,FALSE,1,"11246","NIC","Cordillera Dariense","NIC",FALSE,"11246","",0.495992976786619
20448,47770589.0135263,47357970.1331833,1991,FALSE,1,"11246","NIC","Cordillera Dariense","NIC",FALSE,"11246","",0.991362491255316
20449,106643075.849949,105576794.206026,1991,FALSE,1,"11246","NIC","Cordillera Dariense","NIC",FALSE,"11246","",0.990001398258403
