"SitRecID","kba","ovl","year","random","nPAs","DOMAIN","range_countries","RangeName","COUNTRY","multiple_ranges","all_gmba_intersec","note","percPA"
10063,522015414.938956,522015414.938956,1994,FALSE,1,"15356","MEX;USA","Sierra del Carmen","MEX",FALSE,"15356","",1
47202,418820491.917135,473421.697727362,1948,FALSE,1,"15356","MEX;USA","Sierra del Carmen","USA",TRUE,"15356","",0.00113036899307456
47202,418820491.917135,46286.1425325507,1994,FALSE,1,"15356","MEX;USA","Sierra del Carmen","USA",TRUE,"15356","",0.000110515467666536
47202,418820491.917135,401601258.26603,2003,FALSE,3,"15356","MEX;USA","Sierra del Carmen","USA",TRUE,"15356","",0.958886363051903
47202,418820491.917135,28404.4746957012,2009,FALSE,2,"15356","MEX;USA","Sierra del Carmen","USA",TRUE,"15356","",6.78201645905165e-05
