"SitRecID","kba","ovl","year","random","nPAs","DOMAIN","range_countries","RangeName","COUNTRY","multiple_ranges","all_gmba_intersec","note","percPA"
28559,261053.978508681,1389.3175188452,1998,FALSE,1,"11974","NZL","Takitimu Mountains","NZL",TRUE,"11974","",0.00532195497184887
44629,2028218.39136627,52594.8857021928,1982,FALSE,1,"11974","NZL","Takitimu Mountains","NZL",TRUE,"11974","",0.0259315692659523
44629,2028218.39136627,44746.6205186397,1987,FALSE,1,"11974","NZL","Takitimu Mountains","NZL",TRUE,"11974","",0.0220620327224707
44629,2028218.39136627,0.00417846441268921,1997,FALSE,1,"11974","NZL","Takitimu Mountains","NZL",TRUE,"11974","",2.06016493612133e-09
44629,2028218.39136627,7.61288974899799e-05,1998,FALSE,1,"11974","NZL","Takitimu Mountains","NZL",TRUE,"11974","",3.75348620316459e-11
