"SitRecID","kba","ovl","year","random","nPAs","DOMAIN","range_countries","RangeName","COUNTRY","multiple_ranges","all_gmba_intersec","note","percPA"
44613,54413.8367224634,54413.8367224634,1990,FALSE,1,"13628","NZL","Huxley Range","NZL",TRUE,"13628","",1
44615,4392266.90648234,2854693.9251455,2005,FALSE,1,"13628","NZL","Huxley Range","NZL",TRUE,"13628","",0.649936350847074
44620,14468933.9601837,2571883.86947584,1990,FALSE,1,"13628","NZL","Huxley Range","NZL",TRUE,"13628","",0.177752132710901
44620,14468933.9601837,8998962.83538838,2009,FALSE,2,"13628","NZL","Huxley Range","NZL",TRUE,"13628","",0.621950646823887
