"SitRecID","kba","ovl","year","random","nPAs","DOMAIN","range_countries","RangeName","COUNTRY","multiple_ranges","all_gmba_intersec","note","percPA"
1779,27214757.7255352,14401006.100164,1988,FALSE,1,"14944","ESP","Sierras de Lavierre y Loarre","ESP",TRUE,"14944","",0.529161649918042
1778,207802317.851015,142970.079881445,1988,FALSE,1,"14944","ESP","Sierras de Lavierre y Loarre","ESP",TRUE,"14944","",0.000688010034536516
1778,207802317.851015,130187351.720104,2001,FALSE,1,"14944","ESP","Sierras de Lavierre y Loarre","ESP",TRUE,"14944","",0.626496148197166
1778,207802317.851015,49.2688471786387,2006,FALSE,2,"14944","ESP","Sierras de Lavierre y Loarre","ESP",TRUE,"14944","",2.37094791281213e-07
1778,207802317.851015,9522.0052837804,2016,FALSE,1,"14944","ESP","Sierras de Lavierre y Loarre","ESP",TRUE,"14944","",4.58224209539726e-05
