"SitRecID","kba","ovl","year","random","nPAs","DOMAIN","range_countries","RangeName","COUNTRY","multiple_ranges","all_gmba_intersec","note","percPA"
3231,35175202.5418153,2177013.10126763,1987,FALSE,2,"15482","AUT;CZE","Gratzen Mountains","AUT",TRUE,"15482","",0.0618905633501231
3231,35175202.5418153,15540151.9600034,1996,FALSE,1,"15482","AUT;CZE","Gratzen Mountains","AUT",TRUE,"15482","",0.441792820994555
3231,35175202.5418153,1.27268202696386e-05,1999,FALSE,1,"15482","AUT;CZE","Gratzen Mountains","AUT",TRUE,"15482","",3.61812281095163e-13
3231,35175202.5418153,1247990.90601653,2004,FALSE,3,"15482","AUT;CZE","Gratzen Mountains","AUT",TRUE,"15482","",0.0354792813071355
3231,35175202.5418153,473.087617382546,2008,FALSE,1,"15482","AUT;CZE","Gratzen Mountains","AUT",TRUE,"15482","",1.34494639176605e-05
18768,8488202.55580641,91878.077820465,1838,FALSE,1,"15482","AUT;CZE","Gratzen Mountains","CZE",FALSE,"15482","",0.0108242089201341
18768,8488202.55580641,7993319.51766216,2004,FALSE,1,"15482","AUT;CZE","Gratzen Mountains","CZE",FALSE,"15482","",0.941697546107012
