"SitRecID","kba","ovl","year","random","nPAs","DOMAIN","range_countries","RangeName","COUNTRY","multiple_ranges","all_gmba_intersec","note","percPA"
14966,343815256.404053,241630436.279175,1973,FALSE,1,"11951","VEN","Serranía de Turimiquire","VEN",FALSE,"11951","",0.702791489843633
14966,343815256.404053,22128757.4250464,1974,FALSE,1,"11951","VEN","Serranía de Turimiquire","VEN",FALSE,"11951","",0.0643623487116016
14968,165691.603320479,165691.603320479,1991,FALSE,1,"11951","VEN","Serranía de Turimiquire","VEN",FALSE,"11951","",1
14938,363748519.590022,39231881.3425998,1974,FALSE,1,"11951","VEN","Serranía de Turimiquire","VEN",FALSE,"11951","",0.107854408278603
14938,363748519.590022,324515659.43971,1975,FALSE,1,"11951","VEN","Serranía de Turimiquire","VEN",FALSE,"11951","",0.892142900830138
14939,4391517926.51568,4066976546.44281,1974,FALSE,1,"11951","VEN","Serranía de Turimiquire","VEN",FALSE,"11951","",0.926098131556444
14939,4391517926.51568,324518256.031937,1975,FALSE,1,"11951","VEN","Serranía de Turimiquire","VEN",FALSE,"11951","",0.0738966028289486
