"SitRecID","kba","ovl","year","random","nPAs","DOMAIN","range_countries","RangeName","COUNTRY","multiple_ranges","all_gmba_intersec","note","percPA"
44616,1764890.96383761,1643546.30337383,1987,FALSE,1,"13627","NZL","Hope Blue River Range","NZL",FALSE,"13627","",0.931245236702939
44616,1764890.96383761,104425.901370449,1990,FALSE,1,"13627","NZL","Hope Blue River Range","NZL",FALSE,"13627","",0.0591684718830355
27403,4320397.39642033,254881.653018421,1987,FALSE,1,"13627","NZL","Hope Blue River Range","NZL",TRUE,"13627","",0.0589949557023628
27403,4320397.39642033,2099001.88917183,1990,FALSE,1,"13627","NZL","Hope Blue River Range","NZL",TRUE,"13627","",0.485835374984477
