"SitRecID","kba","ovl","year","random","nPAs","DOMAIN","range_countries","RangeName","COUNTRY","multiple_ranges","all_gmba_intersec","note","percPA"
26030,7866576.99707346,1797512.80480576,1960,FALSE,1,"12494","USA","Chigmit Mountains","USA",FALSE,"12494","",0.228499995039071
26030,7866576.99707346,8732.46700446308,1980,FALSE,1,"12494","USA","Chigmit Mountains","USA",FALSE,"12494","",0.00111007201832662
26032,24829.2718772041,24829.2718772041,1976,FALSE,1,"12494","USA","Chigmit Mountains","USA",TRUE,"12494","",1
26031,98562211.7285704,908304.720005989,1980,FALSE,2,"12494","USA","Chigmit Mountains","USA",FALSE,"12494","",0.00921554725767885
26031,98562211.7285704,96022732.611508,1989,FALSE,1,"12494","USA","Chigmit Mountains","USA",FALSE,"12494","",0.974234759219326
31090,10613728.8230872,0,0,FALSE,0,"12494","USA","Chigmit Mountains","USA",NA,NA,"no pas overlapping kba",0
31167,65686361.4363813,2589751.93853378,1960,FALSE,1,"12494","USA","Chigmit Mountains","USA",FALSE,"12494","",0.0394260221133121
31167,65686361.4363813,54451991.5408819,1980,FALSE,1,"12494","USA","Chigmit Mountains","USA",FALSE,"12494","",0.828969520463084
