"SitRecID","kba","ovl","year","random","nPAs","DOMAIN","range_countries","RangeName","COUNTRY","multiple_ranges","all_gmba_intersec","note","percPA"
20892,4422145.03779947,4419891.6427107,2005,FALSE,1,"11256","SLV;HND","Cordillera del Merendón","SLV",TRUE,"11256","",0.999490429402586
23473,84880445.7761931,83296338.7007607,1987,FALSE,1,"11256","SLV;HND","Cordillera del Merendón","HND",FALSE,"11256","",0.981337196559862
26679,33513104.3896069,26726905.9742266,1987,FALSE,2,"11256","SLV;HND","Cordillera del Merendón","HND",FALSE,"11256","",0.797506123679642
26679,33513104.3896069,520163.952967314,2013,FALSE,1,"11256","SLV;HND","Cordillera del Merendón","HND",FALSE,"11256","",0.0155212106559913
20883,211192105.81787,93678.9391229087,1987,FALSE,2,"11256","SLV;HND","Cordillera del Merendón","SLV",TRUE,"11256","",0.000443572162700515
20883,211192105.81787,10969910.5593157,2013,FALSE,1,"11256","SLV;HND","Cordillera del Merendón","SLV",TRUE,"11256","",0.0519428058962396
