"SitRecID","kba","ovl","year","random","nPAs","DOMAIN","range_countries","RangeName","COUNTRY","multiple_ranges","all_gmba_intersec","note","percPA"
1029,1304547.59463841,1304547.59463841,1992,FALSE,1,"20891","GRC","Tzoumerka (nn)","GRC",TRUE,"20891","",1
1037,405229053.317064,1385326.42703831,1986,FALSE,1,"20891","GRC","Tzoumerka (nn)","GRC",TRUE,"20891","",0.00341862562839094
1037,405229053.317064,1675076.36691375,2002,FALSE,1,"20891","GRC","Tzoumerka (nn)","GRC",TRUE,"20891","",0.00413365318503736
1037,405229053.317064,14570356.1950423,2004,FALSE,2,"20891","GRC","Tzoumerka (nn)","GRC",TRUE,"20891","",0.0359558528091075
1037,405229053.317064,178995596.565,2006,FALSE,4,"20891","GRC","Tzoumerka (nn)","GRC",TRUE,"20891","",0.44171461818891
1037,405229053.317064,168731105.625876,2009,FALSE,9,"20891","GRC","Tzoumerka (nn)","GRC",TRUE,"20891","",0.416384521901138
1037,405229053.317064,38635956.0084414,2010,FALSE,1,"20891","GRC","Tzoumerka (nn)","GRC",TRUE,"20891","",0.095343499416394
1093,200483625.928585,10175066.867766,1986,FALSE,1,"20891","GRC","Tzoumerka (nn)","GRC",FALSE,"20891","",0.0507526079530831
1093,200483625.928585,187428862.102567,2002,FALSE,1,"20891","GRC","Tzoumerka (nn)","GRC",FALSE,"20891","",0.934883640668648
