"SitRecID","kba","ovl","year","random","nPAs","DOMAIN","range_countries","RangeName","COUNTRY","multiple_ranges","all_gmba_intersec","note","percPA"
7161,770683161.599654,121064.563950639,1973,FALSE,1,"15559","ZAF","Boland Mountains","ZAF",TRUE,"15559","",0.000157087334955332
7161,770683161.599654,3960152.71561,1979,FALSE,1,"15559","ZAF","Boland Mountains","ZAF",TRUE,"15559","",0.00513849648328916
7161,770683161.599654,127293647.99269,1981,FALSE,2,"15559","ZAF","Boland Mountains","ZAF",TRUE,"15559","",0.165169883468681
7161,770683161.599654,686767.334206415,1982,FALSE,2,"15559","ZAF","Boland Mountains","ZAF",TRUE,"15559","",0.000891115011233591
7161,770683161.599654,3470697.96594125,1994,FALSE,1,"15559","ZAF","Boland Mountains","ZAF",TRUE,"15559","",0.00450340443242248
7161,770683161.599654,577939736.223757,2004,FALSE,1,"15559","ZAF","Boland Mountains","ZAF",TRUE,"15559","",0.749905752480912
