"SitRecID","kba","ovl","year","random","nPAs","DOMAIN","range_countries","RangeName","COUNTRY","multiple_ranges","all_gmba_intersec","note","percPA"
3244,5665885.82942825,108506.279986228,1981,FALSE,1,"15428","AUT","Dachstein Mountains","AUT",TRUE,"15428","",0.0191508059379971
3244,5665885.82942825,36075.0768585005,1986,FALSE,1,"15428","AUT","Dachstein Mountains","AUT",TRUE,"15428","",0.00636706738267277
3244,5665885.82942825,132876.028634661,1988,FALSE,1,"15428","AUT","Dachstein Mountains","AUT",TRUE,"15428","",0.0234519424914126
3244,5665885.82942825,609723.357181918,2002,FALSE,1,"15428","AUT","Dachstein Mountains","AUT",TRUE,"15428","",0.107613068024607
3244,5665885.82942825,2127855.70211355,2006,FALSE,3,"15428","AUT","Dachstein Mountains","AUT",TRUE,"15428","",0.375555697056514
3244,5665885.82942825,1589257.35835803,2007,FALSE,1,"15428","AUT","Dachstein Mountains","AUT",TRUE,"15428","",0.28049583175565
3244,5665885.82942825,27997.7130914528,2008,FALSE,1,"15428","AUT","Dachstein Mountains","AUT",TRUE,"15428","",0.00494145380516396
3245,27502.9994361997,0,0,FALSE,0,"15428","AUT","Dachstein Mountains","AUT",NA,NA,"no pas overlapping kba",0
