"SitRecID","kba","ovl","year","random","nPAs","DOMAIN","range_countries","RangeName","COUNTRY","multiple_ranges","all_gmba_intersec","note","percPA"
46567,43228760.1587726,42137210.1671644,2005,FALSE,1,"15158","ALB","Skanderbeg Mountains","ALB",TRUE,"15158","",0.974749449496143
46564,19646212.2296104,406746.604538679,2006,FALSE,1,"15158","ALB","Skanderbeg Mountains","ALB",FALSE,"15158","",0.0207035636073216
31747,381835338.225866,171575664.387619,2006,FALSE,1,"15158","ALB","Skanderbeg Mountains","ALB",TRUE,"15158","",0.449344644696367
31747,381835338.225866,172679521.831873,2007,FALSE,1,"15158","ALB","Skanderbeg Mountains","ALB",TRUE,"15158","",0.452235570008265
