"SitRecID","kba","ovl","year","random","nPAs","DOMAIN","range_countries","RangeName","COUNTRY","multiple_ranges","all_gmba_intersec","note","percPA"
18148,37113702.2757348,19464481.4051791,1962,FALSE,1,"20850","IND","Kinnaur Kailash Range","IND",FALSE,"20850","",0.524455395491629
18164,2552181.05338681,2552181.05338681,1982,FALSE,1,"20850","IND","Kinnaur Kailash Range","IND",TRUE,"20850","",1
18165,330147727.873268,16494853.8768677,1955,FALSE,1,"20850","IND","Kinnaur Kailash Range","IND",FALSE,"20850","",0.0499620396697066
18165,330147727.873268,9250853.24503172,1962,FALSE,1,"20850","IND","Kinnaur Kailash Range","IND",FALSE,"20850","",0.0280203450274321
18165,330147727.873268,63129034.6792176,1987,FALSE,1,"20850","IND","Kinnaur Kailash Range","IND",FALSE,"20850","",0.191214505960346
18165,330147727.873268,65070871.2067028,1990,FALSE,1,"20850","IND","Kinnaur Kailash Range","IND",FALSE,"20850","",0.197096226061811
18446,1612801871.12731,468854031.555914,1955,FALSE,1,"20850","IND","Kinnaur Kailash Range","IND",TRUE,"20850","",0.290707767612023
18446,1612801871.12731,387249322.985876,1990,FALSE,1,"20850","IND","Kinnaur Kailash Range","IND",TRUE,"20850","",0.240109668719071
18454,998570835.892288,112274488.385726,1989,FALSE,1,"20850","IND","Kinnaur Kailash Range","IND",TRUE,"20850","",0.112435176704717
