"SitRecID","kba","ovl","year","random","nPAs","DOMAIN","range_countries","RangeName","COUNTRY","multiple_ranges","all_gmba_intersec","in_gmba","note","percPA"
3287,96576209.4692122,51397.7798937652,1991,FALSE,5,"15393","CHE","Mont Leone and Saint Gothard Alps","CHE",TRUE,"15393;15395",TRUE,"",0.00053219918421162
3287,96576209.4692122,434354.675880551,1992,FALSE,1,"15393","CHE","Mont Leone and Saint Gothard Alps","CHE",TRUE,"15393;15395",TRUE,"",0.0044975328630911
3287,96576209.4692122,738847.237289955,1994,FALSE,13,"15393","CHE","Mont Leone and Saint Gothard Alps","CHE",TRUE,"15393;15395",TRUE,"",0.0076504062579252
3287,96576209.4692122,9414.6014017202,2007,FALSE,1,"15393","CHE","Mont Leone and Saint Gothard Alps","CHE",TRUE,"15393;15395",TRUE,"",9.74836499947899e-05
3287,96576209.4692122,14103871.6060923,2009,FALSE,1,"15393","CHE","Mont Leone and Saint Gothard Alps","CHE",TRUE,"15393;15395",TRUE,"",0.146038777910294
3287,96576209.4692122,1317528.02639667,2010,FALSE,12,"15393","CHE","Mont Leone and Saint Gothard Alps","CHE",TRUE,"15393;15395",TRUE,"",0.013642366309859
3287,96576209.4692122,739254.604189306,2018,FALSE,1,"15393","CHE","Mont Leone and Saint Gothard Alps","CHE",TRUE,"15393;15395",TRUE,"",0.00765462434539819
