"SitRecID","kba","ovl","year","random","nPAs","DOMAIN","range_countries","RangeName","COUNTRY","multiple_ranges","all_gmba_intersec","note","percPA"
1922,630228.206995606,0,0,FALSE,0,"17957","ESP","Sierra de Breñas","ESP",NA,NA,"no pas overlapping kba",0
1662,680210.096051973,600772.595391061,1994,FALSE,1,"17957","ESP","Sierra de Breñas","ESP",TRUE,"17957","",0.883216228159539
1662,680210.096051973,5.25294018283682,2006,FALSE,3,"17957","ESP","Sierra de Breñas","ESP",TRUE,"17957","",7.72252604500516e-06
1662,680210.096051973,7.04117119312286e-05,2015,FALSE,1,"17957","ESP","Sierra de Breñas","ESP",TRUE,"17957","",1.03514652810811e-10
29981,44697.9741674662,36623.1165730953,2006,FALSE,2,"17957","ESP","Sierra de Breñas","ESP",TRUE,"17957","",0.819346228889089
29981,44697.9741674662,0.00764328105623235,2015,FALSE,1,"17957","ESP","Sierra de Breñas","ESP",TRUE,"17957","",1.70998377411824e-07
29981,44697.9741674662,0.00244331359863281,2019,FALSE,1,"17957","ESP","Sierra de Breñas","ESP",TRUE,"17957","",5.46627368273706e-08
