"SitRecID","kba","ovl","year","random","nPAs","DOMAIN","range_countries","RangeName","COUNTRY","multiple_ranges","all_gmba_intersec","note","percPA"
24383,865269149.805384,64.7472814339726,2009,FALSE,1,"15176","AUS","Clarke Range","AUS",FALSE,"15176","",7.48290649776841e-08
24383,865269149.805384,99877425.503475,2011,FALSE,2,"15176","AUS","Clarke Range","AUS",FALSE,"15176","",0.11542931528986
24383,865269149.805384,513595084.132045,2016,FALSE,2,"15176","AUS","Clarke Range","AUS",FALSE,"15176","",0.593566850554608
24383,865269149.805384,12358.1765689896,2017,FALSE,1,"15176","AUS","Clarke Range","AUS",FALSE,"15176","",1.42824652557753e-05
24383,865269149.805384,49.3364014625549,2018,FALSE,1,"15176","AUS","Clarke Range","AUS",FALSE,"15176","",5.70185606104778e-08
