"SitRecID","kba","ovl","year","random","nPAs","DOMAIN","range_countries","RangeName","COUNTRY","multiple_ranges","all_gmba_intersec","note","percPA"
7155,1187399368.98037,25123843.6391343,1978,FALSE,1,"11540","ZAF","Kouebokkeveldberge","ZAF",TRUE,"11540","",0.0211587139891344
7155,1187399368.98037,386223675.460114,1979,FALSE,1,"11540","ZAF","Kouebokkeveldberge","ZAF",TRUE,"11540","",0.325268553740068
7155,1187399368.98037,279551640.902755,1981,FALSE,1,"11540","ZAF","Kouebokkeveldberge","ZAF",TRUE,"11540","",0.235431859074348
7155,1187399368.98037,NA,1982,FALSE,1,"11540","ZAF","Kouebokkeveldberge","ZAF",TRUE,"11540","",NA
7155,1187399368.98037,241323629.307447,1985,FALSE,1,"11540","ZAF","Kouebokkeveldberge","ZAF",TRUE,"11540","",0.203237121066246
7155,1187399368.98037,1553187.04300976,2001,FALSE,1,"11540","ZAF","Kouebokkeveldberge","ZAF",TRUE,"11540","",0.00130805783090781
7155,1187399368.98037,29140709.6394556,2004,FALSE,1,"11540","ZAF","Kouebokkeveldberge","ZAF",TRUE,"11540","",0.0245416246637212
7155,1187399368.98037,4865317.2483958,2015,FALSE,2,"11540","ZAF","Kouebokkeveldberge","ZAF",TRUE,"11540","",0.00409745648810113
