"SitRecID","kba","ovl","year","random","nPAs","DOMAIN","range_countries","RangeName","COUNTRY","multiple_ranges","all_gmba_intersec","note","percPA"
26459,2948990775.87495,2056632511.4258,1919,TRUE,1,"11721","IDN","Tamrau Mountains","IDN",TRUE,"11721","",0.697402151356544
26459,2948990775.87495,6104130.07774507,1982,TRUE,1,"11721","IDN","Tamrau Mountains","IDN",TRUE,"11721","",0.002069904771382
26459,2948990775.87495,1009813.40500624,1999,TRUE,1,"11721","IDN","Tamrau Mountains","IDN",TRUE,"11721","",0.000342426776396623
26459,2948990775.87495,3430743.66261246,2005,TRUE,1,"11721","IDN","Tamrau Mountains","IDN",TRUE,"11721","",0.00116336195103716
26459,2948990775.87495,6286.99289615827,2008,TRUE,1,"11721","IDN","Tamrau Mountains","IDN",TRUE,"11721","",2.1319133812119e-06
26459,2948990775.87495,937070.513407655,2017,TRUE,1,"11721","IDN","Tamrau Mountains","IDN",TRUE,"11721","",0.000317759730235043
26443,580018024.992412,507282582.645463,1919,TRUE,1,"11721","IDN","Tamrau Mountains","IDN",TRUE,"11721","",0.874597962110057
