"SitRecID","kba","ovl","year","random","nPAs","DOMAIN","range_countries","RangeName","COUNTRY","multiple_ranges","all_gmba_intersec","note","percPA"
1836,369342716.693047,81147337.8362169,1989,FALSE,4,"17856","ESP","Sierra Alhamilla","ESP",TRUE,"17856","",0.2197074266491
1836,369342716.693047,110344194.374571,2006,FALSE,2,"17856","ESP","Sierra Alhamilla","ESP",TRUE,"17856","",0.29875827893007
1836,369342716.693047,1.51159215874656,2015,FALSE,4,"17856","ESP","Sierra Alhamilla","ESP",TRUE,"17856","",4.09265457372702e-09
1836,369342716.693047,0.0115890874031804,2016,FALSE,2,"17856","ESP","Sierra Alhamilla","ESP",TRUE,"17856","",3.13775983101675e-11
1837,5289953.18489714,3391578.0606851,1989,FALSE,2,"17856","ESP","Sierra Alhamilla","ESP",TRUE,"17856","",0.641135742064426
1837,5289953.18489714,1898367.53903721,2006,FALSE,1,"17856","ESP","Sierra Alhamilla","ESP",TRUE,"17856","",0.358862824052406
