"SitRecID","kba","ovl","year","random","nPAs","DOMAIN","range_countries","RangeName","COUNTRY","multiple_ranges","all_gmba_intersec","note","percPA"
2017,313172028.487772,1196749.43540595,1954,FALSE,1,"11566","ESP","La Palma","ESP",FALSE,"11566","",0.00382138034863696
2017,313172028.487772,83058232.6575532,1987,FALSE,8,"11566","ESP","La Palma","ESP",FALSE,"11566","",0.265215999840791
2017,313172028.487772,134526304.828615,1989,FALSE,1,"11566","ESP","La Palma","ESP",FALSE,"11566","",0.429560409587691
2017,313172028.487772,0.378363247883047,1994,FALSE,1,"11566","ESP","La Palma","ESP",FALSE,"11566","",1.20816424669236e-09
2017,313172028.487772,47401.8686737516,2001,FALSE,20,"11566","ESP","La Palma","ESP",FALSE,"11566","",0.000151360480380841
2017,313172028.487772,4852.12232400541,2011,FALSE,1,"11566","ESP","La Palma","ESP",FALSE,"11566","",1.54934728603799e-05
2021,5253799.18235837,4712512.93506388,1987,FALSE,1,"11566","ESP","La Palma","ESP",FALSE,"11566","",0.896972413960537
2021,5253799.18235837,541286.245711662,1989,FALSE,1,"11566","ESP","La Palma","ESP",FALSE,"11566","",0.103027585738191
2020,43495490.9917551,42732137.0825773,1954,FALSE,1,"11566","ESP","La Palma","ESP",FALSE,"11566","",0.982449815101005
