"SitRecID","kba","ovl","year","random","nPAs","DOMAIN","range_countries","RangeName","COUNTRY","multiple_ranges","all_gmba_intersec","note","percPA"
2941,221711674.42734,84066.1861551953,1933,FALSE,1,"19936","CZE","Bohemian Massif (nn)","CZE",TRUE,"19936","",0.000379168965154091
2941,221711674.42734,4373574.09675987,1974,FALSE,2,"19936","CZE","Bohemian Massif (nn)","CZE",TRUE,"19936","",0.0197264041600714
2941,221711674.42734,88010.9310810608,1979,FALSE,1,"19936","CZE","Bohemian Massif (nn)","CZE",TRUE,"19936","",0.000396961194345694
2941,221711674.42734,7715.14609267784,1990,FALSE,1,"19936","CZE","Bohemian Massif (nn)","CZE",TRUE,"19936","",3.47981048476825e-05
2941,221711674.42734,850242.306764593,1992,FALSE,1,"19936","CZE","Bohemian Massif (nn)","CZE",TRUE,"19936","",0.0038349009314042
2941,221711674.42734,216213968.083656,2004,FALSE,1,"19936","CZE","Bohemian Massif (nn)","CZE",TRUE,"19936","",0.975203352020664
