"SitRecID","kba","ovl","year","random","nPAs","DOMAIN","range_countries","RangeName","COUNTRY","multiple_ranges","all_gmba_intersec","note","percPA"
1401,430342918.944034,123141900.995803,1985,FALSE,1,"20220","HUN","Matra","HUN",FALSE,"20220","",0.28614831469277
1401,430342918.944034,223327819.390931,2004,FALSE,1,"20220","HUN","Matra","HUN",FALSE,"20220","",0.518953163999836
1401,430342918.944034,44688.7706151008,2010,FALSE,5,"20220","HUN","Matra","HUN",FALSE,"20220","",0.000103844558950237
