"SitRecID","kba","ovl","year","random","nPAs","DOMAIN","range_countries","RangeName","COUNTRY","multiple_ranges","all_gmba_intersec","note","percPA"
1664,206556272.730385,189490723.325598,1978,FALSE,1,"17830","ESP","Sierra Segundera","ESP",TRUE,"17830","",0.917380628633522
1664,206556272.730385,884160.802544166,1990,FALSE,1,"17830","ESP","Sierra Segundera","ESP",TRUE,"17830","",0.00428048391296375
1664,206556272.730385,1799.22174591611,2000,FALSE,2,"17830","ESP","Sierra Segundera","ESP",TRUE,"17830","",8.71056454559775e-06
1664,206556272.730385,11102671.5458599,2004,FALSE,1,"17830","ESP","Sierra Segundera","ESP",TRUE,"17830","",0.0537513162834424
1664,206556272.730385,79.7024620284361,2006,FALSE,1,"17830","ESP","Sierra Segundera","ESP",TRUE,"17830","",3.85863188635625e-07
1664,206556272.730385,0.591685816240101,2008,FALSE,1,"17830","ESP","Sierra Segundera","ESP",TRUE,"17830","",2.86452601230087e-09
1664,206556272.730385,4332963.3410976,2015,FALSE,3,"17830","ESP","Sierra Segundera","ESP",TRUE,"17830","",0.0209771568968683
