"SitRecID","kba","ovl","year","random","nPAs","DOMAIN","range_countries","RangeName","COUNTRY","multiple_ranges","all_gmba_intersec","note","percPA"
2317,68777952.9015713,41625.8349028443,2004,FALSE,1,"17928","FRA","Massif de Tabe","FRA",TRUE,"17928","",0.000605220614263053
2317,68777952.9015713,66408777.5328054,2006,FALSE,1,"17928","FRA","Massif de Tabe","FRA",TRUE,"17928","",0.965553272977513
2317,68777952.9015713,3.36059402541179e-05,2010,FALSE,1,"17928","FRA","Massif de Tabe","FRA",TRUE,"17928","",4.88615011589711e-13
2317,68777952.9015713,76064.6016419881,2015,FALSE,1,"17928","FRA","Massif de Tabe","FRA",TRUE,"17928","",0.00110594454229897
