"SitRecID","kba","ovl","year","random","nPAs","DOMAIN","range_countries","RangeName","COUNTRY","multiple_ranges","all_gmba_intersec","note","percPA"
44511,2758697585.42098,274652458.562978,1977,TRUE,1,"12103","USA","Abajo Mountains","USA",TRUE,"12103","",0.0995587410575363
44511,2758697585.42098,185885719.056374,1984,TRUE,1,"12103","USA","Abajo Mountains","USA",TRUE,"12103","",0.0673816949123865
44511,2758697585.42098,649461.404292819,1986,TRUE,1,"12103","USA","Abajo Mountains","USA",TRUE,"12103","",0.000235423196701609
44511,2758697585.42098,135819651.944119,1992,TRUE,4,"12103","USA","Abajo Mountains","USA",TRUE,"12103","",0.0492332514668848
44511,2758697585.42098,14475887.2090166,1997,TRUE,1,"12103","USA","Abajo Mountains","USA",TRUE,"12103","",0.00524736284452418
44511,2758697585.42098,3400065.54941901,2008,TRUE,2,"12103","USA","Abajo Mountains","USA",TRUE,"12103","",0.00123248940637332
44511,2758697585.42098,10382613.1755617,2016,TRUE,1,"12103","USA","Abajo Mountains","USA",TRUE,"12103","",0.00376359236707612
