"SitRecID","kba","ovl","year","random","nPAs","DOMAIN","range_countries","RangeName","COUNTRY","multiple_ranges","all_gmba_intersec","note","percPA"
14602,2368715039.67344,28281159.016897,1999,FALSE,1,"11255","ECU;PER","Cordillera del Cóndor","ECU",TRUE,"11255","",0.0119394517885089
14602,2368715039.67344,78902090.7178178,2006,FALSE,1,"11255","ECU;PER","Cordillera del Cóndor","ECU",TRUE,"11255","",0.0333100813716687
14602,2368715039.67344,17244908.6889595,2007,FALSE,1,"11255","ECU;PER","Cordillera del Cóndor","ECU",TRUE,"11255","",0.00728027998308186
14602,2368715039.67344,36924239.5214027,2011,FALSE,1,"11255","ECU;PER","Cordillera del Cóndor","ECU",TRUE,"11255","",0.0155882995222985
14634,584577161.315613,68703340.9631002,2010,FALSE,1,"11255","ECU;PER","Cordillera del Cóndor","ECU",TRUE,"11255","",0.117526556816693
14832,8317037681.95781,53265024.7846549,1999,FALSE,1,"11255","ECU;PER","Cordillera del Cóndor","PER",TRUE,"11255","",0.00640432649478107
14832,8317037681.95781,941223.174318579,2006,FALSE,1,"11255","ECU;PER","Cordillera del Cóndor","PER",TRUE,"11255","",0.000113168078624963
14832,8317037681.95781,1679705623.52912,2007,FALSE,2,"11255","ECU;PER","Cordillera del Cóndor","PER",TRUE,"11255","",0.201959602416244
