"SitRecID","kba","ovl","year","random","nPAs","DOMAIN","range_countries","RangeName","COUNTRY","multiple_ranges","all_gmba_intersec","note","percPA"
1769,37681134.2213035,10618778.3092417,1918,FALSE,1,"14946","ESP","Sierras de la Corona y Bolave","ESP",TRUE,"14946","",0.281806228201014
1769,37681134.2213035,529359.407546107,1988,FALSE,1,"14946","ESP","Sierras de la Corona y Bolave","ESP",TRUE,"14946","",0.0140483936719407
1769,37681134.2213035,731184.74698889,1997,FALSE,1,"14946","ESP","Sierras de la Corona y Bolave","ESP",TRUE,"14946","",0.0194045312621059
1769,37681134.2213035,7.88333950788399e-05,2003,FALSE,1,"14946","ESP","Sierras de la Corona y Bolave","ESP",TRUE,"14946","",2.09211842233429e-12
1769,37681134.2213035,9906271.63027129,2006,FALSE,3,"14946","ESP","Sierras de la Corona y Bolave","ESP",TRUE,"14946","",0.262897384460117
1770,2226.25195844471,0,0,FALSE,0,"14946","ESP","Sierras de la Corona y Bolave","ESP",NA,NA,"no pas overlapping kba",0
1780,43753148.2682989,2132607.19800351,2001,FALSE,1,"14946","ESP","Sierras de la Corona y Bolave","ESP",TRUE,"14946","",0.0487417999026297
1780,43753148.2682989,17998357.2518461,2006,FALSE,3,"14946","ESP","Sierras de la Corona y Bolave","ESP",TRUE,"14946","",0.411361421159417
