"SitRecID","kba","ovl","year","random","nPAs","DOMAIN","range_countries","RangeName","COUNTRY","multiple_ranges","all_gmba_intersec","note","percPA"
452,1785984.00666899,1086.05342821591,1968,FALSE,1,"20198","ROU","Metaliferi Mountains","ROU",TRUE,"20198","",0.00060809807039733
452,1785984.00666899,925717.948940348,2007,FALSE,1,"20198","ROU","Metaliferi Mountains","ROU",TRUE,"20198","",0.518323761849855
2949,427206.5822636,55011.8846107195,2007,FALSE,1,"20198","ROU","Metaliferi Mountains","ROU",TRUE,"20198","",0.128771154038014
2949,427206.5822636,196525.895479212,2009,FALSE,1,"20198","ROU","Metaliferi Mountains","ROU",TRUE,"20198","",0.460025438835465
24365,233453088.096039,3482413.51297228,1988,FALSE,3,"20198","ROU","Metaliferi Mountains","ROU",TRUE,"20198","",0.0149169734329651
24365,233453088.096039,1843725.00870721,1999,FALSE,2,"20198","ROU","Metaliferi Mountains","ROU",TRUE,"20198","",0.00789762527342851
24365,233453088.096039,4649615.55369488,2009,FALSE,2,"20198","ROU","Metaliferi Mountains","ROU",TRUE,"20198","",0.0199167018590994
24365,233453088.096039,163338823.903404,2011,FALSE,2,"20198","ROU","Metaliferi Mountains","ROU",TRUE,"20198","",0.699664438948047
