"SitRecID","kba","ovl","year","random","nPAs","DOMAIN","range_countries","RangeName","COUNTRY","multiple_ranges","all_gmba_intersec","note","percPA"
450,15087345.2642083,36749.8099873755,1971,FALSE,1,"20150","ROU","Giurgeu Mountains","ROU",TRUE,"20150","",0.00243580360519469
450,15087345.2642083,14817144.9451502,1990,FALSE,1,"20150","ROU","Giurgeu Mountains","ROU",TRUE,"20150","",0.982090930224877
24353,28774795.6728839,22827.012460338,1954,FALSE,1,"20150","ROU","Giurgeu Mountains","ROU",TRUE,"20150","",0.000793298855006264
24353,28774795.6728839,NA,2009,FALSE,1,"20150","ROU","Giurgeu Mountains","ROU",TRUE,"20150","",NA
24353,28774795.6728839,3366147.82732833,2011,FALSE,1,"20150","ROU","Giurgeu Mountains","ROU",TRUE,"20150","",0.116982510166022
24361,175829059.051727,169340465.649424,2007,FALSE,1,"20150","ROU","Giurgeu Mountains","ROU",TRUE,"20150","",0.963097149940422
24361,175829059.051727,0.0027821132507494,2018,FALSE,1,"20150","ROU","Giurgeu Mountains","ROU",TRUE,"20150","",1.58228296605451e-11
