"SitRecID","kba","ovl","year","random","nPAs","DOMAIN","range_countries","RangeName","COUNTRY","multiple_ranges","all_gmba_intersec","note","percPA"
27130,76352812.565352,15627.4520741701,2003,FALSE,1,"19686","AUS","South East Coastal Ranges (nn)","AUS",TRUE,"19686","",0.000204674216300732
27130,76352812.565352,26171110.7881711,2006,FALSE,1,"19686","AUS","South East Coastal Ranges (nn)","AUS",TRUE,"19686","",0.342765510645344
27130,76352812.565352,2538083.43213928,2015,FALSE,1,"19686","AUS","South East Coastal Ranges (nn)","AUS",TRUE,"19686","",0.0332415185094443
27130,76352812.565352,3388804.39653587,2016,FALSE,1,"19686","AUS","South East Coastal Ranges (nn)","AUS",TRUE,"19686","",0.0443834913564621
23844,131829585.810936,26000531.3999538,1992,FALSE,1,"19686","AUS","South East Coastal Ranges (nn)","AUS",FALSE,"19686","",0.197228347794724
23844,131829585.810936,91609361.498108,1997,FALSE,1,"19686","AUS","South East Coastal Ranges (nn)","AUS",FALSE,"19686","",0.69490745142361
23844,131829585.810936,4610.46120728925,1999,FALSE,1,"19686","AUS","South East Coastal Ranges (nn)","AUS",FALSE,"19686","",3.49728869959536e-05
23844,131829585.810936,13907368.4870156,2013,FALSE,1,"19686","AUS","South East Coastal Ranges (nn)","AUS",FALSE,"19686","",0.105495048030879
