"SitRecID","kba","ovl","year","random","nPAs","DOMAIN","range_countries","RangeName","COUNTRY","multiple_ranges","all_gmba_intersec","note","percPA"
998,215515628.805372,293725.981821232,1996,FALSE,1,"11707","GRC","Pangaion Hills","GRC",FALSE,"11707","",0.00136289875332656
998,215515628.805372,59825538.1133159,2001,FALSE,1,"11707","GRC","Pangaion Hills","GRC",FALSE,"11707","",0.277592573888658
998,215515628.805372,47355899.8122916,2006,FALSE,1,"11707","GRC","Pangaion Hills","GRC",FALSE,"11707","",0.219733019246868
998,215515628.805372,72391525.2352879,2010,FALSE,1,"11707","GRC","Pangaion Hills","GRC",FALSE,"11707","",0.335899190404717
