"SitRecID","kba","ovl","year","random","nPAs","DOMAIN","range_countries","RangeName","COUNTRY","multiple_ranges","all_gmba_intersec","note","percPA"
1017,1409570.54568386,6188.17610013485,2003,FALSE,1,"14791","GRC","Askio Range","GRC",TRUE,"14791","",0.00439011450621127
1017,1409570.54568386,170669.007297825,2006,FALSE,1,"14791","GRC","Askio Range","GRC",TRUE,"14791","",0.121078727006901
1017,1409570.54568386,693230.072454307,2010,FALSE,1,"14791","GRC","Askio Range","GRC",TRUE,"14791","",0.491802325592709
1020,49247453.228234,20352.1557535157,2001,FALSE,1,"14791","GRC","Askio Range","GRC",TRUE,"14791","",0.000413263111478983
1020,49247453.228234,48514651.4094944,2008,FALSE,1,"14791","GRC","Askio Range","GRC",TRUE,"14791","",0.985120005793122
