"SitRecID","kba","ovl","year","random","nPAs","DOMAIN","range_countries","RangeName","COUNTRY","multiple_ranges","all_gmba_intersec","note","percPA"
18978,35697381.4900848,35609158.3096752,2008,FALSE,1,"15147","BGR","Orvilos","BGR",TRUE,"15147","",0.997528581180835
18994,22283181.8134771,22271231.8524959,2007,FALSE,1,"15147","BGR","Orvilos","BGR",TRUE,"15147","",0.999463722861429
18998,2774706.4657424,2765720.54834482,2007,FALSE,1,"15147","BGR","Orvilos","BGR",TRUE,"15147","",0.996761489004865
19000,187594271.940958,16370513.6061568,1951,FALSE,1,"15147","BGR","Orvilos","BGR",FALSE,"15147","",0.0872655302146384
19000,187594271.940958,1292701.09976432,1981,FALSE,1,"15147","BGR","Orvilos","BGR",FALSE,"15147","",0.00689094121259297
19000,187594271.940958,169772269.365781,2007,FALSE,2,"15147","BGR","Orvilos","BGR",FALSE,"15147","",0.904997085514497
