"SitRecID","kba","ovl","year","random","nPAs","DOMAIN","range_countries","RangeName","COUNTRY","multiple_ranges","all_gmba_intersec","note","percPA"
1672,4039069.09554288,87359.1238457756,1997,FALSE,1,"17958","ESP","Sierra de Toloño","ESP",TRUE,"17958","",0.0216285291930699
1672,4039069.09554288,NA,1998,FALSE,1,"17958","ESP","Sierra de Toloño","ESP",TRUE,"17958","",NA
1672,4039069.09554288,NA,2004,FALSE,1,"17958","ESP","Sierra de Toloño","ESP",TRUE,"17958","",NA
1672,4039069.09554288,27782.1853501742,2015,FALSE,1,"17958","ESP","Sierra de Toloño","ESP",TRUE,"17958","",0.00687836347757255
1671,47299174.0295642,8460189.74952835,1990,FALSE,1,"17958","ESP","Sierra de Toloño","ESP",TRUE,"17958","",0.178865485985872
1671,47299174.0295642,34969348.8028115,2000,FALSE,1,"17958","ESP","Sierra de Toloño","ESP",TRUE,"17958","",0.739322610178223
1671,47299174.0295642,0.0201672151928776,2003,FALSE,1,"17958","ESP","Sierra de Toloño","ESP",TRUE,"17958","",4.26375631427984e-10
1671,47299174.0295642,4.22077086741882e-06,2004,FALSE,1,"17958","ESP","Sierra de Toloño","ESP",TRUE,"17958","",8.92356146595845e-14
1671,47299174.0295642,NA,2006,FALSE,1,"17958","ESP","Sierra de Toloño","ESP",TRUE,"17958","",NA
