"SitRecID","kba","ovl","year","random","nPAs","DOMAIN","range_countries","RangeName","COUNTRY","multiple_ranges","all_gmba_intersec","note","percPA"
24339,249560837.407377,707107.568140805,1953,FALSE,1,"20143","ROU","Gutin Mountains","ROU",FALSE,"20143","",0.00283340757903669
24339,249560837.407377,40325.5122654364,1977,FALSE,1,"20143","ROU","Gutin Mountains","ROU",FALSE,"20143","",0.000161585898991075
24339,249560837.407377,503802.239277914,1993,FALSE,3,"20143","ROU","Gutin Mountains","ROU",FALSE,"20143","",0.00201875520418903
24339,249560837.407377,150419053.101933,2009,FALSE,2,"20143","ROU","Gutin Mountains","ROU",FALSE,"20143","",0.602735007081232
24339,249560837.407377,86393154.4510289,2011,FALSE,1,"20143","ROU","Gutin Mountains","ROU",FALSE,"20143","",0.346180736322835
