"SitRecID","kba","ovl","year","random","nPAs","DOMAIN","range_countries","RangeName","COUNTRY","multiple_ranges","all_gmba_intersec","note","percPA"
2147,3091288.26150374,31409.1758982372,2012,FALSE,1,"15502","FRA","Chaîne des Puys","FRA",FALSE,"15502","",0.0101605457793698
2147,3091288.26150374,2941076.18877188,2018,FALSE,1,"15502","FRA","Chaîne des Puys","FRA",FALSE,"15502","",0.951407937395399
2150,26242251.790374,23595183.8844921,1977,FALSE,1,"15502","FRA","Chaîne des Puys","FRA",FALSE,"15502","",0.899129543949696
2150,26242251.790374,2370543.08128216,2018,FALSE,1,"15502","FRA","Chaîne des Puys","FRA",FALSE,"15502","",0.0903330666978704
2155,33930232.1534873,16810448.1727027,1977,FALSE,1,"15502","FRA","Chaîne des Puys","FRA",TRUE,"15502","",0.495441590162386
2155,33930232.1534873,970625.59506607,2007,FALSE,1,"15502","FRA","Chaîne des Puys","FRA",TRUE,"15502","",0.0286065120531841
2155,33930232.1534873,15127.9284473427,2011,FALSE,1,"15502","FRA","Chaîne des Puys","FRA",TRUE,"15502","",0.00044585396229857
2155,33930232.1534873,16108780.345501,2018,FALSE,1,"15502","FRA","Chaîne des Puys","FRA",TRUE,"15502","",0.474761866427294
