"SitRecID","kba","ovl","year","random","nPAs","DOMAIN","range_countries","RangeName","COUNTRY","multiple_ranges","all_gmba_intersec","note","percPA"
27479,46065468.1255288,0,0,FALSE,0,"18800","WSM","Upolu","WSM",NA,NA,"no pas overlapping kba",0
23805,4359196.5538975,648767.288160443,1999,FALSE,1,"18800","WSM","Upolu","WSM",FALSE,"18800","",0.148827262120215
23810,19258742.0141244,0,0,FALSE,0,"18800","WSM","Upolu","WSM",NA,NA,"no pas overlapping kba",0
23807,32021994.0832935,31994010.6382044,1978,FALSE,2,"18800","WSM","Upolu","WSM",FALSE,"18800","",0.999126117973283
27480,83499502.3556877,785349.98752166,1958,FALSE,1,"18800","WSM","Upolu","WSM",FALSE,"18800","",0.00940544512680158
27480,83499502.3556877,4680522.57229498,2003,FALSE,2,"18800","WSM","Upolu","WSM",FALSE,"18800","",0.0560544966167234
27480,83499502.3556877,207601.316327699,2015,FALSE,1,"18800","WSM","Upolu","WSM",FALSE,"18800","",0.00248625812694508
27480,83499502.3556877,96180.2841667831,2016,FALSE,1,"18800","WSM","Upolu","WSM",FALSE,"18800","",0.00115186655552842
23806,4682140.64010853,4391370.33686927,2003,FALSE,2,"18800","WSM","Upolu","WSM",FALSE,"18800","",0.937897998887851
