"SitRecID","kba","ovl","year","random","nPAs","DOMAIN","range_countries","RangeName","COUNTRY","multiple_ranges","all_gmba_intersec","note","percPA"
3284,38682121.8800412,36002.3167620897,1992,FALSE,1,"10054","CHE","Albula Alps","CHE",TRUE,"10054","",0.000930722385750661
3284,38682121.8800412,2249378.95136764,2010,FALSE,13,"10054","CHE","Albula Alps","CHE",TRUE,"10054","",0.058150350654064
3288,10173778.977559,7145.2803466646,1991,FALSE,2,"10054","CHE","Albula Alps","CHE",TRUE,"10054","",0.000702323135034234
3288,10173778.977559,48393.5547745414,2010,FALSE,1,"10054","CHE","Albula Alps","CHE",TRUE,"10054","",0.00475669413315215
3288,10173778.977559,239.454879641533,2017,FALSE,1,"10054","CHE","Albula Alps","CHE",TRUE,"10054","",2.35364735335528e-05
3288,10173778.977559,241324.082991444,2018,FALSE,2,"10054","CHE","Albula Alps","CHE",TRUE,"10054","",0.0237202010701971
