"SitRecID","kba","ovl","year","random","nPAs","DOMAIN","range_countries","RangeName","COUNTRY","multiple_ranges","all_gmba_intersec","note","percPA"
14355,1599482954.65541,695990375.032276,1973,FALSE,1,"11249","BOL;ARG","Cordillera de Lípez","BOL",TRUE,"11249","",0.435134599594543
14355,1599482954.65541,985823.799808979,1992,FALSE,1,"11249","BOL;ARG","Cordillera de Lípez","BOL",TRUE,"11249","",0.00061633904690242
14355,1599482954.65541,5034.54225462675,2000,FALSE,1,"11249","BOL;ARG","Cordillera de Lípez","BOL",TRUE,"11249","",3.14760606855695e-06
19459,1274897263.13649,2092109.99769178,1973,FALSE,1,"11249","BOL;ARG","Cordillera de Lípez","ARG",TRUE,"11249","",0.00164100281503844
19459,1274897263.13649,1169763833.82176,1992,FALSE,1,"11249","BOL;ARG","Cordillera de Lípez","ARG",TRUE,"11249","",0.917535763582955
19459,1274897263.13649,3459753.43935108,2000,FALSE,1,"11249","BOL;ARG","Cordillera de Lípez","ARG",TRUE,"11249","",0.00271375077772104
