"SitRecID","kba","ovl","year","random","nPAs","DOMAIN","range_countries","RangeName","COUNTRY","multiple_ranges","all_gmba_intersec","note","percPA"
1491,18725688.0545599,124892.107106833,2007,FALSE,1,"18376","RUS;GEO","Alevis K'edi Range","RUS",TRUE,"18376","",0.00666956037839261
137,79001193.8712769,57418053.115721,1977,FALSE,1,"18376","RUS;GEO","Alevis K'edi Range","GEO",FALSE,"18376","",0.72679981532022
18584,179967723.78339,123513282.586746,2007,FALSE,1,"18376","RUS;GEO","Alevis K'edi Range","GEO",TRUE,"18376","",0.686307966729673
18584,179967723.78339,42604.0156431516,2012,FALSE,2,"18376","RUS;GEO","Alevis K'edi Range","GEO",TRUE,"18376","",0.000236731424654956
18584,179967723.78339,38028.9140927855,2013,FALSE,2,"18376","RUS;GEO","Alevis K'edi Range","GEO",TRUE,"18376","",0.000211309635379716
