"SitRecID","kba","ovl","year","random","nPAs","DOMAIN","range_countries","RangeName","COUNTRY","multiple_ranges","all_gmba_intersec","note","percPA"
3373,990492.486960452,969460.106897081,1983,FALSE,2,"15419","DEU","Kocheler Berge","DEU",TRUE,"15419","",0.978765734884155
3373,990492.486960452,7729.85684303079,2004,FALSE,1,"15419","DEU","Kocheler Berge","DEU",TRUE,"15419","",0.00780405398808383
3503,3651932.51245715,867262.426108661,2004,FALSE,1,"15419","DEU","Kocheler Berge","DEU",TRUE,"15419","",0.237480408838425
3503,3651932.51245715,2005584.09395081,2006,FALSE,3,"15419","DEU","Kocheler Berge","DEU",TRUE,"15419","",0.549184325589135
3503,3651932.51245715,953.08258678636,2008,FALSE,1,"15419","DEU","Kocheler Berge","DEU",TRUE,"15419","",0.000260980339460077
