"SitRecID","kba","ovl","year","random","nPAs","DOMAIN","range_countries","RangeName","COUNTRY","multiple_ranges","all_gmba_intersec","note","percPA"
26108,95234174.5970068,4041739.8025955,1969,TRUE,1,"15914","USA","Blackhead Range","USA",TRUE,"15914","",0.0424400150439539
26108,95234174.5970068,542734.954763416,1971,TRUE,1,"15914","USA","Blackhead Range","USA",TRUE,"15914","",0.00569895163222714
26108,95234174.5970068,4942353.6213119,1986,TRUE,1,"15914","USA","Blackhead Range","USA",TRUE,"15914","",0.0518968494474382
26108,95234174.5970068,52813695.223224,2000,TRUE,1,"15914","USA","Blackhead Range","USA",TRUE,"15914","",0.55456662953935
26108,95234174.5970068,120862.424864292,2001,TRUE,1,"15914","USA","Blackhead Range","USA",TRUE,"15914","",0.00126910770609116
26108,95234174.5970068,5530.19658946223,2008,TRUE,1,"15914","USA","Blackhead Range","USA",TRUE,"15914","",5.8069454719e-05
