"SitRecID","kba","ovl","year","random","nPAs","DOMAIN","range_countries","RangeName","COUNTRY","multiple_ranges","all_gmba_intersec","note","percPA"
24332,111465416.213961,84216127.4767878,1986,FALSE,1,"14414","AUS","Mistake Mountains","AUS",TRUE,"14414","",0.755535935156178
24332,111465416.213961,7.50249457359314,2007,FALSE,1,"14414","AUS","Mistake Mountains","AUS",TRUE,"14414","",6.73078236140246e-08
24332,111465416.213961,541.689705811441,2009,FALSE,1,"14414","AUS","Mistake Mountains","AUS",TRUE,"14414","",4.85971096875152e-06
24332,111465416.213961,9780.83323684707,2011,FALSE,1,"14414","AUS","Mistake Mountains","AUS",TRUE,"14414","",8.77476940298009e-05
24332,111465416.213961,11300079.009359,2018,FALSE,1,"14414","AUS","Mistake Mountains","AUS",TRUE,"14414","",0.101377444172174
