"SitRecID","kba","ovl","year","random","nPAs","DOMAIN","range_countries","RangeName","COUNTRY","multiple_ranges","all_gmba_intersec","note","percPA"
1806,32170289.904155,29317994.0277876,2001,FALSE,1,"14385","ESP","Sierra de Sollavientos","ESP",TRUE,"14385","",0.911337576227467
1806,32170289.904155,8.18781576480263e-06,2006,FALSE,1,"14385","ESP","Sierra de Sollavientos","ESP",TRUE,"14385","",2.54514826854113e-13
1806,32170289.904155,1.28216931091616e-06,2009,FALSE,1,"14385","ESP","Sierra de Sollavientos","ESP",TRUE,"14385","",3.98556965055688e-14
1813,179263120.10411,102876075.786275,2000,FALSE,1,"14385","ESP","Sierra de Sollavientos","ESP",TRUE,"14385","",0.573883103934197
1813,179263120.10411,4442023.67014717,2008,FALSE,1,"14385","ESP","Sierra de Sollavientos","ESP",TRUE,"14385","",0.0247793504183538
1813,179263120.10411,70974748.3090624,2009,FALSE,1,"14385","ESP","Sierra de Sollavientos","ESP",TRUE,"14385","",0.395924985952731
1814,36007.1367941396,36007.1367941396,2009,TRUE,1,"14385","ESP","Sierra de Sollavientos","ESP",TRUE,"14385","",1
