"SitRecID","kba","ovl","year","random","nPAs","DOMAIN","range_countries","RangeName","COUNTRY","multiple_ranges","all_gmba_intersec","note","percPA"
462,2042741.89159387,1700.97256043553,1974,FALSE,1,"20060","ROU;SRB","Liskovac","ROU",TRUE,"20060","",0.000832690888376666
462,2042741.89159387,1996765.95796996,2000,FALSE,1,"20060","ROU;SRB","Liskovac","ROU",TRUE,"20060","",0.977493028456945
462,2042741.89159387,0.00916733016890703,2007,FALSE,1,"20060","ROU;SRB","Liskovac","ROU",TRUE,"20060","",4.48775746296274e-09
462,2042741.89159387,NA,2009,FALSE,1,"20060","ROU;SRB","Liskovac","ROU",TRUE,"20060","",NA
3133,159007575.708596,146735507.431171,1974,FALSE,1,"20060","ROU;SRB","Liskovac","SRB",TRUE,"20060","",0.922820857919905
3133,159007575.708596,124596.50790944,2000,FALSE,1,"20060","ROU;SRB","Liskovac","SRB",TRUE,"20060","",0.000783588501077333
3133,159007575.708596,0.155873174270766,2007,FALSE,1,"20060","ROU;SRB","Liskovac","SRB",TRUE,"20060","",9.80287722620369e-10
3133,159007575.708596,1.46441873396345e-05,2009,FALSE,1,"20060","ROU;SRB","Liskovac","SRB",TRUE,"20060","",9.20974190970125e-14
