"SitRecID","kba","ovl","year","random","nPAs","DOMAIN","range_countries","RangeName","COUNTRY","multiple_ranges","all_gmba_intersec","note","percPA"
44587,13079.1842294931,0,0,FALSE,0,"11982","NZL","Tararua Range","NZL",NA,NA,"no pas overlapping kba",0
44638,18261014.1500508,331.39540970698,1972,FALSE,1,"11982","NZL","Tararua Range","NZL",TRUE,"11982","",1.81477001761185e-05
44638,18261014.1500508,214237.703059467,1973,FALSE,1,"11982","NZL","Tararua Range","NZL",TRUE,"11982","",0.0117319718006391
44638,18261014.1500508,2075.62842622399,1982,FALSE,1,"11982","NZL","Tararua Range","NZL",TRUE,"11982","",0.00011366446623219
44638,18261014.1500508,3012313.46659913,1992,FALSE,1,"11982","NZL","Tararua Range","NZL",TRUE,"11982","",0.164958717070527
44638,18261014.1500508,285433.21411705,2008,FALSE,1,"11982","NZL","Tararua Range","NZL",TRUE,"11982","",0.0156307427271916
44638,18261014.1500508,699.139314562082,2014,FALSE,1,"11982","NZL","Tararua Range","NZL",TRUE,"11982","",3.8285897421537e-05
