"SitRecID","kba","ovl","year","random","nPAs","DOMAIN","range_countries","RangeName","COUNTRY","multiple_ranges","all_gmba_intersec","note","percPA"
29535,19908259.9347689,0,0,FALSE,0,"15997","USA","Beech-Snake-Rich","USA",NA,NA,"no pas overlapping kba",0
29594,160124076.09938,158379604.559136,1979,TRUE,1,"15997","USA","Beech-Snake-Rich","USA",TRUE,"15997","",0.989105501291632
29604,357217198.046218,23878.2907204702,1979,TRUE,1,"15997","USA","Beech-Snake-Rich","USA",FALSE,"15997","",6.684529986538e-05
29604,357217198.046218,6946096.27521963,1996,TRUE,1,"15997","USA","Beech-Snake-Rich","USA",FALSE,"15997","",0.0194450220012109
29604,357217198.046218,278120.413121223,2001,TRUE,1,"15997","USA","Beech-Snake-Rich","USA",FALSE,"15997","",0.000778575092807372
29604,357217198.046218,143557.732304215,2005,TRUE,1,"15997","USA","Beech-Snake-Rich","USA",FALSE,"15997","",0.000401877997726306
29604,357217198.046218,4773001.63383074,2007,TRUE,2,"15997","USA","Beech-Snake-Rich","USA",FALSE,"15997","",0.0133616232923175
29604,357217198.046218,1034.62413358688,2013,TRUE,1,"15997","USA","Beech-Snake-Rich","USA",FALSE,"15997","",2.89634468677799e-06
