"SitRecID","kba","ovl","year","random","nPAs","DOMAIN","range_countries","RangeName","COUNTRY","multiple_ranges","all_gmba_intersec","note","percPA"
1014,1782729.47262086,1562555.87541549,1997,FALSE,1,"14794","GRC","Vermio Mountains","GRC",TRUE,"14794","",0.876496349790142
1014,1782729.47262086,219118.775766948,2001,FALSE,1,"14794","GRC","Vermio Mountains","GRC",TRUE,"14794","",0.122911961198921
1021,24210505.293063,1333173.64745666,1996,FALSE,1,"14794","GRC","Vermio Mountains","GRC",TRUE,"14794","",0.05506591586251
1021,24210505.293063,14893880.6306792,2006,FALSE,1,"14794","GRC","Vermio Mountains","GRC",TRUE,"14794","",0.615182560231268
