"SitRecID","kba","ovl","year","random","nPAs","DOMAIN","range_countries","RangeName","COUNTRY","multiple_ranges","all_gmba_intersec","in_gmba","note","percPA"
2908,657352103.476434,10095989.4192051,1966,FALSE,1,"12959","ALB","Ceraunian Mountains","ALB",TRUE,"11368;12959",TRUE,"",0.0153585717088483
2908,657352103.476434,170891847.449386,1977,FALSE,1,"12959","ALB","Ceraunian Mountains","ALB",TRUE,"11368;12959",TRUE,"",0.259970032111584
2908,657352103.476434,444870.836993918,2004,FALSE,1,"12959","ALB","Ceraunian Mountains","ALB",TRUE,"11368;12959",TRUE,"",0.000676761867256832
2908,657352103.476434,30326084.8301041,2010,FALSE,1,"12959","ALB","Ceraunian Mountains","ALB",TRUE,"11368;12959",TRUE,"",0.046133700142927
2908,657352103.476434,2269926.15727723,2016,FALSE,1,"12959","ALB","Ceraunian Mountains","ALB",TRUE,"11368;12959",TRUE,"",0.00345313591494213
