"SitRecID","kba","ovl","year","random","nPAs","DOMAIN","range_countries","RangeName","COUNTRY","multiple_ranges","all_gmba_intersec","note","percPA"
26180,291654546.23028,9191521.32199192,1984,FALSE,2,"16369","USA","Owyhee Mountains","USA",FALSE,"16369","",0.031515097024185
26180,291654546.23028,3335991.10622437,1992,FALSE,1,"16369","USA","Owyhee Mountains","USA",FALSE,"16369","",0.0114381591144147
26180,291654546.23028,42247.9052650928,1994,FALSE,1,"16369","USA","Owyhee Mountains","USA",FALSE,"16369","",0.000144855980512423
26180,291654546.23028,25091339.6583126,1999,FALSE,2,"16369","USA","Owyhee Mountains","USA",FALSE,"16369","",0.0860310253435973
26180,291654546.23028,31245927.4899078,2009,FALSE,2,"16369","USA","Owyhee Mountains","USA",FALSE,"16369","",0.107133346261084
