"SitRecID","kba","ovl","year","random","nPAs","DOMAIN","range_countries","RangeName","COUNTRY","multiple_ranges","all_gmba_intersec","note","percPA"
20406,129265770.053692,38471.7741428555,1977,FALSE,1,"11254","CRI","Cordillera de Tilarán","CRI",TRUE,"11254","",0.000297617645621698
20406,129265770.053692,4384.10798912402,1991,FALSE,1,"11254","CRI","Cordillera de Tilarán","CRI",TRUE,"11254","",3.39154595010191e-05
20407,969419344.923869,2232893.12036179,1969,FALSE,1,"11254","CRI","Cordillera de Tilarán","CRI",TRUE,"11254","",0.00230333047514865
20407,969419344.923869,282873040.443094,1977,FALSE,1,"11254","CRI","Cordillera de Tilarán","CRI",TRUE,"11254","",0.291796364415761
20407,969419344.923869,24001005.9052923,1985,FALSE,1,"11254","CRI","Cordillera de Tilarán","CRI",TRUE,"11254","",0.0247581256047424
20407,969419344.923869,112808855.253464,1991,FALSE,1,"11254","CRI","Cordillera de Tilarán","CRI",TRUE,"11254","",0.116367448044193
20407,969419344.923869,11369559.4797428,1994,FALSE,1,"11254","CRI","Cordillera de Tilarán","CRI",TRUE,"11254","",0.0117282160081462
20407,969419344.923869,43112448.0534143,1995,FALSE,1,"11254","CRI","Cordillera de Tilarán","CRI",TRUE,"11254","",0.0444724445402933
20407,969419344.923869,802728.219010788,1997,FALSE,1,"11254","CRI","Cordillera de Tilarán","CRI",TRUE,"11254","",0.000828050547179691
