"SitRecID","kba","ovl","year","random","nPAs","DOMAIN","range_countries","RangeName","COUNTRY","multiple_ranges","all_gmba_intersec","note","percPA"
6979,241948240.077451,240236922.67941,1951,FALSE,1,"11952","TZA","South Pare","TZA",TRUE,"11952","",0.992926927687121
7026,197611337.582104,1146252.04414018,1951,FALSE,1,"11952","TZA","South Pare","TZA",TRUE,"11952","",0.00580053785458505
7026,197611337.582104,27975977.8968937,1953,FALSE,1,"11952","TZA","South Pare","TZA",TRUE,"11952","",0.141570712688841
7026,197611337.582104,1215777.66780271,1957,FALSE,3,"11952","TZA","South Pare","TZA",TRUE,"11952","",0.00615236799000753
7026,197611337.582104,23762640.6570253,1958,FALSE,2,"11952","TZA","South Pare","TZA",TRUE,"11952","",0.120249379148867
7026,197611337.582104,870377.433172323,1960,FALSE,1,"11952","TZA","South Pare","TZA",TRUE,"11952","",0.00440449138102056
7026,197611337.582104,134497824.402515,2019,FALSE,1,"11952","TZA","South Pare","TZA",TRUE,"11952","",0.680617954658766
