"SitRecID","kba","ovl","year","random","nPAs","DOMAIN","range_countries","RangeName","COUNTRY","multiple_ranges","all_gmba_intersec","note","percPA"
2703,1612790.53346676,11798.3119518757,2006,FALSE,1,"19020","GBR","Isle of Man","GBR",FALSE,"19020","",0.00731546453618794
2703,1612790.53346676,46408.0465148687,2009,FALSE,1,"19020","GBR","Isle of Man","GBR",FALSE,"19020","",0.0287749993268579
2703,1612790.53346676,29811.8334130645,2011,FALSE,1,"19020","GBR","Isle of Man","GBR",FALSE,"19020","",0.0184846282232218
2703,1612790.53346676,48.7249656279746,2012,FALSE,1,"19020","GBR","Isle of Man","GBR",FALSE,"19020","",3.02115895504659e-05
2703,1612790.53346676,163033.670563613,2018,FALSE,4,"19020","GBR","Isle of Man","GBR",FALSE,"19020","",0.101087938687962
2704,161086685.969937,165315.949551716,2006,FALSE,3,"19020","GBR","Isle of Man","GBR",FALSE,"19020","",0.00102625458185023
2704,161086685.969937,10810118.9549734,2008,FALSE,1,"19020","GBR","Isle of Man","GBR",FALSE,"19020","",0.0671074638470796
