"SitRecID","kba","ovl","year","random","nPAs","DOMAIN","range_countries","RangeName","COUNTRY","multiple_ranges","all_gmba_intersec","note","percPA"
31092,15695554.1097486,1271779.04167205,1980,FALSE,1,"15800","USA","Rat Islands","USA",FALSE,"15800","",0.0810279798202308
31092,15695554.1097486,3513474.09142946,2013,FALSE,1,"15800","USA","Rat Islands","USA",FALSE,"15800","",0.223851548461561
31141,154042100.198416,138811588.016056,1980,FALSE,1,"15800","USA","Rat Islands","USA",FALSE,"15800","",0.901127599774722
31141,154042100.198416,1328003.56300791,2013,FALSE,1,"15800","USA","Rat Islands","USA",FALSE,"15800","",0.00862104295707057
31155,8638706.21372247,7991659.18581867,1980,FALSE,1,"15800","USA","Rat Islands","USA",FALSE,"15800","",0.925099081749537
30187,222819736.061837,209306469.519377,1980,FALSE,1,"15800","USA","Rat Islands","USA",FALSE,"15800","",0.939353367967775
30187,222819736.061837,5195936.87025678,2013,FALSE,1,"15800","USA","Rat Islands","USA",FALSE,"15800","",0.0233190154610667
