"SitRecID","kba","ovl","year","random","nPAs","DOMAIN","range_countries","RangeName","COUNTRY","multiple_ranges","all_gmba_intersec","note","percPA"
1754,250858741.460111,30188947.1245834,1990,FALSE,1,"14979","ESP","Picos de Urbión","ESP",TRUE,"14979","",0.120342416408813
1754,250858741.460111,84640217.0075496,2000,FALSE,2,"14979","ESP","Picos de Urbión","ESP",TRUE,"14979","",0.337401904015404
1754,250858741.460111,1.18061220334358,2003,FALSE,1,"14979","ESP","Picos de Urbión","ESP",TRUE,"14979","",4.70628289240342e-09
1754,250858741.460111,1.10605028798433e-05,2006,FALSE,1,"14979","ESP","Picos de Urbión","ESP",TRUE,"14979","",4.40905619452052e-14
1754,250858741.460111,0.0358193717585777,2007,FALSE,1,"14979","ESP","Picos de Urbión","ESP",TRUE,"14979","",1.42787018503293e-10
1754,250858741.460111,10381.7097948516,2008,FALSE,1,"14979","ESP","Picos de Urbión","ESP",TRUE,"14979","",4.13846842028522e-05
1754,250858741.460111,5836240.51430879,2010,FALSE,1,"14979","ESP","Picos de Urbión","ESP",TRUE,"14979","",0.0232650474140914
1754,250858741.460111,5061235.54115677,2015,FALSE,3,"14979","ESP","Picos de Urbión","ESP",TRUE,"14979","",0.0201756395320254
