"SitRecID","kba","ovl","year","random","nPAs","DOMAIN","range_countries","RangeName","COUNTRY","multiple_ranges","all_gmba_intersec","note","percPA"
3130,242937148.15989,166797686.079531,2015,FALSE,1,"18410","SRB","Suva Planina","SRB",FALSE,"18410","",0.686587816408187
3132,5346187.9846099,476055.00246916,1977,FALSE,1,"18410","SRB","Suva Planina","SRB",TRUE,"18410","",0.0890456908435659
3132,5346187.9846099,832890.585294608,1995,FALSE,1,"18410","SRB","Suva Planina","SRB",TRUE,"18410","",0.155791488756523
3132,5346187.9846099,1580.52817835868,2019,FALSE,1,"18410","SRB","Suva Planina","SRB",TRUE,"18410","",0.000295636476477924
