"SitRecID","kba","ovl","year","random","nPAs","DOMAIN","range_countries","RangeName","COUNTRY","multiple_ranges","all_gmba_intersec","note","percPA"
2802,263909216.29543,273126.233400808,1971,FALSE,1,"18579","ITA","Dolomiti Lucane","ITA",TRUE,"18579","",0.00103492495349257
2802,263909216.29543,261059053.17671,1997,FALSE,1,"18579","ITA","Dolomiti Lucane","ITA",TRUE,"18579","",0.989200213775294
2803,540461455.697986,3311668.28160371,1988,FALSE,1,"18579","ITA","Dolomiti Lucane","ITA",TRUE,"18579","",0.00612748281434208
2803,540461455.697986,108877332.860153,2006,FALSE,3,"18579","ITA","Dolomiti Lucane","ITA",TRUE,"18579","",0.201452539699695
2803,540461455.697986,21302091.907292,2007,FALSE,2,"18579","ITA","Dolomiti Lucane","ITA",TRUE,"18579","",0.0394146366641098
2803,540461455.697986,88862.7115487607,2017,FALSE,5,"18579","ITA","Dolomiti Lucane","ITA",TRUE,"18579","",0.000164420072165919
2852,3052662.35144553,0,0,FALSE,0,"18579","ITA","Dolomiti Lucane","ITA",NA,NA,"no pas overlapping kba",0
24286,52910595.009304,1353.58499898063,1998,FALSE,1,"18579","ITA","Dolomiti Lucane","ITA",TRUE,"18579","",2.55824943707893e-05
24286,52910595.009304,NA,2017,FALSE,1,"18579","ITA","Dolomiti Lucane","ITA",TRUE,"18579","",NA
