"SitRecID","kba","ovl","year","random","nPAs","DOMAIN","range_countries","RangeName","COUNTRY","multiple_ranges","all_gmba_intersec","note","percPA"
6820,198901148.522804,130442.898697767,1950,FALSE,1,"18203","SSD;UGA","Nangeya Mountains","SSD",TRUE,"18203","",0.000655817724867547
6820,198901148.522804,1967744.64107668,1962,FALSE,1,"18203","SSD;UGA","Nangeya Mountains","SSD",TRUE,"18203","",0.00989307832403532
6820,198901148.522804,195194678.203656,1975,FALSE,1,"18203","SSD;UGA","Nangeya Mountains","SSD",TRUE,"18203","",0.981365264370393
7070,33274633.6528175,11806105.2178169,1950,FALSE,1,"18203","SSD;UGA","Nangeya Mountains","UGA",TRUE,"18203","",0.354807969968956
7070,33274633.6528175,20369674.446616,1962,FALSE,1,"18203","SSD;UGA","Nangeya Mountains","UGA",TRUE,"18203","",0.612168255829655
