"SitRecID","kba","ovl","year","random","nPAs","DOMAIN","range_countries","RangeName","COUNTRY","multiple_ranges","all_gmba_intersec","note","percPA"
1020,129274710.347052,230248.430993736,1976,FALSE,1,"14793","GRC","Vourinos","GRC",TRUE,"14793","",0.00178107868411083
1020,129274710.347052,22282595.6594423,2001,FALSE,1,"14793","GRC","Vourinos","GRC",TRUE,"14793","",0.172366239302508
1020,129274710.347052,1612042.94689089,2006,FALSE,1,"14793","GRC","Vourinos","GRC",TRUE,"14793","",0.0124699018281549
1020,129274710.347052,103250466.880054,2008,FALSE,1,"14793","GRC","Vourinos","GRC",TRUE,"14793","",0.798690374960947
