"SitRecID","kba","ovl","year","random","nPAs","DOMAIN","range_countries","RangeName","COUNTRY","multiple_ranges","all_gmba_intersec","note","percPA"
7169,338630142.307331,535020.244865417,1971,FALSE,1,"15589","ZAF","Kleinrivierberge","ZAF",TRUE,"15589","",0.0015799545817745
7169,338630142.307331,3502742.5041309,1976,FALSE,1,"15589","ZAF","Kleinrivierberge","ZAF",TRUE,"15589","",0.0103438591740954
7169,338630142.307331,32881.3159003258,1990,FALSE,1,"15589","ZAF","Kleinrivierberge","ZAF",TRUE,"15589","",9.71009718044641e-05
7172,160529804.858447,3968222.73782971,1963,FALSE,1,"15589","ZAF","Kleinrivierberge","ZAF",TRUE,"15589","",0.0247195387880079
7172,160529804.858447,81474.5789584219,1971,FALSE,1,"15589","ZAF","Kleinrivierberge","ZAF",TRUE,"15589","",0.000507535526067981
7172,160529804.858447,1399172.32725714,1985,FALSE,1,"15589","ZAF","Kleinrivierberge","ZAF",TRUE,"15589","",0.00871596603815047
7172,160529804.858447,434861.413352728,1995,FALSE,1,"15589","ZAF","Kleinrivierberge","ZAF",TRUE,"15589","",0.00270891386017808
7172,160529804.858447,412396.018556118,2001,FALSE,2,"15589","ZAF","Kleinrivierberge","ZAF",TRUE,"15589","",0.00256896854088725
