"SitRecID","kba","ovl","year","random","nPAs","DOMAIN","range_countries","RangeName","COUNTRY","multiple_ranges","all_gmba_intersec","note","percPA"
2023,12879491.2569852,11081097.6268476,1987,FALSE,1,"19069","ESP","El Hierro","ESP",FALSE,"19069","",0.860367650068306
2023,12879491.2569852,1.62629224833069,1989,FALSE,1,"19069","ESP","El Hierro","ESP",FALSE,"19069","",1.26269913607703e-07
2023,12879491.2569852,0.00382316869044872,2001,FALSE,1,"19069","ESP","El Hierro","ESP",FALSE,"19069","",2.968415921223e-10
2028,18522155.4023138,95554.8807456009,1987,FALSE,4,"19069","ESP","El Hierro","ESP",FALSE,"19069","",0.0051589503850974
2028,18522155.4023138,11.4292147332593,1989,FALSE,3,"19069","ESP","El Hierro","ESP",FALSE,"19069","",6.17056410823092e-07
2028,18522155.4023138,0.0408144094005627,2001,FALSE,4,"19069","ESP","El Hierro","ESP",FALSE,"19069","",2.20354534955819e-09
2024,24443994.4143912,23989011.1764746,1987,FALSE,3,"19069","ESP","El Hierro","ESP",FALSE,"19069","",0.981386706681266
2022,20536968.3356983,20536968.3356983,1987,FALSE,1,"19069","ESP","El Hierro","ESP",FALSE,"19069","",1
