"SitRecID","kba","ovl","year","random","nPAs","DOMAIN","range_countries","RangeName","COUNTRY","multiple_ranges","all_gmba_intersec","note","percPA"
1936,25826489.2762812,25653022.7801863,1988,FALSE,2,"15027","ESP","Montes Capetanos y Somostierra","ESP",TRUE,"15027","",0.993283388452869
1691,75506138.3107429,413199.948317192,1988,FALSE,2,"15027","ESP","Montes Capetanos y Somostierra","ESP",TRUE,"15027","",0.00547240207963864
1691,75506138.3107429,39230385.3568637,2006,FALSE,1,"15027","ESP","Montes Capetanos y Somostierra","ESP",TRUE,"15027","",0.519565511288796
1691,75506138.3107429,7047531.39726005,2013,FALSE,1,"15027","ESP","Montes Capetanos y Somostierra","ESP",TRUE,"15027","",0.0933371982057429
1691,75506138.3107429,7.74293083931907e-06,2015,FALSE,1,"15027","ESP","Montes Capetanos y Somostierra","ESP",TRUE,"15027","",1.02547038062698e-13
1695,77027024.9355061,2191822.69392105,1998,FALSE,1,"15027","ESP","Montes Capetanos y Somostierra","ESP",TRUE,"15027","",0.0284552427639032
1695,77027024.9355061,12956003.2561503,2006,FALSE,1,"15027","ESP","Montes Capetanos y Somostierra","ESP",TRUE,"15027","",0.168200748594382
1695,77027024.9355061,3685.92605381811,2011,FALSE,1,"15027","ESP","Montes Capetanos y Somostierra","ESP",TRUE,"15027","",4.78523746296095e-05
1695,77027024.9355061,6034.67832784196,2014,FALSE,1,"15027","ESP","Montes Capetanos y Somostierra","ESP",TRUE,"15027","",7.83449488396408e-05
