"SitRecID","kba","ovl","year","random","nPAs","DOMAIN","range_countries","RangeName","COUNTRY","multiple_ranges","all_gmba_intersec","note","percPA"
22213,1743103196.18894,1522169695.18164,1989,FALSE,1,"11838","BRA;VEN","Serra Curupira","BRA",TRUE,"11838","",0.873252770409496
22213,1743103196.18894,200762882.193877,1990,FALSE,1,"11838","BRA;VEN","Serra Curupira","BRA",TRUE,"11838","",0.115175557381122
14951,195540138.614733,9543812.02505968,1989,FALSE,1,"11838","BRA;VEN","Serra Curupira","VEN",TRUE,"11838","",0.0488074320324769
14951,195540138.614733,468604.828543406,1990,FALSE,1,"11838","BRA;VEN","Serra Curupira","VEN",TRUE,"11838","",0.00239646362052901
14951,195540138.614733,138565581.257414,1991,FALSE,1,"11838","BRA;VEN","Serra Curupira","VEN",TRUE,"11838","",0.708629861055925
14951,195540138.614733,1841092.76150738,2009,FALSE,1,"11838","BRA;VEN","Serra Curupira","VEN",TRUE,"11838","",0.00941542117413975
