"SitRecID","kba","ovl","year","random","nPAs","DOMAIN","range_countries","RangeName","COUNTRY","multiple_ranges","all_gmba_intersec","note","percPA"
9289,48765.5984470248,48461.2458056286,2000,FALSE,1,"12986","DEU;CZE","Western Sudetes","DEU",FALSE,"12986","",0.993758865858545
9290,298074.65741837,396.699703484774,1976,FALSE,1,"12986","DEU;CZE","Western Sudetes","DEU",FALSE,"12986","",0.00133087363723101
9290,298074.65741837,297678.007958442,2000,FALSE,1,"12986","DEU;CZE","Western Sudetes","DEU",FALSE,"12986","",0.998669294923078
9291,317553.266286612,315640.788260892,2000,FALSE,1,"12986","DEU;CZE","Western Sudetes","DEU",FALSE,"12986","",0.993977457551977
18749,4754783.80118018,4514985.93788815,1972,FALSE,1,"12986","DEU;CZE","Western Sudetes","CZE",TRUE,"12986","",0.9495670311587
18749,4754783.80118018,239796.330750082,1976,FALSE,1,"12986","DEU;CZE","Western Sudetes","CZE",TRUE,"12986","",0.0504326465254975
