"SitRecID","kba","ovl","year","random","nPAs","DOMAIN","range_countries","RangeName","COUNTRY","multiple_ranges","all_gmba_intersec","note","percPA"
7032,103807291.757984,38139204.1539972,1949,FALSE,1,"14079","TZA","Umalila Mountains","TZA",FALSE,"14079","",0.367403903021714
7032,103807291.757984,9588024.4452972,1956,FALSE,1,"14079","TZA","Umalila Mountains","TZA",FALSE,"14079","",0.0923636893220438
7032,103807291.757984,6868428.38599704,1957,FALSE,1,"14079","TZA","Umalila Mountains","TZA",FALSE,"14079","",0.0661651823265948
7032,103807291.757984,14210629.4670108,1958,FALSE,2,"14079","TZA","Umalila Mountains","TZA",FALSE,"14079","",0.136894328195571
7032,103807291.757984,29346977.6970908,1962,FALSE,1,"14079","TZA","Umalila Mountains","TZA",FALSE,"14079","",0.282706322456714
29897,10239057.3230123,9157769.66381082,1937,FALSE,1,"14079","TZA","Umalila Mountains","TZA",TRUE,"14079","",0.89439578028621
48984,2093618.45386663,69432.9119779021,1962,FALSE,1,"14079","TZA","Umalila Mountains","TZA",TRUE,"14079","",0.0331640714427544
48989,10632374.4206509,654190.612190282,1962,FALSE,1,"14079","TZA","Umalila Mountains","TZA",FALSE,"14079","",0.0615281767090209
