"SitRecID","kba","ovl","year","random","nPAs","DOMAIN","range_countries","RangeName","COUNTRY","multiple_ranges","all_gmba_intersec","note","percPA"
26108,82960212.9167455,823755.398887083,1988,TRUE,1,"19635","USA","Northern Catskills (nn)","USA",TRUE,"19635","",0.00992952368280154
26108,82960212.9167455,23547.9531045258,1989,TRUE,1,"19635","USA","Northern Catskills (nn)","USA",TRUE,"19635","",0.000283846343646168
26108,82960212.9167455,15824368.0943472,1998,TRUE,1,"19635","USA","Northern Catskills (nn)","USA",TRUE,"19635","",0.190746473978168
26108,82960212.9167455,31409978.4782851,1999,TRUE,1,"19635","USA","Northern Catskills (nn)","USA",TRUE,"19635","",0.378614969440911
26108,82960212.9167455,136391.899673529,2000,TRUE,2,"19635","USA","Northern Catskills (nn)","USA",TRUE,"19635","",0.00164406400222724
26108,82960212.9167455,12420.2065111399,2008,TRUE,1,"19635","USA","Northern Catskills (nn)","USA",TRUE,"19635","",0.000149712809001637
26108,82960212.9167455,166143.944977282,2016,TRUE,1,"19635","USA","Northern Catskills (nn)","USA",TRUE,"19635","",0.00200269429327544
