"SitRecID","kba","ovl","year","random","nPAs","DOMAIN","range_countries","RangeName","COUNTRY","multiple_ranges","all_gmba_intersec","note","percPA"
46704,106776088.641359,106775893.375785,1984,FALSE,1,"19544","AZE;ARM","Lesser Caucasus (nn)","AZE",TRUE,"19544","",0.999998171261223
19753,47891505.6037061,0,0,FALSE,0,"19544","AZE;ARM","Lesser Caucasus (nn)","ARM",NA,NA,"no pas overlapping kba",0
19756,61371375.9083563,29619924.3476481,2002,FALSE,1,"19544","AZE;ARM","Lesser Caucasus (nn)","ARM",FALSE,"19544","",0.482634190764739
26263,737838800.464412,257187.435702682,1958,FALSE,1,"19544","AZE;ARM","Lesser Caucasus (nn)","ARM",TRUE,"19544","",0.000348568597288191
26263,737838800.464412,39290868.4798025,1971,FALSE,3,"19544","AZE;ARM","Lesser Caucasus (nn)","ARM",TRUE,"19544","",0.0532512907359602
26263,737838800.464412,236364708.30362,2002,FALSE,1,"19544","AZE;ARM","Lesser Caucasus (nn)","ARM",TRUE,"19544","",0.320347355214779
3618,42037468.491841,8894533.08305636,1978,FALSE,1,"19544","AZE;ARM","Lesser Caucasus (nn)","ARM",TRUE,"19544","",0.211585840017524
3618,42037468.491841,33141484.8635723,1993,FALSE,1,"19544","AZE;ARM","Lesser Caucasus (nn)","ARM",TRUE,"19544","",0.788379653974756
