"SitRecID","kba","ovl","year","random","nPAs","DOMAIN","range_countries","RangeName","COUNTRY","multiple_ranges","all_gmba_intersec","note","percPA"
27498,1434300.28911493,330898.893326211,2019,FALSE,1,"14889","SRB","Podrinje-Valjevo Mountains","SRB",TRUE,"14889","",0.230704055376298
3088,607032791.72059,661766.676238293,1968,FALSE,2,"14889","SRB","Podrinje-Valjevo Mountains","SRB",TRUE,"14889","",0.00109016627316387
3088,607032791.72059,423551.982031327,1969,FALSE,2,"14889","SRB","Podrinje-Valjevo Mountains","SRB",TRUE,"14889","",0.000697741518758483
3088,607032791.72059,9659652.02319363,1984,FALSE,1,"14889","SRB","Podrinje-Valjevo Mountains","SRB",TRUE,"14889","",0.015912899854741
3088,607032791.72059,6098956.8277635,1991,FALSE,1,"14889","SRB","Podrinje-Valjevo Mountains","SRB",TRUE,"14889","",0.0100471620494775
3088,607032791.72059,7747.95013988018,2012,FALSE,1,"14889","SRB","Podrinje-Valjevo Mountains","SRB",TRUE,"14889","",1.27636434893726e-05
