"SitRecID","kba","ovl","year","random","nPAs","DOMAIN","range_countries","RangeName","COUNTRY","multiple_ranges","all_gmba_intersec","note","percPA"
47031,16205399.8535078,17243.0102900103,2007,TRUE,1,"12301","IDN","Sudirman Range","IDN",TRUE,"12301","",0.00106402868462871
26431,37834522.3315207,37834522.3315207,1999,TRUE,2,"12301","IDN","Sudirman Range","IDN",FALSE,"12301","",1
26442,68611421.4047971,67462270.4153816,1999,TRUE,2,"12301","IDN","Sudirman Range","IDN",FALSE,"12301","",0.983251316386005
26456,142711711.066038,69888299.9103107,1999,TRUE,2,"12301","IDN","Sudirman Range","IDN",FALSE,"12301","",0.489716641950785
26454,588009826.939657,584599702.380481,1999,TRUE,2,"12301","IDN","Sudirman Range","IDN",TRUE,"12301","",0.994200565359726
26445,234318209.711194,234318209.711194,1999,TRUE,2,"12301","IDN","Sudirman Range","IDN",FALSE,"12301","",1
26441,1076955064.62596,1076955095.30022,1999,TRUE,2,"12301","IDN","Sudirman Range","IDN",TRUE,"12301","",1.00000002848239
