"SitRecID","kba","ovl","year","random","nPAs","DOMAIN","range_countries","RangeName","COUNTRY","multiple_ranges","all_gmba_intersec","note","percPA"
995,61733297.8924314,35789.6933980361,1975,FALSE,1,"18099","GRC","Vrontous","GRC",TRUE,"18099","",0.000579746986146741
995,61733297.8924314,5006138.30817887,1982,FALSE,1,"18099","GRC","Vrontous","GRC",TRUE,"18099","",0.0810929997114674
995,61733297.8924314,54723733.5012392,1997,FALSE,1,"18099","GRC","Vrontous","GRC",TRUE,"18099","",0.886454075345104
995,61733297.8924314,40987.6711955328,2006,FALSE,3,"18099","GRC","Vrontous","GRC",TRUE,"18099","",0.000663947538765103
