"SitRecID","kba","ovl","year","random","nPAs","DOMAIN","range_countries","RangeName","COUNTRY","multiple_ranges","all_gmba_intersec","note","percPA"
9333,137689069.002827,34189.2794836201,1984,FALSE,1,"15478","DEU","Palatinate Forest","DEU",FALSE,"15478","",0.000248307870270502
9333,137689069.002827,250140.785834533,1989,FALSE,3,"15478","DEU","Palatinate Forest","DEU",FALSE,"15478","",0.00181670765621487
9333,137689069.002827,688730.671262553,1990,FALSE,3,"15478","DEU","Palatinate Forest","DEU",FALSE,"15478","",0.005002072250546
9333,137689069.002827,1796450.71837385,1991,FALSE,5,"15478","DEU","Palatinate Forest","DEU",FALSE,"15478","",0.0130471556775286
9333,137689069.002827,2993129.70611449,1992,FALSE,10,"15478","DEU","Palatinate Forest","DEU",FALSE,"15478","",0.0217383248197651
9333,137689069.002827,547541.830980331,1994,FALSE,1,"15478","DEU","Palatinate Forest","DEU",FALSE,"15478","",0.0039766543193715
9333,137689069.002827,68956376.6606519,2004,FALSE,1,"15478","DEU","Palatinate Forest","DEU",FALSE,"15478","",0.500812280597498
9333,137689069.002827,959378.76123838,2007,FALSE,2,"15478","DEU","Palatinate Forest","DEU",FALSE,"15478","",0.00696771913839205
9333,137689069.002827,245.241022366928,2014,FALSE,2,"15478","DEU","Palatinate Forest","DEU",FALSE,"15478","",1.7811219448502e-06
