"SitRecID","kba","ovl","year","random","nPAs","DOMAIN","range_countries","RangeName","COUNTRY","multiple_ranges","all_gmba_intersec","note","percPA"
18148,37113702.2290288,19464481.3869592,1962,FALSE,1,"20850","IND","Kinnaur Kailash Range","IND",FALSE,"20850","",0.524455395660714
18164,2552181.04724943,2552181.04724943,1982,FALSE,1,"20850","IND","Kinnaur Kailash Range","IND",TRUE,"20850","",1
18165,330147727.858119,16494853.8587881,1955,FALSE,1,"20850","IND","Kinnaur Kailash Range","IND",FALSE,"20850","",0.049962039617237
18165,330147727.858119,9250853.24136549,1962,FALSE,1,"20850","IND","Kinnaur Kailash Range","IND",FALSE,"20850","",0.028020345017613
18165,330147727.858119,63129034.6762021,1977,FALSE,1,"20850","IND","Kinnaur Kailash Range","IND",FALSE,"20850","",0.191214505959986
18165,330147727.858119,65070871.270514,1990,FALSE,1,"20850","IND","Kinnaur Kailash Range","IND",FALSE,"20850","",0.197096226264135
18446,1612801871.16288,468854031.545199,1955,FALSE,1,"20850","IND","Kinnaur Kailash Range","IND",TRUE,"20850","",0.290707767598968
18446,1612801871.16288,387249322.97565,1990,FALSE,1,"20850","IND","Kinnaur Kailash Range","IND",TRUE,"20850","",0.240109668707435
18454,998570835.924794,112274488.402306,1989,FALSE,1,"20850","IND","Kinnaur Kailash Range","IND",TRUE,"20850","",0.11243517671766
