"SitRecID","kba","ovl","year","random","nPAs","DOMAIN","range_countries","RangeName","COUNTRY","multiple_ranges","all_gmba_intersec","note","percPA"
6464,108590092.907131,0,0,FALSE,0,"13014","LSO;ZAF","Maloti Mountains","LSO",NA,NA,"no pas overlapping kba",0
6466,457089989.646222,1612098.33451134,1961,TRUE,1,"13014","LSO;ZAF","Maloti Mountains","LSO",FALSE,"13014","",0.00352687298131177
7112,468505825.311424,884425.252875706,1963,FALSE,1,"13014","LSO;ZAF","Maloti Mountains","ZAF",TRUE,"13014","",0.00188775721686665
7112,468505825.311424,6964630.25641471,1985,FALSE,1,"13014","LSO;ZAF","Maloti Mountains","ZAF",TRUE,"13014","",0.0148656214718039
7112,468505825.311424,15906363.8122139,2000,FALSE,1,"13014","LSO;ZAF","Maloti Mountains","ZAF",TRUE,"13014","",0.0339512615486492
7112,468505825.311424,7559251.43268972,2001,FALSE,2,"13014","LSO;ZAF","Maloti Mountains","ZAF",TRUE,"13014","",0.0161348077746204
7111,249773553.285004,248719695.130485,1963,FALSE,1,"13014","LSO;ZAF","Maloti Mountains","ZAF",FALSE,"13014","",0.995780745636761
