"SitRecID","kba","ovl","year","random","nPAs","DOMAIN","range_countries","RangeName","COUNTRY","multiple_ranges","all_gmba_intersec","note","percPA"
7028,92278726.4408163,92269124.9003122,1940,FALSE,1,"14078","TZA","Kitulo Plateau","TZA",TRUE,"14078","",0.999895950660846
7036,165870395.106534,92274108.941494,1940,FALSE,1,"14078","TZA","Kitulo Plateau","TZA",TRUE,"14078","",0.556302460618298
7036,165870395.106534,11520930.6366173,1956,FALSE,1,"14078","TZA","Kitulo Plateau","TZA",TRUE,"14078","",0.0694574256558426
7036,165870395.106534,56747516.175827,2005,FALSE,1,"14078","TZA","Kitulo Plateau","TZA",TRUE,"14078","",0.3421196177858
