"SitRecID","kba","ovl","year","random","nPAs","DOMAIN","range_countries","RangeName","COUNTRY","multiple_ranges","all_gmba_intersec","note","percPA"
6979,158550864.121242,155913116.449772,1951,FALSE,1,"11676","TZA","North Pare","TZA",TRUE,"11676","",0.983363397695186
7025,41852147.0470476,19179777.6364069,1958,FALSE,1,"11676","TZA","North Pare","TZA",FALSE,"11676","",0.458274640363042
7025,41852147.0470476,6364013.43957765,1961,FALSE,1,"11676","TZA","North Pare","TZA",FALSE,"11676","",0.1520594255875
7026,32649068.3528066,1505166.65366451,1951,FALSE,1,"11676","TZA","North Pare","TZA",TRUE,"11676","",0.0461013661216807
7026,32649068.3528066,29486708.0757238,1958,FALSE,1,"11676","TZA","North Pare","TZA",TRUE,"11676","",0.903140872416015
