"SitRecID","kba","ovl","year","random","nPAs","DOMAIN","range_countries","RangeName","COUNTRY","multiple_ranges","all_gmba_intersec","note","percPA"
1806,32170289.9189241,29317994.017705,2001,FALSE,1,"14385","ESP","Sierra de Sollavientos","ESP",TRUE,"14385","",0.911337575495665
1806,32170289.9189241,0.00518345832824707,2006,FALSE,1,"14385","ESP","Sierra de Sollavientos","ESP",TRUE,"14385","",1.61125633039381e-10
1806,32170289.9189241,8.46385955810547e-05,2009,FALSE,1,"14385","ESP","Sierra de Sollavientos","ESP",TRUE,"14385","",2.63095532537511e-12
1813,179263120.068332,2.55691235186532,1989,TRUE,1,"14385","ESP","Sierra de Sollavientos","ESP",TRUE,"14385","",1.42634600518538e-08
1813,179263120.068332,102876075.791217,2000,TRUE,1,"14385","ESP","Sierra de Sollavientos","ESP",TRUE,"14385","",0.573883104076302
1813,179263120.068332,75416772.0403294,2001,TRUE,1,"14385","ESP","Sierra de Sollavientos","ESP",TRUE,"14385","",0.420704336796
1814,36007.1472378485,36007.1472378485,2001,TRUE,1,"14385","ESP","Sierra de Sollavientos","ESP",TRUE,"14385","",1
