"SitRecID","kba","ovl","year","random","nPAs","DOMAIN","range_countries","RangeName","COUNTRY","multiple_ranges","all_gmba_intersec","note","percPA"
1177,324117244.75259,7322506.58344533,1979,FALSE,3,"18683","GRC","Chios","GRC",FALSE,"18683","",0.0225921536172346
1177,324117244.75259,4693852.28401125,1983,FALSE,3,"18683","GRC","Chios","GRC",FALSE,"18683","",0.0144819578717394
1177,324117244.75259,6358288.14728734,2004,FALSE,1,"18683","GRC","Chios","GRC",FALSE,"18683","",0.0196172473085807
1177,324117244.75259,235178308.497417,2006,FALSE,2,"18683","GRC","Chios","GRC",FALSE,"18683","",0.725596407796619
1177,324117244.75259,65672264.5395639,2010,FALSE,1,"18683","GRC","Chios","GRC",FALSE,"18683","",0.202618853525347
