"SitRecID","kba","ovl","year","random","nPAs","DOMAIN","range_countries","RangeName","COUNTRY","multiple_ranges","all_gmba_intersec","note","percPA"
2170,32641607.9830426,1880436.40112289,1967,FALSE,1,"17892","FRA","Massif du Granquet","FRA",TRUE,"17892","",0.0576085713087352
2170,32641607.9830426,551506.207665144,2004,FALSE,2,"17892","FRA","Massif du Granquet","FRA",TRUE,"17892","",0.0168958039062185
2170,32641607.9830426,1023801.65094409,2008,FALSE,1,"17892","FRA","Massif du Granquet","FRA",TRUE,"17892","",0.0313649269814146
2170,32641607.9830426,18454.2817782487,2012,FALSE,1,"17892","FRA","Massif du Granquet","FRA",TRUE,"17892","",0.00056536068283878
2170,32641607.9830426,12.9236794775589,2016,FALSE,1,"17892","FRA","Massif du Granquet","FRA",TRUE,"17892","",3.95926557425505e-07
2170,32641607.9830426,29112340.1613852,2019,FALSE,1,"17892","FRA","Massif du Granquet","FRA",TRUE,"17892","",0.891878248660702
