"SitRecID","kba","ovl","year","random","nPAs","DOMAIN","range_countries","RangeName","COUNTRY","multiple_ranges","all_gmba_intersec","note","percPA"
31060,19868540.6165531,1858244.93137871,1980,FALSE,1,"15798","USA","Krenitzin Islands","USA",FALSE,"15798","",0.0935269966345967
31060,19868540.6165531,5841439.19472092,2013,FALSE,1,"15798","USA","Krenitzin Islands","USA",FALSE,"15798","",0.294004441868984
31109,45191545.5202014,1965995.04159218,1980,FALSE,1,"15798","USA","Krenitzin Islands","USA",TRUE,"15798","",0.0435036026973972
31109,45191545.5202014,9741058.21086615,2013,FALSE,1,"15798","USA","Krenitzin Islands","USA",TRUE,"15798","",0.215550455261853
31113,134965145.148127,4246016.77290963,1980,FALSE,1,"15798","USA","Krenitzin Islands","USA",FALSE,"15798","",0.0314600985924889
31119,179793664.854014,123656052.064093,1980,FALSE,1,"15798","USA","Krenitzin Islands","USA",TRUE,"15798","",0.687766458092378
31119,179793664.854014,4196099.05626604,2013,FALSE,1,"15798","USA","Krenitzin Islands","USA",TRUE,"15798","",0.0233384143967092
