"SitRecID","kba","ovl","year","random","nPAs","DOMAIN","range_countries","RangeName","COUNTRY","multiple_ranges","all_gmba_intersec","note","percPA"
2675,52659898.3052085,2739378.48118872,1970,FALSE,1,"19469","GBR","Lammermuir Hills","GBR",FALSE,"19469","",0.0520202007476679
2675,52659898.3052085,42545065.4748164,1971,FALSE,1,"19469","GBR","Lammermuir Hills","GBR",FALSE,"19469","",0.807921527463497
2675,52659898.3052085,33868.7539470717,2004,FALSE,2,"19469","GBR","Lammermuir Hills","GBR",FALSE,"19469","",0.000643160261168255
20781,17726732.3453746,65930.008761853,1972,FALSE,1,"19469","GBR","Lammermuir Hills","GBR",FALSE,"19469","",0.00371924207334557
