"SitRecID","kba","ovl","year","random","nPAs","DOMAIN","range_countries","RangeName","COUNTRY","multiple_ranges","all_gmba_intersec","note","percPA"
1665,124167779.545011,7235429.09988642,2001,FALSE,1,"17828","ESP","Serra do Courel","ESP",TRUE,"17828","",0.0582713899402831
1665,124167779.545011,5940628.85779288,2002,FALSE,1,"17828","ESP","Serra do Courel","ESP",TRUE,"17828","",0.0478435619897625
1665,124167779.545011,NA,2004,FALSE,1,"17828","ESP","Serra do Courel","ESP",TRUE,"17828","",NA
1665,124167779.545011,0.00276096200104803,2006,FALSE,1,"17828","ESP","Serra do Courel","ESP",TRUE,"17828","",2.22357362849288e-11
1665,124167779.545011,4228115.18974903,2015,FALSE,2,"17828","ESP","Serra do Courel","ESP",TRUE,"17828","",0.0340516292168722
