"SitRecID","kba","ovl","year","random","nPAs","DOMAIN","range_countries","RangeName","COUNTRY","multiple_ranges","all_gmba_intersec","note","percPA"
14275,5557076.5393067,0,0,FALSE,0,"14469","TWN","Western Foothills","TWN",NA,NA,"no pas overlapping kba",0
14276,59771665.5497413,57311053.9435002,1992,FALSE,1,"14469","TWN","Western Foothills","TWN",TRUE,"14469","",0.958833143035083
14276,59771665.5497413,35557.8918647848,2000,FALSE,1,"14469","TWN","Western Foothills","TWN",TRUE,"14469","",0.000594895449838082
14278,233597251.580346,232951027.381975,1992,FALSE,1,"14469","TWN","Western Foothills","TWN",TRUE,"14469","",0.997233596739694
14280,145233111.421727,14601807.5597312,1992,FALSE,1,"14469","TWN","Western Foothills","TWN",TRUE,"14469","",0.100540485683947
14280,145233111.421727,4121319.54970412,2000,FALSE,1,"14469","TWN","Western Foothills","TWN",TRUE,"14469","",0.0283772722994047
47196,113671931.559415,113671931.542364,1985,FALSE,1,"14469","TWN","Western Foothills","TWN",FALSE,"14469","",0.999999999849991
