"SitRecID","kba","ovl","year","random","nPAs","DOMAIN","range_countries","RangeName","COUNTRY","multiple_ranges","all_gmba_intersec","in_gmba","note","percPA"
31397,148429796.448979,92307.2539511435,1980,TRUE,1,"16622","USA","Maricopa Area","USA",TRUE,"16622;16646;16680;20924",TRUE,"",0.000621891669728679
31397,148429796.448979,607308.573037148,1981,TRUE,1,"16622","USA","Maricopa Area","USA",TRUE,"16622;16646;16680;20924",TRUE,"",0.00409155430760092
31397,148429796.448979,40979712.3209749,1987,TRUE,1,"16622","USA","Maricopa Area","USA",TRUE,"16622;16646;16680;20924",TRUE,"",0.276088179741331
31397,148429796.448979,890849.673370354,1989,TRUE,1,"16622","USA","Maricopa Area","USA",TRUE,"16622;16646;16680;20924",TRUE,"",0.00600182506937934
31397,148429796.448979,4338643.67017575,1998,TRUE,1,"16622","USA","Maricopa Area","USA",TRUE,"16622;16646;16680;20924",TRUE,"",0.02923027433826
31397,148429796.448979,2087821.05165203,2010,TRUE,1,"16622","USA","Maricopa Area","USA",TRUE,"16622;16646;16680;20924",TRUE,"",0.014066050763397
