"SitRecID","kba","ovl","year","random","nPAs","DOMAIN","range_countries","RangeName","COUNTRY","multiple_ranges","all_gmba_intersec","note","percPA"
6965,10761863.8973916,10761863.8973916,1974,FALSE,1,"18143","TZA","Mbizi Mountains","TZA",TRUE,"18143","",1
7040,399944654.684818,53873246.7038402,1957,FALSE,1,"18143","TZA","Mbizi Mountains","TZA",FALSE,"18143","",0.134701754537252
7040,399944654.684818,64557057.3763067,2019,FALSE,1,"18143","TZA","Mbizi Mountains","TZA",FALSE,"18143","",0.161414977347758
28631,649247472.388147,199176448.652628,1963,TRUE,1,"18143","TZA","Mbizi Mountains","TZA",FALSE,"18143","",0.306780476048665
29893,27677814.053342,27677186.5849206,1957,TRUE,1,"18143","TZA","Mbizi Mountains","TZA",FALSE,"18143","",0.999977329552825
