"SitRecID","kba","ovl","year","random","nPAs","DOMAIN","range_countries","RangeName","COUNTRY","multiple_ranges","all_gmba_intersec","in_gmba","note","percPA"
14602,2527334565.83591,28281159.016897,1999,FALSE,1,"11255","ECU;PER","Cordillera del Cóndor","ECU",TRUE,"11245;11255",TRUE,"",0.011190112856128
14602,2527334565.83591,78902090.7178178,2006,FALSE,1,"11255","ECU;PER","Cordillera del Cóndor","ECU",TRUE,"11245;11255",TRUE,"",0.0312194878289575
14602,2527334565.83591,17244908.6889595,2007,FALSE,1,"11255","ECU;PER","Cordillera del Cóndor","ECU",TRUE,"11245;11255",TRUE,"",0.00682335806350031
14602,2527334565.83591,36924239.5214027,2011,FALSE,1,"11255","ECU;PER","Cordillera del Cóndor","ECU",TRUE,"11245;11255",TRUE,"",0.0146099531184112
14634,1118754003.34373,3263648.85388827,1983,FALSE,1,"11255","ECU;PER","Cordillera del Cóndor","ECU",TRUE,"11255;19711",TRUE,"",0.00291721758682774
14634,1118754003.34373,185785957.305857,2010,FALSE,1,"11255","ECU;PER","Cordillera del Cóndor","ECU",TRUE,"11255;19711",TRUE,"",0.166065065913133
14832,16426621237.0234,4032221509.51406,1999,FALSE,2,"11255","ECU;PER","Cordillera del Cóndor","PER",TRUE,"11255;12386;13921",TRUE,"",0.245468709074876
14832,16426621237.0234,941223.174318579,2006,FALSE,1,"11255","ECU;PER","Cordillera del Cóndor","PER",TRUE,"11255;12386;13921",TRUE,"",5.72986471616689e-05
14832,16426621237.0234,1776619269.84445,2007,FALSE,2,"11255","ECU;PER","Cordillera del Cóndor","PER",TRUE,"11255;12386;13921",TRUE,"",0.108154881287468
