"SitRecID","kba","ovl","year","random","nPAs","DOMAIN","range_countries","RangeName","COUNTRY","multiple_ranges","all_gmba_intersec","note","percPA"
2785,74682607.0012298,70165511.5013041,1988,FALSE,1,"18588","ITA","Gran Sasso","ITA",TRUE,"18588","",0.939516097772922
2785,74682607.0012298,11598.5598413145,1989,FALSE,1,"18588","ITA","Gran Sasso","ITA",TRUE,"18588","",0.000155304699541668
2785,74682607.0012298,2964043.9317168,1998,FALSE,1,"18588","ITA","Gran Sasso","ITA",TRUE,"18588","",0.0396885439693875
2785,74682607.0012298,489874.247221864,2018,FALSE,1,"18588","ITA","Gran Sasso","ITA",TRUE,"18588","",0.00655941546354691
9584,760390266.661165,187946.198325656,1984,FALSE,1,"18588","ITA","Gran Sasso","ITA",TRUE,"18588","",0.000247170705052444
9584,760390266.661165,759857380.280858,1988,FALSE,1,"18588","ITA","Gran Sasso","ITA",TRUE,"18588","",0.999299193580361
