"SitRecID","kba","ovl","year","random","nPAs","DOMAIN","range_countries","RangeName","COUNTRY","multiple_ranges","all_gmba_intersec","note","percPA"
6665,6103183.84564047,6098336.20119263,1948,FALSE,1,"13122","MWI","Vipya Mountains","MWI",FALSE,"13122","",0.999205718757546
6667,6319750.31587422,6316533.28440681,1935,FALSE,1,"13122","MWI","Vipya Mountains","MWI",FALSE,"13122","",0.999490955922843
6668,930105495.14604,982.031914636312,1935,FALSE,1,"13122","MWI","Vipya Mountains","MWI",FALSE,"13122","",1.05582852672225e-06
6668,930105495.14604,930082576.185054,1948,FALSE,1,"13122","MWI","Vipya Mountains","MWI",FALSE,"13122","",0.999975358751124
