"SitRecID","kba","ovl","year","random","nPAs","DOMAIN","range_countries","RangeName","COUNTRY","multiple_ranges","all_gmba_intersec","note","percPA"
6326,21851233.3101719,0,0,FALSE,0,"13000","GHA;TGO","Togo Mountains","GHA",NA,NA,"no pas overlapping kba",0
6916,379406619.431644,367633722.055779,1951,FALSE,1,"13000","GHA;TGO","Togo Mountains","TGO",FALSE,"13000","",0.968970237278671
6916,379406619.431644,9597.84293712303,2003,FALSE,1,"13000","GHA;TGO","Togo Mountains","TGO",FALSE,"13000","",2.5296983356539e-05
24265,178141372.231977,658656.152127207,1951,FALSE,1,"13000","GHA;TGO","Togo Mountains","GHA",FALSE,"13000","",0.00369737890684654
24265,178141372.231977,174271293.552055,2003,FALSE,1,"13000","GHA;TGO","Togo Mountains","GHA",FALSE,"13000","",0.978275239314525
6917,12252664.7252319,8222870.12032546,1953,FALSE,1,"13000","GHA;TGO","Togo Mountains","TGO",FALSE,"13000","",0.671108718366555
