"SitRecID","kba","ovl","year","random","nPAs","DOMAIN","range_countries","RangeName","COUNTRY","multiple_ranges","all_gmba_intersec","note","percPA"
44620,10542720.973173,3133255.27637411,1990,FALSE,1,"12089","NZL","Young Range","NZL",TRUE,"12089","",0.297196073418522
44620,10542720.973173,3193644.8954496,2009,FALSE,2,"12089","NZL","Young Range","NZL",TRUE,"12089","",0.302924160050916
44621,741837.15952491,465317.202477811,1964,FALSE,1,"12089","NZL","Young Range","NZL",TRUE,"12089","",0.627249789934776
44621,741837.15952491,276518.736058334,1990,FALSE,1,"12089","NZL","Young Range","NZL",TRUE,"12089","",0.372748564166593
