"SitRecID","kba","ovl","year","random","nPAs","DOMAIN","range_countries","RangeName","COUNTRY","multiple_ranges","all_gmba_intersec","note","percPA"
2147,3091288.2687633,31409.1810371876,2012,FALSE,1,"15502","FRA","Chaîne des Puys","FRA",FALSE,"15502","",0.0101605474179065
2147,3091288.2687633,2941076.18145937,2018,FALSE,1,"15502","FRA","Chaîne des Puys","FRA",FALSE,"15502","",0.951407932795595
2150,26242251.7753205,23595183.9117561,1977,FALSE,1,"15502","FRA","Chaîne des Puys","FRA",FALSE,"15502","",0.899129545504404
2150,26242251.7753205,2370543.03378398,2018,FALSE,1,"15502","FRA","Chaîne des Puys","FRA",FALSE,"15502","",0.0903330649396996
2155,33930232.1567691,16810448.2037737,1977,FALSE,1,"15502","FRA","Chaîne des Puys","FRA",TRUE,"15502","",0.4954415910302
2155,33930232.1567691,970625.550678983,2007,FALSE,1,"15502","FRA","Chaîne des Puys","FRA",TRUE,"15502","",0.0286065107422303
2155,33930232.1567691,15127.9418709932,2011,FALSE,1,"15502","FRA","Chaîne des Puys","FRA",TRUE,"15502","",0.000445854357880518
2155,33930232.1567691,16108780.350142,2018,FALSE,1,"15502","FRA","Chaîne des Puys","FRA",TRUE,"15502","",0.474761866518154
