"SitRecID","kba","ovl","year","random","nPAs","DOMAIN","range_countries","RangeName","COUNTRY","multiple_ranges","all_gmba_intersec","note","percPA"
15184,498240352.203287,11941293.9814152,1975,FALSE,1,"19165","JPN","Yakushima Island","JPN",FALSE,"19165","",0.0239669346904744
15184,498240352.203287,8354168.75028408,1983,FALSE,2,"19165","JPN","Yakushima Island","JPN",FALSE,"19165","",0.0167673467500992
15184,498240352.203287,12819882.8315885,1984,FALSE,2,"19165","JPN","Yakushima Island","JPN",FALSE,"19165","",0.0257303182588428
15184,498240352.203287,3123588.02498174,1991,FALSE,1,"19165","JPN","Yakushima Island","JPN",FALSE,"19165","",0.0062692393564046
15184,498240352.203287,119541636.003499,1992,FALSE,1,"19165","JPN","Yakushima Island","JPN",FALSE,"19165","",0.239927648322481
15184,498240352.203287,6706948.27781806,1993,FALSE,1,"19165","JPN","Yakushima Island","JPN",FALSE,"19165","",0.013461270746456
15184,498240352.203287,274036.655350283,1995,FALSE,1,"19165","JPN","Yakushima Island","JPN",FALSE,"19165","",0.000550008954791508
15184,498240352.203287,71413557.7864665,2012,FALSE,1,"19165","JPN","Yakushima Island","JPN",FALSE,"19165","",0.143331541635811
15184,498240352.203287,591160.41982542,2013,FALSE,1,"19165","JPN","Yakushima Island","JPN",FALSE,"19165","",0.00118649647145445
