"SitRecID","kba","ovl","year","random","nPAs","DOMAIN","range_countries","RangeName","COUNTRY","multiple_ranges","all_gmba_intersec","note","percPA"
7079,575617043.67333,3420390.70730594,1967,FALSE,1,"18110","ZAF","Murchison Range","ZAF",TRUE,"18110","",0.00594212896386552
7079,575617043.67333,664006.84236002,1986,FALSE,1,"18110","ZAF","Murchison Range","ZAF",TRUE,"18110","",0.00115355660444421
7079,575617043.67333,45476158.2033869,1988,FALSE,1,"18110","ZAF","Murchison Range","ZAF",TRUE,"18110","",0.0790041898571634
7079,575617043.67333,3660.24591597356,2016,FALSE,1,"18110","ZAF","Murchison Range","ZAF",TRUE,"18110","",6.35882129656118e-06
