"SitRecID","kba","ovl","year","random","nPAs","DOMAIN","range_countries","RangeName","COUNTRY","multiple_ranges","all_gmba_intersec","note","percPA"
1972,25450481.1470035,3038229.31401034,1987,FALSE,3,"19067","ESP","Lanzarote","ESP",FALSE,"19067","",0.119378069768557
1972,25450481.1470035,0.159055786939904,2001,FALSE,2,"19067","ESP","Lanzarote","ESP",FALSE,"19067","",6.24961807288388e-09
1977,2736657.4246347,2555147.07352931,1987,FALSE,1,"19067","ESP","Lanzarote","ESP",FALSE,"19067","",0.933674434559667
1974,37483.4381038435,37483.4381038435,2006,FALSE,1,"19067","ESP","Lanzarote","ESP",FALSE,"19067","",1
1973,2698751.41985799,2496279.27734437,1987,FALSE,2,"19067","ESP","Lanzarote","ESP",FALSE,"19067","",0.924975623533246
1973,2698751.41985799,7.82816966378164e-05,2001,FALSE,1,"19067","ESP","Lanzarote","ESP",FALSE,"19067","",2.90066347207094e-11
1976,5520608.12926667,31009.2483383343,1987,FALSE,1,"19067","ESP","Lanzarote","ESP",FALSE,"19067","",0.00561699863715075
1976,5520608.12926667,0.0301082387496763,1989,FALSE,1,"19067","ESP","Lanzarote","ESP",FALSE,"19067","",5.45379024279263e-09
1976,5520608.12926667,3521037.87439233,2006,FALSE,1,"19067","ESP","Lanzarote","ESP",FALSE,"19067","",0.637798914892379
