"SitRecID","kba","ovl","year","random","nPAs","DOMAIN","range_countries","RangeName","COUNTRY","multiple_ranges","all_gmba_intersec","note","percPA"
1916,233694330.519132,160107761.394069,2000,FALSE,1,"15186","ESP","Serra Mariola","ESP",TRUE,"15186","",0.685116155956386
1916,233694330.519132,83364.0339599698,2002,FALSE,1,"15186","ESP","Serra Mariola","ESP",TRUE,"15186","",0.000356722534837639
1916,233694330.519132,627473.709958481,2004,FALSE,1,"15186","ESP","Serra Mariola","ESP",TRUE,"15186","",0.00268501896714654
1916,233694330.519132,NA,2006,FALSE,2,"15186","ESP","Serra Mariola","ESP",TRUE,"15186","",NA
1916,233694330.519132,145417.199291764,2007,FALSE,1,"15186","ESP","Serra Mariola","ESP",TRUE,"15186","",0.000622253860282929
1916,233694330.519132,101817.955585935,2009,FALSE,2,"15186","ESP","Serra Mariola","ESP",TRUE,"15186","",0.000435688599546918
1916,233694330.519132,22141.0546074129,2014,FALSE,1,"15186","ESP","Serra Mariola","ESP",TRUE,"15186","",9.47436532081393e-05
