"SitRecID","kba","ovl","year","random","nPAs","DOMAIN","range_countries","RangeName","COUNTRY","multiple_ranges","all_gmba_intersec","in_gmba","note","percPA"
28522,501859613.660692,836743.097494645,2002,FALSE,2,"19040","ESP","Eivissa","ESP",FALSE,"19040",TRUE,"",0.00166728518238642
28522,501859613.660692,44679412.0219763,2006,FALSE,11,"19040","ESP","Eivissa","ESP",FALSE,"19040",TRUE,"",0.0890277097534772
28522,501859613.660692,444272249.551892,2014,FALSE,1,"19040","ESP","Eivissa","ESP",FALSE,"19040",TRUE,"",0.885252045509813
28522,501859613.660692,0.0236256745329797,2019,FALSE,2,"19040","ESP","Eivissa","ESP",FALSE,"19040",TRUE,"",4.7076261747081e-11
