"SitRecID","kba","ovl","year","random","nPAs","DOMAIN","range_countries","RangeName","COUNTRY","multiple_ranges","all_gmba_intersec","note","percPA"
2311,93560096.4124854,20.115570962429,1983,FALSE,1,"17907","FRA","Massif du Gar-Cagire","FRA",TRUE,"17907","",2.15001605745937e-07
2311,93560096.4124854,7137673.38429826,2003,FALSE,3,"17907","FRA","Massif du Gar-Cagire","FRA",TRUE,"17907","",0.0762897181382741
2311,93560096.4124854,39475483.3178877,2006,FALSE,1,"17907","FRA","Massif du Gar-Cagire","FRA",TRUE,"17907","",0.421926492506476
2311,93560096.4124854,0.0549215197766273,2008,FALSE,1,"17907","FRA","Massif du Gar-Cagire","FRA",TRUE,"17907","",5.87018631687709e-10
2311,93560096.4124854,27767915.6655209,2009,FALSE,1,"17907","FRA","Massif du Gar-Cagire","FRA",TRUE,"17907","",0.296792294260775
