"SitRecID","kba","ovl","year","random","nPAs","DOMAIN","range_countries","RangeName","COUNTRY","multiple_ranges","all_gmba_intersec","note","percPA"
24353,156587352.389122,3622413.41195567,1940,FALSE,1,"20149","ROU","Ceahlău Massif","ROU",TRUE,"20149","",0.0231334993323977
24353,156587352.389122,73775492.5847979,1954,FALSE,1,"20149","ROU","Ceahlău Massif","ROU",TRUE,"20149","",0.471145922446308
24353,156587352.389122,NA,1971,FALSE,1,"20149","ROU","Ceahlău Massif","ROU",TRUE,"20149","",NA
24353,156587352.389122,7524116.23541161,2005,FALSE,1,"20149","ROU","Ceahlău Massif","ROU",TRUE,"20149","",0.0480506000044886
24353,156587352.389122,0.609976660293156,2009,FALSE,1,"20149","ROU","Ceahlău Massif","ROU",TRUE,"20149","",3.89544015520075e-09
24353,156587352.389122,70347941.5338301,2011,FALSE,1,"20149","ROU","Ceahlău Massif","ROU",TRUE,"20149","",0.449256855426065
