"SitRecID","kba","ovl","year","random","nPAs","DOMAIN","range_countries","RangeName","COUNTRY","multiple_ranges","all_gmba_intersec","note","percPA"
3097,18297078.2073061,5182131.93108775,1997,FALSE,2,"20300","SVK","Starohorske vrchy","SVK",TRUE,"20300","",0.28322182768058
3097,18297078.2073061,12553604.7232703,2002,FALSE,2,"20300","SVK","Starohorske vrchy","SVK",TRUE,"20300","",0.686098872237293
3097,18297078.2073061,235768.314194044,2004,FALSE,4,"20300","SVK","Starohorske vrchy","SVK",TRUE,"20300","",0.0128855717575662
3099,19322192.0518847,19322199.1286053,1997,FALSE,2,"20300","SVK","Starohorske vrchy","SVK",TRUE,"20300","",1.00000036624833
