"SitRecID","kba","ovl","year","random","nPAs","DOMAIN","range_countries","RangeName","COUNTRY","multiple_ranges","all_gmba_intersec","in_gmba","note","percPA"
47074,981949341.852037,961166319.397308,2000,FALSE,2,"20377","MEX","Sierra Gorda (Mexico)","MEX",TRUE,"17751;20377;20378",TRUE,"",0.978834934177428
47074,981949341.852037,0.00337252020835876,2004,FALSE,1,"20377","MEX","Sierra Gorda (Mexico)","MEX",TRUE,"17751;20377;20378",TRUE,"",3.43451547306699e-12
47076,1598018525.60185,0,0,FALSE,0,"20377","MEX","Sierra Gorda (Mexico)","MEX",NA,NA,NA,"no pas overlapping kba",0
47118,235002472.432892,235004665.148744,1936,FALSE,1,"20377","MEX","Sierra Gorda (Mexico)","MEX",FALSE,"20377",TRUE,"",1.00000933060759
47136,2366408038.26515,26035822.9220363,1997,FALSE,1,"20377","MEX","Sierra Gorda (Mexico)","MEX",FALSE,"20377",TRUE,"",0.0110022542609023
47136,2366408038.26515,2340331813.6469,2007,FALSE,2,"20377","MEX","Sierra Gorda (Mexico)","MEX",FALSE,"20377",TRUE,"",0.988980672734122
10006,3685962526.8926,3593449172.76012,1997,FALSE,2,"20377","MEX","Sierra Gorda (Mexico)","MEX",FALSE,"20377",TRUE,"",0.974901168023955
10006,3685962526.8926,NA,2004,FALSE,1,"20377","MEX","Sierra Gorda (Mexico)","MEX",FALSE,"20377",TRUE,"",NA
10006,3685962526.8926,38881682.1853345,2007,FALSE,2,"20377","MEX","Sierra Gorda (Mexico)","MEX",FALSE,"20377",TRUE,"",0.0105485831452859
