"SitRecID","kba","ovl","year","random","nPAs","DOMAIN","range_countries","RangeName","COUNTRY","multiple_ranges","all_gmba_intersec","note","percPA"
1844,467056439.097739,395728093.710951,1989,FALSE,2,"15095","ESP","Sierra de Andújar","ESP",TRUE,"15095","",0.847281100492738
1844,467056439.097739,1.69994038110599,1992,FALSE,2,"15095","ESP","Sierra de Andújar","ESP",TRUE,"15095","",3.63968942252448e-09
1844,467056439.097739,2.45365642143395,2002,FALSE,2,"15095","ESP","Sierra de Andújar","ESP",TRUE,"15095","",5.25344736960256e-09
1844,467056439.097739,69922944.5963735,2006,FALSE,1,"15095","ESP","Sierra de Andújar","ESP",TRUE,"15095","",0.14970983963191
