"SitRecID","kba","ovl","year","random","nPAs","DOMAIN","range_countries","RangeName","COUNTRY","multiple_ranges","all_gmba_intersec","note","percPA"
22456,92347400.4869069,9136482.21272634,1939,FALSE,1,"14357","MDG","Anosyenne Mountains","MDG",TRUE,"14357","",0.0989359978142722
22456,92347400.4869069,246.417834547337,2007,FALSE,1,"14357","MDG","Anosyenne Mountains","MDG",TRUE,"14357","",2.66837867929238e-06
6594,93581485.4590368,93051742.8199054,1939,FALSE,1,"14357","MDG","Anosyenne Mountains","MDG",TRUE,"14357","",0.994339236692676
47001,48153040.7163697,0,0,FALSE,0,"14357","MDG","Anosyenne Mountains","MDG",NA,NA,"no pas overlapping kba",0
6592,258538446.08177,251375556.797134,1939,FALSE,1,"14357","MDG","Anosyenne Mountains","MDG",TRUE,"14357","",0.972294684240617
6592,258538446.08177,7158883.64990112,2007,FALSE,1,"14357","MDG","Anosyenne Mountains","MDG",TRUE,"14357","",0.0276898223780495
