"SitRecID","kba","ovl","year","random","nPAs","DOMAIN","range_countries","RangeName","COUNTRY","multiple_ranges","all_gmba_intersec","note","percPA"
44625,5088938.46775895,519324.781345407,1978,FALSE,1,"13594","NZL","Ailsa Mountains","NZL",TRUE,"13594","",0.102049726998194
44625,5088938.46775895,237211.295051282,1987,FALSE,3,"13594","NZL","Ailsa Mountains","NZL",TRUE,"13594","",0.0466131191316494
44625,5088938.46775895,544782.671498471,1990,FALSE,1,"13594","NZL","Ailsa Mountains","NZL",TRUE,"13594","",0.107052320429879
44625,5088938.46775895,3126372.87609577,2006,FALSE,2,"13594","NZL","Ailsa Mountains","NZL",TRUE,"13594","",0.614346763259755
