"SitRecID","kba","ovl","year","random","nPAs","DOMAIN","range_countries","RangeName","COUNTRY","multiple_ranges","all_gmba_intersec","note","percPA"
2812,8971371.20043305,565014.189563274,2009,FALSE,1,"14781","ITA","Monti Limbara","ITA",TRUE,"14781","",0.0629796913916572
2812,8971371.20043305,0.00808733875157941,2019,FALSE,1,"14781","ITA","Monti Limbara","ITA",TRUE,"14781","",9.01460721097911e-10
2815,199207136.65829,75105145.2793862,2009,FALSE,1,"14781","ITA","Monti Limbara","ITA",FALSE,"14781","",0.37702035448769
2815,199207136.65829,96056378.5115201,2017,FALSE,2,"14781","ITA","Monti Limbara","ITA",FALSE,"14781","",0.482193460148421
45285,6359696.20373535,3049029.20209026,2017,FALSE,1,"14781","ITA","Monti Limbara","ITA",FALSE,"14781","",0.47943000804023
