"SitRecID","kba","ovl","year","random","nPAs","DOMAIN","range_countries","RangeName","COUNTRY","multiple_ranges","all_gmba_intersec","in_gmba","note","percPA"
22217,189527182.948943,111268.787698667,1983,FALSE,1,"18260","BRA","Serra dos Cristais","BRA",TRUE,"18256;18260",TRUE,"",0.000587086168682417
22217,189527182.948943,20546023.5434803,1985,FALSE,1,"18260","BRA","Serra dos Cristais","BRA",TRUE,"18256;18260",TRUE,"",0.108406737354479
22217,189527182.948943,119741604.75398,1986,FALSE,1,"18260","BRA","Serra dos Cristais","BRA",TRUE,"18256;18260",TRUE,"",0.631791191589849
22217,189527182.948943,798.844892404974,1989,FALSE,1,"18260","BRA","Serra dos Cristais","BRA",TRUE,"18256;18260",TRUE,"",4.214935715159e-06
22217,189527182.948943,0,1992,FALSE,1,"18260","BRA","Serra dos Cristais","BRA",TRUE,"18256;18260",TRUE,"",0
22217,189527182.948943,48601319.6156626,2002,FALSE,1,"18260","BRA","Serra dos Cristais","BRA",TRUE,"18256;18260",TRUE,"",0.256434559198589
