"SitRecID","kba","ovl","year","random","nPAs","DOMAIN","range_countries","RangeName","COUNTRY","multiple_ranges","all_gmba_intersec","note","percPA"
24381,653923465.811299,27364508.6619273,1973,FALSE,2,"20165","ROU","Vrancea Mountains","ROU",TRUE,"20165","",0.0418466534581033
24381,653923465.811299,2446287.602085,1990,FALSE,3,"20165","ROU","Vrancea Mountains","ROU",TRUE,"20165","",0.00374093870304834
24381,653923465.811299,8327553.01660917,1992,FALSE,3,"20165","ROU","Vrancea Mountains","ROU",TRUE,"20165","",0.0127347517744718
24381,653923465.811299,343291050.822895,2005,FALSE,1,"20165","ROU","Vrancea Mountains","ROU",TRUE,"20165","",0.524971298280276
24381,653923465.811299,1.21319471054342,2007,FALSE,1,"20165","ROU","Vrancea Mountains","ROU",TRUE,"20165","",1.85525489445198e-09
24381,653923465.811299,339282.297410734,2009,FALSE,5,"20165","ROU","Vrancea Mountains","ROU",TRUE,"20165","",0.000518840988508951
24381,653923465.811299,129492.654760967,2013,FALSE,2,"20165","ROU","Vrancea Mountains","ROU",TRUE,"20165","",0.000198024174893786
