"SitRecID","kba","ovl","year","random","nPAs","DOMAIN","range_countries","RangeName","COUNTRY","multiple_ranges","all_gmba_intersec","in_gmba","note","percPA"
26305,579247303.75153,7790867.91877314,1981,FALSE,1,"19818","AUS","The Sisters Mountains","AUS",FALSE,"19818",TRUE,"",0.0134499856422552
26305,579247303.75153,304468898.335087,1993,FALSE,1,"19818","AUS","The Sisters Mountains","AUS",FALSE,"19818",TRUE,"",0.525628511972652
26305,579247303.75153,4048.21721797845,1998,FALSE,1,"19818","AUS","The Sisters Mountains","AUS",FALSE,"19818",TRUE,"",6.98875452981813e-06
26305,579247303.75153,422790.566545687,2004,FALSE,8,"19818","AUS","The Sisters Mountains","AUS",FALSE,"19818",TRUE,"",0.000729896477389638
26305,579247303.75153,48093.0687603226,2008,FALSE,1,"19818","AUS","The Sisters Mountains","AUS",FALSE,"19818",TRUE,"",8.3026832319883e-05
26305,579247303.75153,953.872759439866,2009,FALSE,1,"19818","AUS","The Sisters Mountains","AUS",FALSE,"19818",TRUE,"",1.64674527315371e-06
26305,579247303.75153,268429451.286238,2010,FALSE,1,"19818","AUS","The Sisters Mountains","AUS",FALSE,"19818",TRUE,"",0.463410791121061
