"SitRecID","kba","ovl","year","random","nPAs","DOMAIN","range_countries","RangeName","COUNTRY","multiple_ranges","all_gmba_intersec","note","percPA"
2779,98463582.5682395,10016.740552282,1988,FALSE,1,"20887","ITA","Western Abruzzi Apennines (nn)","ITA",TRUE,"20887","",0.000101730409264155
2779,98463582.5682395,44394038.3285802,2003,FALSE,1,"20887","ITA","Western Abruzzi Apennines (nn)","ITA",TRUE,"20887","",0.450867591556637
2779,98463582.5682395,4633527.12429235,2018,FALSE,1,"20887","ITA","Western Abruzzi Apennines (nn)","ITA",TRUE,"20887","",0.0470582829045563
2787,313043397.105783,265558314.88435,1923,FALSE,1,"20887","ITA","Western Abruzzi Apennines (nn)","ITA",TRUE,"20887","",0.848311503579207
2787,313043397.105783,NA,1971,FALSE,1,"20887","ITA","Western Abruzzi Apennines (nn)","ITA",TRUE,"20887","",NA
2787,313043397.105783,5.23045688336789e-07,1972,FALSE,1,"20887","ITA","Western Abruzzi Apennines (nn)","ITA",TRUE,"20887","",1.6708408264559e-15
2787,313043397.105783,15672.0798340696,1976,FALSE,1,"20887","ITA","Western Abruzzi Apennines (nn)","ITA",TRUE,"20887","",5.00636013375927e-05
2787,313043397.105783,46325893.2271048,1988,FALSE,1,"20887","ITA","Western Abruzzi Apennines (nn)","ITA",TRUE,"20887","",0.147985530617822
