"SitRecID","kba","ovl","year","random","nPAs","DOMAIN","range_countries","RangeName","COUNTRY","multiple_ranges","all_gmba_intersec","in_gmba","note","percPA"
3513,26982139.438717,1091380.51237631,1981,FALSE,1,"20024","DEU","Fichtel Mountains","DEU",FALSE,"20024",TRUE,"",0.0404482570722421
3513,26982139.438717,22293203.1052985,2003,FALSE,1,"20024","DEU","Fichtel Mountains","DEU",FALSE,"20024",TRUE,"",0.826220735977284
3513,26982139.438717,400282.205870834,2004,FALSE,1,"20024","DEU","Fichtel Mountains","DEU",FALSE,"20024",TRUE,"",0.0148350803234107
3513,26982139.438717,3192995.15376921,2006,FALSE,1,"20024","DEU","Fichtel Mountains","DEU",FALSE,"20024",TRUE,"",0.118337360201599
9444,192791321.429741,24.3001442318782,1970,FALSE,1,"20024","DEU","Fichtel Mountains","DEU",FALSE,"20024",TRUE,"",1.26043766138788e-07
9444,192791321.429741,3590.79647317959,1995,FALSE,1,"20024","DEU","Fichtel Mountains","DEU",FALSE,"20024",TRUE,"",1.86253014220258e-05
9444,192791321.429741,25743.7470034822,2003,FALSE,1,"20024","DEU","Fichtel Mountains","DEU",FALSE,"20024",TRUE,"",0.000133531669437018
9444,192791321.429741,191444257.1684,2004,FALSE,2,"20024","DEU","Fichtel Mountains","DEU",FALSE,"20024",TRUE,"",0.993012837656012
