"SitRecID","kba","ovl","year","random","nPAs","DOMAIN","range_countries","RangeName","COUNTRY","multiple_ranges","all_gmba_intersec","note","percPA"
1035,1660280.73524296,117227.22933042,2001,FALSE,1,"20777","GRC","Thesprotika Mountains","GRC",TRUE,"20777","",0.0706068719837706
1035,1660280.73524296,1205285.01343906,2002,FALSE,1,"20777","GRC","Thesprotika Mountains","GRC",TRUE,"20777","",0.725952537937917
1035,1660280.73524296,0.0890887677669525,2006,FALSE,1,"20777","GRC","Thesprotika Mountains","GRC",TRUE,"20777","",5.36588577316206e-08
1035,1660280.73524296,62276.7693816721,2009,FALSE,1,"20777","GRC","Thesprotika Mountains","GRC",TRUE,"20777","",0.0375097825685237
1036,28224552.442673,1249918.47955064,1975,FALSE,1,"20777","GRC","Thesprotika Mountains","GRC",TRUE,"20777","",0.0442847936061825
1036,28224552.442673,12390312.6253813,1988,FALSE,1,"20777","GRC","Thesprotika Mountains","GRC",TRUE,"20777","",0.438990579232296
1036,28224552.442673,NA,2006,FALSE,1,"20777","GRC","Thesprotika Mountains","GRC",TRUE,"20777","",NA
1036,28224552.442673,14584342.595165,2008,FALSE,4,"20777","GRC","Thesprotika Mountains","GRC",TRUE,"20777","",0.516725380315146
