"SitRecID","kba","ovl","year","random","nPAs","DOMAIN","range_countries","RangeName","COUNTRY","multiple_ranges","all_gmba_intersec","in_gmba","note","percPA"
6533,1624148346.21693,110438427.989757,2010,FALSE,1,"12281","MDG","Manongarivo Range","MDG",FALSE,"12281",TRUE,"",0.0679977467864912
45343,6807730496.40587,4821.74497182667,1927,FALSE,1,"12281","MDG","Manongarivo Range","MDG",FALSE,"12281",TRUE,"",7.0827494924664e-07
45343,6807730496.40587,417867273.504816,2010,FALSE,1,"12281","MDG","Manongarivo Range","MDG",FALSE,"12281",TRUE,"",0.0613812890691587
45343,6807730496.40587,984288854.943472,2011,FALSE,1,"12281","MDG","Manongarivo Range","MDG",FALSE,"12281",TRUE,"",0.144583992486648
22428,1626109367.23083,24812770.3671727,2010,FALSE,1,"12281","MDG","Manongarivo Range","MDG",TRUE,"12281;18144;19344",TRUE,"",0.0152589800336907
6534,935564168.573662,570793189.588617,1956,FALSE,1,"12281","MDG","Manongarivo Range","MDG",FALSE,"12281",TRUE,"",0.610105868482366
