"SitRecID","kba","ovl","year","random","nPAs","DOMAIN","range_countries","RangeName","COUNTRY","multiple_ranges","all_gmba_intersec","note","percPA"
15901,7371159254.89191,14307148.9545061,1983,FALSE,1,"11187","IDN;MYS","Upper Kapuas Mountains","IDN",TRUE,"11187","",0.0019409632134879
15901,7371159254.89191,7093245742.37198,1984,FALSE,1,"11187","IDN;MYS","Upper Kapuas Mountains","IDN",TRUE,"11187","",0.962297177023344
16057,1269865164.63994,724584381.691275,1983,FALSE,1,"11187","IDN;MYS","Upper Kapuas Mountains","MYS",FALSE,"11187","",0.570599463523929
16057,1269865164.63994,663043.415694997,1984,FALSE,1,"11187","IDN;MYS","Upper Kapuas Mountains","MYS",FALSE,"11187","",0.000522136864730043
16057,1269865164.63994,244784367.779374,1991,FALSE,1,"11187","IDN;MYS","Upper Kapuas Mountains","MYS",FALSE,"11187","",0.192764062355219
