"SitRecID","kba","ovl","year","random","nPAs","DOMAIN","range_countries","RangeName","COUNTRY","multiple_ranges","all_gmba_intersec","note","percPA"
14944,533473995.557147,452994912.794498,1961,FALSE,1,"20951","VEN","La Gran Sabana (nn)","VEN",TRUE,"20951","",0.849141507490728
14944,533473995.557147,0.0429886779369421,1962,FALSE,1,"20951","VEN","La Gran Sabana (nn)","VEN",TRUE,"20951","",8.05825181638811e-11
14944,533473995.557147,56796137.3074925,1987,FALSE,1,"20951","VEN","La Gran Sabana (nn)","VEN",TRUE,"20951","",0.10646467827954
14944,533473995.557147,145839.849228515,1991,FALSE,1,"20951","VEN","La Gran Sabana (nn)","VEN",TRUE,"20951","",0.000273377616234515
14944,533473995.557147,876122.85153011,1994,FALSE,1,"20951","VEN","La Gran Sabana (nn)","VEN",TRUE,"20951","",0.0016422972044122
14924,6464687470.98137,4210992813.14941,1961,FALSE,1,"20951","VEN","La Gran Sabana (nn)","VEN",TRUE,"20951","",0.651383818947425
14924,6464687470.98137,2253694912.51166,1962,FALSE,1,"20951","VEN","La Gran Sabana (nn)","VEN",TRUE,"20951","",0.348616220448092
