"SitRecID","kba","ovl","year","random","nPAs","DOMAIN","range_countries","RangeName","COUNTRY","multiple_ranges","all_gmba_intersec","note","percPA"
15297,1272925.36339441,1197098.20799419,1984,FALSE,1,"12944","LKA","Knuckles Mountain Range","LKA",FALSE,"12944","",0.94043079226733
15240,173598724.269809,137626593.700429,2000,FALSE,1,"12944","LKA","Knuckles Mountain Range","LKA",FALSE,"12944","",0.792785743554936
15240,173598724.269809,1.0421517303912,2009,FALSE,1,"12944","LKA","Knuckles Mountain Range","LKA",FALSE,"12944","",6.00322228619303e-09
15240,173598724.269809,7412332.42850437,2010,FALSE,1,"12944","LKA","Knuckles Mountain Range","LKA",FALSE,"12944","",0.0426980812196755
47187,25347870.6825723,0,0,FALSE,0,"12944","LKA","Knuckles Mountain Range","LKA",NA,NA,"no pas overlapping kba",0
47193,81677263.4219099,4236041.45026492,2000,FALSE,1,"12944","LKA","Knuckles Mountain Range","LKA",FALSE,"12944","",0.0518631657427519
47193,81677263.4219099,1189319.53720664,2010,FALSE,1,"12944","LKA","Knuckles Mountain Range","LKA",FALSE,"12944","",0.0145612069672697
