"SitRecID","kba","ovl","year","random","nPAs","DOMAIN","range_countries","RangeName","COUNTRY","multiple_ranges","all_gmba_intersec","note","percPA"
28548,935692.397556901,384656.380687773,1987,FALSE,1,"13699","NZL","John Pascoe Ridge","NZL",TRUE,"13699","",0.411092771184327
28548,935692.397556901,351108.995321759,2003,FALSE,1,"13699","NZL","John Pascoe Ridge","NZL",TRUE,"13699","",0.3752397649468
44609,570777.268326521,35346.4546301365,1987,FALSE,1,"13699","NZL","John Pascoe Ridge","NZL",TRUE,"13699","",0.0619268786470243
44609,570777.268326521,48523.8122883765,2009,FALSE,1,"13699","NZL","John Pascoe Ridge","NZL",TRUE,"13699","",0.0850135683059785
