"SitRecID","kba","ovl","year","random","nPAs","DOMAIN","range_countries","RangeName","COUNTRY","multiple_ranges","all_gmba_intersec","note","percPA"
31272,412051780.289019,411978812.23767,1934,FALSE,1,"14430","NZL","Auckland Islands","NZL",FALSE,"14430","",0.999822915335305
31277,96315880.9168283,96315862.4861283,1934,FALSE,1,"14430","NZL","Auckland Islands","NZL",FALSE,"14430","",0.999999808643186
44649,74702236.002103,29551.0949880113,1934,FALSE,1,"14430","NZL","Auckland Islands","NZL",FALSE,"14430","",0.000395585146704034
44649,74702236.002103,74672687.2264478,1998,FALSE,1,"14430","NZL","Auckland Islands","NZL",FALSE,"14430","",0.999604445900998
