"SitRecID","kba","ovl","year","random","nPAs","DOMAIN","range_countries","RangeName","COUNTRY","multiple_ranges","all_gmba_intersec","note","percPA"
939,84749076.2338234,80532738.2811658,1955,FALSE,1,"12985","POL;SVK","High Tatras","POL",TRUE,"12985","",0.950249157394651
939,84749076.2338234,1382503.92576945,1997,FALSE,1,"12985","POL;SVK","High Tatras","POL",TRUE,"12985","",0.0163129084965494
939,84749076.2338234,2773840.33944348,2003,FALSE,2,"12985","POL;SVK","High Tatras","POL",TRUE,"12985","",0.0327300362754449
3098,127075082.345203,214031.809558517,1955,FALSE,1,"12985","POL;SVK","High Tatras","SVK",TRUE,"12985","",0.00168429408510705
3098,127075082.345203,1042623.89684105,1991,FALSE,1,"12985","POL;SVK","High Tatras","SVK",TRUE,"12985","",0.00820478631687
3098,127075082.345203,38531.6649850747,1997,FALSE,1,"12985","POL;SVK","High Tatras","SVK",TRUE,"12985","",0.00030321967355018
3098,127075082.345203,125744122.786944,2003,FALSE,2,"12985","POL;SVK","High Tatras","SVK",TRUE,"12985","",0.989526195586924
