"SitRecID","kba","ovl","year","random","nPAs","DOMAIN","range_countries","RangeName","COUNTRY","multiple_ranges","all_gmba_intersec","note","percPA"
2791,536139363.594533,2511185.27085922,1985,FALSE,1,"18168","ITA","Monti Picentini","ITA",TRUE,"18168","",0.0046838293200914
2791,536139363.594533,399887527.694002,1993,FALSE,2,"18168","ITA","Monti Picentini","ITA",TRUE,"18168","",0.74586489045118
2791,536139363.594533,52970865.4388282,1999,FALSE,1,"18168","ITA","Monti Picentini","ITA",TRUE,"18168","",0.0988005526840751
2791,536139363.594533,3705126.29445405,2019,FALSE,9,"18168","ITA","Monti Picentini","ITA",TRUE,"18168","",0.00691075221489636
2889,1792715.05637384,1673919.51610217,1993,FALSE,1,"18168","ITA","Monti Picentini","ITA",TRUE,"18168","",0.933734287638572
2889,1792715.05637384,107266.531112837,2000,FALSE,1,"18168","ITA","Monti Picentini","ITA",TRUE,"18168","",0.0598346796561227
