"SitRecID","kba","ovl","year","random","nPAs","DOMAIN","range_countries","RangeName","COUNTRY","multiple_ranges","all_gmba_intersec","note","percPA"
15197,216009375.028969,10680617.2475156,1974,FALSE,1,"20957","BTN","Lunala Range","BTN",TRUE,"20957","",0.0494451560080818
15197,216009375.028969,1257171.62722811,1999,FALSE,1,"20957","BTN","Lunala Range","BTN",TRUE,"20957","",0.00581998641058754
15197,216009375.028969,94634393.7647274,2008,FALSE,1,"20957","BTN","Lunala Range","BTN",TRUE,"20957","",0.438103178401567
15200,270580.291945465,2121.93053227277,1993,FALSE,1,"20957","BTN","Lunala Range","BTN",TRUE,"20957","",0.00784214739741814
15207,79185906.7848728,11248714.0438058,1999,FALSE,1,"20957","BTN","Lunala Range","BTN",TRUE,"20957","",0.142054495560246
15219,14464825.3464429,0,0,FALSE,0,"20957","BTN","Lunala Range","BTN",NA,NA,"no pas overlapping kba",0
