"SitRecID","kba","ovl","year","random","nPAs","DOMAIN","range_countries","RangeName","COUNTRY","multiple_ranges","all_gmba_intersec","note","percPA"
44604,5041912.86976348,69896.0125540122,1974,FALSE,1,"11752","NZL","Puketeraki Range","NZL",TRUE,"11752","",0.0138629949305909
44604,5041912.86976348,12693.9214764163,1987,FALSE,1,"11752","NZL","Puketeraki Range","NZL",TRUE,"11752","",0.00251767965934956
44606,16487943.598017,4808.36382653564,1985,FALSE,1,"11752","NZL","Puketeraki Range","NZL",TRUE,"11752","",0.000291629080239815
44606,16487943.598017,1345214.00972748,1987,FALSE,4,"11752","NZL","Puketeraki Range","NZL",TRUE,"11752","",0.0815877372293574
44606,16487943.598017,6259.80399301089,1988,FALSE,1,"11752","NZL","Puketeraki Range","NZL",TRUE,"11752","",0.000379659473954275
44607,3560280.58560877,348100.077418378,1987,FALSE,1,"11752","NZL","Puketeraki Range","NZL",TRUE,"11752","",0.097773214511647
