"SitRecID","kba","ovl","year","random","nPAs","DOMAIN","range_countries","RangeName","COUNTRY","multiple_ranges","all_gmba_intersec","note","percPA"
44606,4739388.74850643,30205.0174838509,1971,TRUE,1,"13714","NZL","Mount Thomas Range","NZL",TRUE,"13714","",0.0063731884187322
44606,4739388.74850643,221.972821200266,1985,TRUE,1,"13714","NZL","Mount Thomas Range","NZL",TRUE,"13714","",4.68357488653403e-05
44606,4739388.74850643,206962.143944475,1987,TRUE,4,"13714","NZL","Mount Thomas Range","NZL",TRUE,"13714","",0.0436685308859073
44606,4739388.74850643,791.370940459761,1988,TRUE,1,"13714","NZL","Mount Thomas Range","NZL",TRUE,"13714","",0.000166977427354773
