"SitRecID","kba","ovl","year","random","nPAs","DOMAIN","range_countries","RangeName","COUNTRY","multiple_ranges","all_gmba_intersec","note","percPA"
3099,312458712.747902,312458697.656806,1997,FALSE,3,"20293","SVK","Kráľovohoľské Tatry","SVK",TRUE,"20293","",0.99999995170211
3120,94268.5709360018,92891.2361790091,1997,FALSE,2,"20293","SVK","Kráľovohoľské Tatry","SVK",TRUE,"20293","",0.98538924751572
24039,32248604.8174028,420.802894825406,1997,FALSE,1,"20293","SVK","Kráľovohoľské Tatry","SVK",TRUE,"20293","",1.30487162842568e-05
24039,32248604.8174028,182.200937259449,2004,FALSE,2,"20293","SVK","Kráľovohoľské Tatry","SVK",TRUE,"20293","",5.64988588781134e-06
24039,32248604.8174028,32159799.1106371,2011,FALSE,1,"20293","SVK","Kráľovohoľské Tatry","SVK",TRUE,"20293","",0.997246215541151
