"SitRecID","kba","ovl","year","random","nPAs","DOMAIN","range_countries","RangeName","COUNTRY","multiple_ranges","all_gmba_intersec","note","percPA"
2153,77687116.3449425,1666969.92127328,2012,FALSE,1,"15132","FRA","Monts du Vivarais","FRA",TRUE,"15132","",0.0214574822660644
2153,77687116.3449425,38927264.2832617,2015,FALSE,1,"15132","FRA","Monts du Vivarais","FRA",TRUE,"15132","",0.501077477382721
2153,77687116.3449425,35397848.4672518,2018,FALSE,1,"15132","FRA","Monts du Vivarais","FRA",TRUE,"15132","",0.455646317338901
2399,46297920.5831717,32796536.4893896,2001,FALSE,1,"15132","FRA","Monts du Vivarais","FRA",FALSE,"15132","",0.70838033493259
2399,46297920.5831717,1.44675466045915e-05,2017,FALSE,2,"15132","FRA","Monts du Vivarais","FRA",FALSE,"15132","",3.12488043142269e-13
