"SitRecID","kba","ovl","year","random","nPAs","DOMAIN","range_countries","RangeName","COUNTRY","multiple_ranges","all_gmba_intersec","note","percPA"
30630,14127296.2001845,22038.9949552417,1964,FALSE,1,"20823","JPN","Mashike Mountains","JPN",TRUE,"20823","",0.00156002922590055
30630,14127296.2001845,11019694.4234115,1976,FALSE,1,"20823","JPN","Mashike Mountains","JPN",TRUE,"20823","",0.780028553748847
30630,14127296.2001845,1993969.13100436,1990,FALSE,1,"20823","JPN","Mashike Mountains","JPN",TRUE,"20823","",0.141143011567798
30630,14127296.2001845,22179.7528864568,2013,FALSE,1,"20823","JPN","Mashike Mountains","JPN",TRUE,"20823","",0.00156999276947043
