"SitRecID","kba","ovl","year","random","nPAs","DOMAIN","range_countries","RangeName","COUNTRY","multiple_ranges","all_gmba_intersec","note","percPA"
2860,469054554.65856,193787175.38607,1997,FALSE,1,"17710","ITA","Arunci Mountains","ITA",TRUE,"17710","",0.413144214167441
2860,469054554.65856,128860360.31216,1999,FALSE,2,"17710","ITA","Arunci Mountains","ITA",TRUE,"17710","",0.274723609508412
2860,469054554.65856,45837.3695938587,2001,FALSE,1,"17710","ITA","Arunci Mountains","ITA",TRUE,"17710","",9.77228962785048e-05
2860,469054554.65856,14737.1262852778,2002,FALSE,1,"17710","ITA","Arunci Mountains","ITA",TRUE,"17710","",3.14187894327248e-05
2860,469054554.65856,3040.14550602296,2016,FALSE,6,"17710","ITA","Arunci Mountains","ITA",TRUE,"17710","",6.48143265176475e-06
