"SitRecID","kba","ovl","year","random","nPAs","DOMAIN","range_countries","RangeName","COUNTRY","multiple_ranges","all_gmba_intersec","note","percPA"
1017,22218455.0513315,19032358.5099555,2003,FALSE,1,"14792","GRC","Verno","GRC",TRUE,"14792","",0.856601346312552
1017,22218455.0513315,2321191.37503587,2006,FALSE,1,"14792","GRC","Verno","GRC",TRUE,"14792","",0.104471322136179
1017,22218455.0513315,615706.632864881,2010,FALSE,1,"14792","GRC","Verno","GRC",TRUE,"14792","",0.0277114962063027
1018,2070594.50587168,1914198.14550031,1997,FALSE,1,"14792","GRC","Verno","GRC",FALSE,"14792","",0.924467895607823
1018,2070594.50587168,37948.264965252,2001,FALSE,1,"14792","GRC","Verno","GRC",FALSE,"14792","",0.0183272315548218
1018,2070594.50587168,0.000999659299850464,2006,FALSE,1,"14792","GRC","Verno","GRC",FALSE,"14792","",4.82788540689974e-10
1018,2070594.50587168,2.36348505876958,2012,FALSE,4,"14792","GRC","Verno","GRC",FALSE,"14792","",1.14145239546775e-06
