"SitRecID","kba","ovl","year","random","nPAs","DOMAIN","range_countries","RangeName","COUNTRY","multiple_ranges","all_gmba_intersec","note","percPA"
27150,370773728.690349,3501694.95854194,1996,FALSE,1,"19835","AUS","Bimberi Range","AUS",TRUE,"19835","",0.00944429091810434
27150,370773728.690349,31891.9784105021,2007,FALSE,1,"19835","AUS","Bimberi Range","AUS",TRUE,"19835","",8.60146659342649e-05
27150,370773728.690349,62279424.296996,2012,FALSE,1,"19835","AUS","Bimberi Range","AUS",TRUE,"19835","",0.167971513291894
27150,370773728.690349,304910330.378185,2016,FALSE,2,"19835","AUS","Bimberi Range","AUS",TRUE,"19835","",0.822362284014006
