"SitRecID","kba","ovl","year","random","nPAs","DOMAIN","range_countries","RangeName","COUNTRY","multiple_ranges","all_gmba_intersec","note","percPA"
996,14967686.4802491,14967686.4802491,1975,FALSE,1,"15149","GRC","Kerdylio Mountains","GRC",TRUE,"15149","",1
1001,168516014.533322,47684196.0023279,1975,FALSE,1,"15149","GRC","Kerdylio Mountains","GRC",TRUE,"15149","",0.282965367620291
1001,168516014.533322,1125096.23540115,1976,FALSE,1,"15149","GRC","Kerdylio Mountains","GRC",TRUE,"15149","",0.00667649444782399
1001,168516014.533322,113238049.271149,1988,FALSE,1,"15149","GRC","Kerdylio Mountains","GRC",TRUE,"15149","",0.671972035326991
1001,168516014.533322,476145.317609787,2001,FALSE,1,"15149","GRC","Kerdylio Mountains","GRC",TRUE,"15149","",0.0028255196927627
1001,168516014.533322,684469.035365812,2002,FALSE,1,"15149","GRC","Kerdylio Mountains","GRC",TRUE,"15149","",0.00406174473839378
1001,168516014.533322,4449041.31676278,2006,FALSE,1,"15149","GRC","Kerdylio Mountains","GRC",TRUE,"15149","",0.0264012968089928
1006,17107268.1005652,6508907.07061982,1975,FALSE,1,"15149","GRC","Kerdylio Mountains","GRC",TRUE,"15149","",0.380476124671524
1006,17107268.1005652,10486767.3918554,1988,FALSE,1,"15149","GRC","Kerdylio Mountains","GRC",TRUE,"15149","",0.613000704157369
