"SitRecID","kba","ovl","year","random","nPAs","DOMAIN","range_countries","RangeName","COUNTRY","multiple_ranges","all_gmba_intersec","note","percPA"
1039,427110690.356963,36334071.7375901,1985,FALSE,1,"14787","GRC","Acarnanian Mountains","GRC",FALSE,"14787","",0.0850694505146276
1039,427110690.356963,49901842.4163964,2001,FALSE,1,"14787","GRC","Acarnanian Mountains","GRC",FALSE,"14787","",0.116835854365271
1039,427110690.356963,165446.818958981,2006,FALSE,1,"14787","GRC","Acarnanian Mountains","GRC",FALSE,"14787","",0.000387362860949949
1039,427110690.356963,38036729.149333,2008,FALSE,1,"14787","GRC","Acarnanian Mountains","GRC",FALSE,"14787","",0.0890559051976511
1040,519777.878675997,519777.878675997,1985,FALSE,1,"14787","GRC","Acarnanian Mountains","GRC",TRUE,"14787","",1
1110,3127986.73656543,0,0,FALSE,0,"14787","GRC","Acarnanian Mountains","GRC",NA,NA,"no pas overlapping kba",0
1158,13510771.8761069,610145.080166861,1979,FALSE,1,"14787","GRC","Acarnanian Mountains","GRC",TRUE,"14787","",0.0451598980252098
1158,13510771.8761069,12386022.963119,2006,FALSE,1,"14787","GRC","Acarnanian Mountains","GRC",TRUE,"14787","",0.916751690924709
1158,13510771.8761069,1581.32808563299,2010,FALSE,1,"14787","GRC","Acarnanian Mountains","GRC",TRUE,"14787","",0.000117042023959378
