"SitRecID","kba","ovl","year","random","nPAs","DOMAIN","range_countries","RangeName","COUNTRY","multiple_ranges","all_gmba_intersec","note","percPA"
2301,53362812.7949452,51676075.5202197,1973,FALSE,1,"18678","FRA","Caroux l'Espinousse","FRA",TRUE,"18678","",0.968391147572992
2301,53362812.7949452,0.000111877918243408,1993,FALSE,1,"18678","FRA","Caroux l'Espinousse","FRA",TRUE,"18678","",2.09655211904433e-12
2301,53362812.7949452,560379.365922987,2003,FALSE,1,"18678","FRA","Caroux l'Espinousse","FRA",TRUE,"18678","",0.0105013086187254
2301,53362812.7949452,0.00302493572235107,2006,FALSE,1,"18678","FRA","Caroux l'Espinousse","FRA",TRUE,"18678","",5.66862120625997e-11
