"SitRecID","kba","ovl","year","random","nPAs","DOMAIN","range_countries","RangeName","COUNTRY","multiple_ranges","all_gmba_intersec","note","percPA"
44621,14045779.1481822,883028.830734791,1964,FALSE,1,"13618","NZL","McKerrow Range","NZL",TRUE,"13618","",0.0628679136571125
44621,14045779.1481822,45690.3544037752,1987,FALSE,1,"13618","NZL","McKerrow Range","NZL",TRUE,"13618","",0.00325295976262651
44621,14045779.1481822,4272549.54335204,1990,FALSE,1,"13618","NZL","McKerrow Range","NZL",TRUE,"13618","",0.304187435832279
44621,14045779.1481822,48758.2031302117,2002,FALSE,1,"13618","NZL","McKerrow Range","NZL",TRUE,"13618","",0.00347137760147125
44621,14045779.1481822,55075.9315215945,2005,FALSE,1,"13618","NZL","McKerrow Range","NZL",TRUE,"13618","",0.00392117311119208
