"SitRecID","kba","ovl","year","random","nPAs","DOMAIN","range_countries","RangeName","COUNTRY","multiple_ranges","all_gmba_intersec","in_gmba","note","percPA"
6458,132539995.302825,230575.049883929,1981,FALSE,1,"12274","LBR;CIV;GIN","Nimba Range","LBR",FALSE,"12274",TRUE,"",0.00173966393583397
6458,132539995.302825,128876335.001357,2003,FALSE,1,"12274","LBR;CIV;GIN","Nimba Range","LBR",FALSE,"12274",TRUE,"",0.972358077325284
22321,116247655.103687,0,0,FALSE,0,"12274","LBR;CIV;GIN","Nimba Range","LBR",NA,NA,NA,"no pas overlapping kba",0
6092,269343860.042846,50299611.8012295,1932,FALSE,1,"12274","LBR;CIV;GIN","Nimba Range","CIV",TRUE,"12274;18147",TRUE,"",0.18674868546559
6092,269343860.042846,43494900.2142494,1944,FALSE,2,"12274","LBR;CIV;GIN","Nimba Range","CIV",TRUE,"12274;18147",TRUE,"",0.161484654624503
6092,269343860.042846,3145755.94449858,1981,FALSE,1,"12274","LBR;CIV;GIN","Nimba Range","CIV",TRUE,"12274;18147",TRUE,"",0.011679330443984
6092,269343860.042846,625228.195407754,2003,FALSE,1,"12274","LBR;CIV;GIN","Nimba Range","CIV",TRUE,"12274;18147",TRUE,"",0.00232130108816401
6376,147332480.877061,146955678.991238,1944,FALSE,2,"12274","LBR;CIV;GIN","Nimba Range","GIN",FALSE,"12274",TRUE,"",0.997442506339542
