"SitRecID","kba","ovl","year","random","nPAs","DOMAIN","range_countries","RangeName","COUNTRY","multiple_ranges","all_gmba_intersec","note","percPA"
1832,5413803.56840046,110669.199647069,1987,FALSE,1,"12808","ESP","Sierra de Orce","ESP",TRUE,"12808","",0.020442041948664
1832,5413803.56840046,NA,1992,FALSE,1,"12808","ESP","Sierra de Orce","ESP",TRUE,"12808","",NA
1832,5413803.56840046,0.014893439995749,2002,FALSE,1,"12808","ESP","Sierra de Orce","ESP",TRUE,"12808","",2.75101226108012e-09
1832,5413803.56840046,0.000963793460501404,2012,FALSE,1,"12808","ESP","Sierra de Orce","ESP",TRUE,"12808","",1.78025199533821e-10
1939,241056903.437901,115395246.863786,1987,FALSE,1,"12808","ESP","Sierra de Orce","ESP",TRUE,"12808","",0.478705422736477
1939,241056903.437901,282206.252765246,1992,FALSE,1,"12808","ESP","Sierra de Orce","ESP",TRUE,"12808","",0.00117070388252932
1939,241056903.437901,2.45882586632239,2002,FALSE,1,"12808","ESP","Sierra de Orce","ESP",TRUE,"12808","",1.02001885499032e-08
1939,241056903.437901,NA,2003,FALSE,1,"12808","ESP","Sierra de Orce","ESP",TRUE,"12808","",NA
1939,241056903.437901,NA,2012,FALSE,1,"12808","ESP","Sierra de Orce","ESP",TRUE,"12808","",NA
