"SitRecID","kba","ovl","year","random","nPAs","DOMAIN","range_countries","RangeName","COUNTRY","multiple_ranges","all_gmba_intersec","note","percPA"
1665,562842531.475753,277530059.721892,2000,FALSE,1,"17833","ESP","Montes Aquilanos","ESP",TRUE,"17833","",0.493086510349916
1665,562842531.475753,10456095.9389389,2001,FALSE,1,"17833","ESP","Montes Aquilanos","ESP",TRUE,"17833","",0.0185773024499825
1665,562842531.475753,12906889.9111476,2002,FALSE,2,"17833","ESP","Montes Aquilanos","ESP",TRUE,"17833","",0.0229316179736919
1665,562842531.475753,NA,2004,FALSE,1,"17833","ESP","Montes Aquilanos","ESP",TRUE,"17833","",NA
1665,562842531.475753,0.0121872700014194,2006,FALSE,1,"17833","ESP","Montes Aquilanos","ESP",TRUE,"17833","",2.1653072253557e-11
1665,562842531.475753,54739344.7902169,2015,FALSE,4,"17833","ESP","Montes Aquilanos","ESP",TRUE,"17833","",0.0972551677050636
