"SitRecID","kba","ovl","year","random","nPAs","DOMAIN","range_countries","RangeName","COUNTRY","multiple_ranges","all_gmba_intersec","note","percPA"
44514,140955279.78793,140798947.917337,1979,FALSE,1,"11452","USA","Kaibab Plateau","USA",TRUE,"11452","",0.998890911565512
26019,4251383.25557727,3843385.8368064,1979,FALSE,1,"11452","USA","Kaibab Plateau","USA",TRUE,"11452","",0.904031842286711
26019,4251383.25557727,117792.506303533,1984,FALSE,1,"11452","USA","Kaibab Plateau","USA",TRUE,"11452","",0.0277068660297808
26019,4251383.25557727,68279.747467585,1991,FALSE,1,"11452","USA","Kaibab Plateau","USA",TRUE,"11452","",0.0160605956609559
26019,4251383.25557727,12829.8443844333,2003,FALSE,1,"11452","USA","Kaibab Plateau","USA",TRUE,"11452","",0.00301780470335207
