"SitRecID","kba","ovl","year","random","nPAs","DOMAIN","range_countries","RangeName","COUNTRY","multiple_ranges","all_gmba_intersec","note","percPA"
456,101903023.963801,8.26142971217632,1981,FALSE,1,"20185","ROU","Godeanu Mountains","ROU",TRUE,"20185","",8.1071487290809e-08
456,101903023.963801,101208927.329606,1988,FALSE,1,"20185","ROU","Godeanu Mountains","ROU",TRUE,"20185","",0.993188655182187
459,165886536.681161,5272117.38317487,1981,FALSE,2,"20185","ROU","Godeanu Mountains","ROU",TRUE,"20185","",0.0317814663483393
459,165886536.681161,96024.1109963325,1988,FALSE,1,"20185","ROU","Godeanu Mountains","ROU",TRUE,"20185","",0.000578854154878728
459,165886536.681161,160268837.297041,1990,FALSE,1,"20185","ROU","Godeanu Mountains","ROU",TRUE,"20185","",0.966135290443022
