"SitRecID","kba","ovl","year","random","nPAs","DOMAIN","range_countries","RangeName","COUNTRY","multiple_ranges","all_gmba_intersec","note","percPA"
19913,9054501.73944908,8174680.99403943,1987,FALSE,2,"18753","BES","Saba","BES",FALSE,"18753","",0.902830573042312
19913,9054501.73944908,0.0018141120672226,1998,FALSE,1,"18753","BES","Saba","BES",FALSE,"18753","",2.00354709670968e-10
19913,9054501.73944908,743352.392288705,2015,FALSE,1,"18753","BES","Saba","BES",FALSE,"18753","",0.0820975481234966
