"SitRecID","kba","ovl","year","random","nPAs","DOMAIN","range_countries","RangeName","COUNTRY","multiple_ranges","all_gmba_intersec","note","percPA"
1930,48783384.4810005,22295383.8283654,1992,FALSE,2,"14958","ESP","Sierras de Carrodilla Montroig","ESP",FALSE,"14958","",0.457028229294931
1930,48783384.4810005,470.867212283679,2003,FALSE,1,"14958","ESP","Sierras de Carrodilla Montroig","ESP",FALSE,"14958","",9.65220468594315e-06
1930,48783384.4810005,32661.4739706197,2006,FALSE,2,"14958","ESP","Sierras de Carrodilla Montroig","ESP",FALSE,"14958","",0.000669520459027197
1930,48783384.4810005,4.77659707250324e-05,2008,FALSE,1,"14958","ESP","Sierras de Carrodilla Montroig","ESP",FALSE,"14958","",9.7914425645551e-13
1785,238927334.040622,3856126.41815014,1990,FALSE,1,"14958","ESP","Sierras de Carrodilla Montroig","ESP",TRUE,"14958","",0.0161393271876316
1785,238927334.040622,128875434.474542,1992,FALSE,3,"14958","ESP","Sierras de Carrodilla Montroig","ESP",TRUE,"14958","",0.539391756878812
1785,238927334.040622,4738.36398209746,2005,FALSE,2,"14958","ESP","Sierras de Carrodilla Montroig","ESP",TRUE,"14958","",1.98318204198933e-05
1785,238927334.040622,43231.8212201627,2006,FALSE,3,"14958","ESP","Sierras de Carrodilla Montroig","ESP",TRUE,"14958","",0.000180941294949587
1785,238927334.040622,8.49221208213996e-08,2008,FALSE,1,"14958","ESP","Sierras de Carrodilla Montroig","ESP",TRUE,"14958","",3.55430747019349e-16
