"SitRecID","kba","ovl","year","random","nPAs","DOMAIN","range_countries","RangeName","COUNTRY","multiple_ranges","all_gmba_intersec","note","percPA"
872,10778138.171471,0,0,FALSE,0,"20424","SWE;NOR","Kjølhaugan","SWE",NA,NA,"no pas overlapping kba",0
22030,13261869.4041203,769201.241749199,2003,FALSE,1,"20424","SWE;NOR","Kjølhaugan","SWE",FALSE,"20424","",0.0580009664029884
44555,68129363.6230202,51560122.4910728,1990,FALSE,1,"20424","SWE;NOR","Kjølhaugan","NOR",TRUE,"20424","",0.756797359452381
44555,68129363.6230202,502.114778736727,2002,FALSE,1,"20424","SWE;NOR","Kjølhaugan","NOR",TRUE,"20424","",7.37002009170489e-06
44555,68129363.6230202,5635724.71158608,2011,FALSE,1,"20424","SWE;NOR","Kjølhaugan","NOR",TRUE,"20424","",0.0827209357593621
44555,68129363.6230202,4.65161919009915e-05,2014,FALSE,1,"20424","SWE;NOR","Kjølhaugan","NOR",TRUE,"20424","",6.82762753493182e-13
