"SitRecID","kba","ovl","year","random","nPAs","DOMAIN","range_countries","RangeName","COUNTRY","multiple_ranges","all_gmba_intersec","note","percPA"
1669,163415460.385668,5438684.558216,1996,FALSE,1,"14932","ESP","Sierra Salvada","ESP",TRUE,"14932","",0.0332813342469584
1669,163415460.385668,56751116.6279831,2000,FALSE,2,"14932","ESP","Sierra Salvada","ESP",TRUE,"14932","",0.347281196614126
1669,163415460.385668,14753363.6945238,2004,FALSE,1,"14932","ESP","Sierra Salvada","ESP",TRUE,"14932","",0.0902813213615482
1669,163415460.385668,4165195.22217084,2015,FALSE,2,"14932","ESP","Sierra Salvada","ESP",TRUE,"14932","",0.0254883792043959
