"SitRecID","kba","ovl","year","random","nPAs","DOMAIN","range_countries","RangeName","COUNTRY","multiple_ranges","all_gmba_intersec","note","percPA"
19694,2649466.15236238,2188046.95135143,2008,FALSE,1,"19074","PRT","Faial","PRT",FALSE,"19074","",0.825844462817715
19695,9995292.4316893,8004833.15745941,1990,FALSE,1,"19074","PRT","Faial","PRT",FALSE,"19074","",0.80086032621524
19695,9995292.4316893,197427.453134119,2008,FALSE,3,"19074","PRT","Faial","PRT",FALSE,"19074","",0.0197520437229221
19695,9995292.4316893,0.77456468100749,2009,FALSE,1,"19074","PRT","Faial","PRT",FALSE,"19074","",7.74929484355848e-08
19695,9995292.4316893,NA,2019,FALSE,1,"19074","PRT","Faial","PRT",FALSE,"19074","",NA
