"SitRecID","kba","ovl","year","random","nPAs","DOMAIN","range_countries","RangeName","COUNTRY","multiple_ranges","all_gmba_intersec","note","percPA"
14275,5557076.59772348,0,0,FALSE,0,"14469","TWN","Western Foothills","TWN",NA,NA,"no pas overlapping kba",0
14276,59771665.5282764,57311053.9480499,1992,FALSE,1,"14469","TWN","Western Foothills","TWN",TRUE,"14469","",0.958833143455532
14276,59771665.5282764,35557.8975909874,2000,FALSE,1,"14469","TWN","Western Foothills","TWN",TRUE,"14469","",0.000594895545853007
14278,233597251.570883,232951027.379381,1992,FALSE,1,"14469","TWN","Western Foothills","TWN",TRUE,"14469","",0.997233596768985
14280,145233111.462813,14601807.5812945,1992,FALSE,1,"14469","TWN","Western Foothills","TWN",TRUE,"14469","",0.100540485803978
14280,145233111.462813,4121319.53749868,2000,FALSE,1,"14469","TWN","Western Foothills","TWN",TRUE,"14469","",0.0283772722073364
47196,113671931.522878,113671931.546731,1985,FALSE,1,"14469","TWN","Western Foothills","TWN",FALSE,"14469","",1.00000000020984
