"SitRecID","kba","ovl","year","random","nPAs","DOMAIN","range_countries","RangeName","COUNTRY","multiple_ranges","all_gmba_intersec","note","percPA"
1661,291346.289455608,129383.850590087,2000,FALSE,1,"17956","ESP","Sierra de Valnera","ESP",TRUE,"17956","",0.444089577498469
1661,291346.289455608,NA,2015,FALSE,1,"17956","ESP","Sierra de Valnera","ESP",TRUE,"17956","",NA
29978,144245456.128476,24159740.2443555,1996,FALSE,1,"17956","ESP","Sierra de Valnera","ESP",TRUE,"17956","",0.167490476946719
29978,144245456.128476,38165132.9841268,2015,FALSE,2,"17956","ESP","Sierra de Valnera","ESP",TRUE,"17956","",0.264584646258347
29981,35942852.3974879,14153418.7288326,2006,FALSE,1,"17956","ESP","Sierra de Valnera","ESP",TRUE,"17956","",0.393775612806449
29981,35942852.3974879,16124524.8224122,2015,FALSE,1,"17956","ESP","Sierra de Valnera","ESP",TRUE,"17956","",0.448615614701163
29981,35942852.3974879,1.11416630372091,2019,FALSE,1,"17956","ESP","Sierra de Valnera","ESP",TRUE,"17956","",3.09982716841578e-08
