"SitRecID","kba","ovl","year","random","nPAs","DOMAIN","range_countries","RangeName","COUNTRY","multiple_ranges","all_gmba_intersec","note","percPA"
6502,554708551.234355,532210420.632996,2004,FALSE,1,"15767","MAR","Eastern High Atlas","MAR",FALSE,"15767","",0.959441529157438
6502,554708551.234355,NA,2005,FALSE,1,"15767","MAR","Eastern High Atlas","MAR",FALSE,"15767","",NA
46660,128760166.485279,2416726.28400943,1994,FALSE,1,"15767","MAR","Eastern High Atlas","MAR",FALSE,"15767","",0.018769207511748
31713,454401372.292658,41090538.1153563,1994,FALSE,1,"15767","MAR","Eastern High Atlas","MAR",FALSE,"15767","",0.0904278477594293
46645,2090373483.71176,141696958.640803,1994,FALSE,3,"15767","MAR","Eastern High Atlas","MAR",TRUE,"15767","",0.067785474579021
46645,2090373483.71176,7515271.9301486,2019,FALSE,1,"15767","MAR","Eastern High Atlas","MAR",TRUE,"15767","",0.00359518142987738
46669,430592372.652675,423524.334628444,1994,FALSE,1,"15767","MAR","Eastern High Atlas","MAR",TRUE,"15767","",0.000983585315316459
