"SitRecID","kba","ovl","year","random","nPAs","DOMAIN","range_countries","RangeName","COUNTRY","multiple_ranges","all_gmba_intersec","in_gmba","note","percPA"
24093,223717121.874105,12773.6511232108,1979,FALSE,1,"15388","ITA","Monte Rosa Alps","ITA",TRUE,"15388;15389",TRUE,"",5.70973335263943e-05
24093,223717121.874105,80259563.2873461,2003,FALSE,1,"15388","ITA","Monte Rosa Alps","ITA",TRUE,"15388;15389",TRUE,"",0.358754674720478
24093,223717121.874105,90870189.9599178,2006,FALSE,1,"15388","ITA","Monte Rosa Alps","ITA",TRUE,"15388;15389",TRUE,"",0.406183439151583
24093,223717121.874105,NA,2013,FALSE,1,"15388","ITA","Monte Rosa Alps","ITA",TRUE,"15388;15389",TRUE,"",NA
24093,223717121.874105,10111.0079315651,2016,FALSE,1,"15388","ITA","Monte Rosa Alps","ITA",TRUE,"15388;15389",TRUE,"",4.51955033520186e-05
