"SitRecID","kba","ovl","year","random","nPAs","DOMAIN","range_countries","RangeName","COUNTRY","multiple_ranges","all_gmba_intersec","note","percPA"
3245,713427667.525793,38241.6375074573,1974,FALSE,1,"15365","AUT","Seckau Tauern","AUT",TRUE,"15365","",5.36026835629762e-05
3245,713427667.525793,984.313496903051,1978,FALSE,1,"15365","AUT","Seckau Tauern","AUT",TRUE,"15365","",1.37969627715267e-06
3245,713427667.525793,302447457.656796,1981,FALSE,1,"15365","AUT","Seckau Tauern","AUT",TRUE,"15365","",0.423935700034876
3245,713427667.525793,360414.086035937,1984,FALSE,1,"15365","AUT","Seckau Tauern","AUT",TRUE,"15365","",0.000505186583646066
3245,713427667.525793,59771.5975218759,1985,FALSE,1,"15365","AUT","Seckau Tauern","AUT",TRUE,"15365","",8.37808796078334e-05
3245,713427667.525793,83360295.7572274,1997,FALSE,1,"15365","AUT","Seckau Tauern","AUT",TRUE,"15365","",0.116844775653747
3245,713427667.525793,317.219686503173,2004,FALSE,1,"15365","AUT","Seckau Tauern","AUT",TRUE,"15365","",4.44641693815027e-07
3245,713427667.525793,NA,2006,FALSE,1,"15365","AUT","Seckau Tauern","AUT",TRUE,"15365","",NA
3245,713427667.525793,7327276.69646949,2015,FALSE,3,"15365","AUT","Seckau Tauern","AUT",TRUE,"15365","",0.0102705250020382
