"SitRecID","kba","ovl","year","random","nPAs","DOMAIN","range_countries","RangeName","COUNTRY","multiple_ranges","all_gmba_intersec","note","percPA"
1658,112578244.750636,74840304.3324182,2000,FALSE,4,"14950","ESP","Sierra de Albas","ESP",TRUE,"14950","",0.664784785889953
1658,112578244.750636,7625404.95301715,2006,FALSE,5,"14950","ESP","Sierra de Albas","ESP",TRUE,"14950","",0.0677342675745891
1658,112578244.750636,0.704214463600107,2015,FALSE,2,"14950","ESP","Sierra de Albas","ESP",TRUE,"14950","",6.25533348081561e-09
1658,112578244.750636,0.289699761396783,2019,FALSE,2,"14950","ESP","Sierra de Albas","ESP",TRUE,"14950","",2.57331922378499e-09
1659,160369925.026116,160367469.843967,2000,FALSE,3,"14950","ESP","Sierra de Albas","ESP",TRUE,"14950","",0.999984690507599
1660,4036555.10644594,3983549.63751027,2000,FALSE,3,"14950","ESP","Sierra de Albas","ESP",TRUE,"14950","",0.986868637355891
