"SitRecID","kba","ovl","year","random","nPAs","DOMAIN","range_countries","RangeName","COUNTRY","multiple_ranges","all_gmba_intersec","note","percPA"
19471,279853409.366663,116026058.005776,1995,FALSE,1,"13109","ARG","Cumbres Calchaquíes","ARG",TRUE,"13109","",0.41459583525659
19473,625027790.223367,259509949.126918,1995,FALSE,1,"13109","ARG","Cumbres Calchaquíes","ARG",TRUE,"13109","",0.41519745711495
19475,443286926.285452,0,0,FALSE,0,"13109","ARG","Cumbres Calchaquíes","ARG",NA,NA,"no pas overlapping kba",0
19583,123778518.309143,114290843.817426,1973,FALSE,1,"13109","ARG","Cumbres Calchaquíes","ARG",FALSE,"13109","",0.92334958746217
19586,6450614.53489816,6450631.27312989,1940,FALSE,1,"13109","ARG","Cumbres Calchaquíes","ARG",TRUE,"13109","",1.00000259482746
19587,679313816.331829,679312406.912126,1965,FALSE,1,"13109","ARG","Cumbres Calchaquíes","ARG",FALSE,"13109","",0.99999792523033
19588,1452098.70178351,0,0,FALSE,0,"13109","ARG","Cumbres Calchaquíes","ARG",NA,NA,"no pas overlapping kba",0
19592,3999578.98124027,3999921.84245157,1996,FALSE,1,"13109","ARG","Cumbres Calchaquíes","ARG",TRUE,"13109","",1.00008572432571
26261,268801806.736454,3999595.79377759,1996,FALSE,1,"13109","ARG","Cumbres Calchaquíes","ARG",TRUE,"13109","",0.0148793486261757
