"SitRecID","kba","ovl","year","random","nPAs","DOMAIN","range_countries","RangeName","COUNTRY","multiple_ranges","all_gmba_intersec","note","percPA"
2761,56831805.8023927,33939389.9668214,1995,FALSE,2,"19207","ITA","Tuscan Anti-Apennines","ITA",FALSE,"19207","",0.597190067914267
2761,56831805.8023927,15471982.6739818,2004,FALSE,3,"19207","ITA","Tuscan Anti-Apennines","ITA",FALSE,"19207","",0.272241616389575
2761,56831805.8023927,0.229184918922097,2016,FALSE,3,"19207","ITA","Tuscan Anti-Apennines","ITA",FALSE,"19207","",4.03268760663677e-09
2772,8387584.98797065,6630463.78598319,1999,FALSE,1,"19207","ITA","Tuscan Anti-Apennines","ITA",FALSE,"19207","",0.790509281931867
2772,8387584.98797065,1177.54274360836,2016,FALSE,2,"19207","ITA","Tuscan Anti-Apennines","ITA",FALSE,"19207","",0.000140391154938778
2864,831089.773935556,826694.710628137,2004,FALSE,1,"19207","ITA","Tuscan Anti-Apennines","ITA",TRUE,"19207","",0.994711686456438
24272,300133440.670781,62601488.6063678,1998,FALSE,4,"19207","ITA","Tuscan Anti-Apennines","ITA",FALSE,"19207","",0.208578852347999
24272,300133440.670781,NA,2016,FALSE,1,"19207","ITA","Tuscan Anti-Apennines","ITA",FALSE,"19207","",NA
