"SitRecID","kba","ovl","year","random","nPAs","DOMAIN","range_countries","RangeName","COUNTRY","multiple_ranges","all_gmba_intersec","note","percPA"
3097,169181.892033115,6105.45647193305,1984,FALSE,1,"20292","SVK","Ďumbierske Tatry","SVK",TRUE,"20292","",0.0360881202979927
3097,169181.892033115,138182.110093636,1997,FALSE,2,"20292","SVK","Ďumbierske Tatry","SVK",TRUE,"20292","",0.816766548908137
3097,169181.892033115,24895.9109306782,2002,FALSE,1,"20292","SVK","Ďumbierske Tatry","SVK",TRUE,"20292","",0.147154702146287
3099,614770453.98261,257590.654195726,1975,FALSE,2,"20292","SVK","Ďumbierske Tatry","SVK",TRUE,"20292","",0.000419002983189905
3099,614770453.98261,17418.6993021965,1988,FALSE,1,"20292","SVK","Ďumbierske Tatry","SVK",TRUE,"20292","",2.83336637103403e-05
3099,614770453.98261,614367940.562894,1997,FALSE,2,"20292","SVK","Ďumbierske Tatry","SVK",TRUE,"20292","",0.999345262256654
