"SitRecID","kba","ovl","year","random","nPAs","DOMAIN","range_countries","RangeName","COUNTRY","multiple_ranges","all_gmba_intersec","note","percPA"
1073,254359034.861482,6003633.86561193,1976,FALSE,1,"14790","GRC","Arethousia Mountains","GRC",FALSE,"14790","",0.0236029904299698
1073,254359034.861482,27550166.6838222,2001,FALSE,2,"14790","GRC","Arethousia Mountains","GRC",FALSE,"14790","",0.108312121481454
1073,254359034.861482,128943066.283579,2006,FALSE,1,"14790","GRC","Arethousia Mountains","GRC",FALSE,"14790","",0.506933305332749
1073,254359034.861482,88124940.5790511,2010,FALSE,1,"14790","GRC","Arethousia Mountains","GRC",FALSE,"14790","",0.346458857366878
1076,611791.112169611,1663.39329164289,2001,FALSE,1,"14790","GRC","Arethousia Mountains","GRC",TRUE,"14790","",0.00271889090664288
1076,611791.112169611,369477.420360133,2006,FALSE,1,"14790","GRC","Arethousia Mountains","GRC",TRUE,"14790","",0.603927407591531
