"SitRecID","kba","ovl","year","random","nPAs","DOMAIN","range_countries","RangeName","COUNTRY","multiple_ranges","all_gmba_intersec","note","percPA"
2311,93560096.3880757,20.1178452968597,1983,FALSE,1,"17907","FRA","Massif du Gar-Cagire","FRA",TRUE,"17907","",2.1502591461015e-07
2311,93560096.3880757,7137673.43439091,2003,FALSE,3,"17907","FRA","Massif du Gar-Cagire","FRA",TRUE,"17907","",0.0762897186935841
2311,93560096.3880757,39475483.2941836,2006,FALSE,1,"17907","FRA","Massif du Gar-Cagire","FRA",TRUE,"17907","",0.421926492363199
2311,93560096.3880757,0.0535448108071535,2008,FALSE,1,"17907","FRA","Massif du Gar-Cagire","FRA",TRUE,"17907","",5.72303929498493e-10
2311,93560096.3880757,27767915.6874715,2009,FALSE,1,"17907","FRA","Massif du Gar-Cagire","FRA",TRUE,"17907","",0.296792294572823
