"SitRecID","kba","ovl","year","random","nPAs","DOMAIN","range_countries","RangeName","COUNTRY","multiple_ranges","all_gmba_intersec","in_gmba","note","percPA"
1039,427122762.06753,36334071.7375901,1985,FALSE,1,"14787","GRC","Acarnanian Mountains","GRC",FALSE,"14787",TRUE,"",0.0850670462087092
1039,427122762.06753,49901842.4163964,2001,FALSE,1,"14787","GRC","Acarnanian Mountains","GRC",FALSE,"14787",TRUE,"",0.116832552249947
1039,427122762.06753,165446.818958981,2006,FALSE,1,"14787","GRC","Acarnanian Mountains","GRC",FALSE,"14787",TRUE,"",0.000387351912967877
1039,427122762.06753,38036729.149333,2008,FALSE,1,"14787","GRC","Acarnanian Mountains","GRC",FALSE,"14787",TRUE,"",0.0890533882231245
1158,20332682.3862334,4516069.94391106,1979,FALSE,1,"14787","GRC","Acarnanian Mountains","GRC",TRUE,"14787;19885",TRUE,"",0.222108911068652
1158,20332682.3862334,15264782.8896498,2006,FALSE,1,"14787","GRC","Acarnanian Mountains","GRC",TRUE,"14787;19885",TRUE,"",0.750751061748011
1158,20332682.3862334,1581.32967890985,2010,FALSE,1,"14787","GRC","Acarnanian Mountains","GRC",TRUE,"14787;19885",TRUE,"",7.7772801879821e-05
