"SitRecID","kba","ovl","year","random","nPAs","DOMAIN","range_countries","RangeName","COUNTRY","multiple_ranges","all_gmba_intersec","note","percPA"
19896,724674.773479104,0,0,FALSE,0,"14591","PRI","Sierra de Luquillo","PRI",NA,NA,"no pas overlapping kba",0
19645,153067465.981369,114388308.915392,1903,FALSE,1,"14591","PRI","Sierra de Luquillo","PRI",FALSE,"14591","",0.747306478107603
19645,153067465.981369,NA,1949,FALSE,1,"14591","PRI","Sierra de Luquillo","PRI",FALSE,"14591","",NA
19645,153067465.981369,513923.978872301,1980,FALSE,1,"14591","PRI","Sierra de Luquillo","PRI",FALSE,"14591","",0.00335749975069721
19645,153067465.981369,54148.8581503257,1987,FALSE,1,"14591","PRI","Sierra de Luquillo","PRI",FALSE,"14591","",0.000353758114457297
19645,153067465.981369,0.404845134122297,1989,FALSE,1,"14591","PRI","Sierra de Luquillo","PRI",FALSE,"14591","",2.64488035734238e-09
19645,153067465.981369,NA,2000,FALSE,1,"14591","PRI","Sierra de Luquillo","PRI",FALSE,"14591","",NA
27137,8924807.52679384,611.399787656963,1903,FALSE,1,"14591","PRI","Sierra de Luquillo","PRI",FALSE,"14591","",6.85056552560303e-05
