"SitRecID","kba","ovl","year","random","nPAs","DOMAIN","range_countries","RangeName","COUNTRY","multiple_ranges","all_gmba_intersec","note","percPA"
1768,876401.921275423,84370.1677054204,2001,FALSE,1,"14945","ESP","Sierra del Serrablo","ESP",TRUE,"14945","",0.0962688073328696
1768,876401.921275423,584057.350671891,2006,FALSE,2,"14945","ESP","Sierra del Serrablo","ESP",TRUE,"14945","",0.666426369561029
1780,172016612.007054,54449917.1508274,2001,FALSE,1,"14945","ESP","Sierra del Serrablo","ESP",TRUE,"14945","",0.316538713996963
1780,172016612.007054,19778591.5741198,2006,FALSE,2,"14945","ESP","Sierra del Serrablo","ESP",TRUE,"14945","",0.114980706475656
