"SitRecID","kba","ovl","year","random","nPAs","DOMAIN","range_countries","RangeName","COUNTRY","percPA"
26212,2218277655.37749,100371511.062419,1993,FALSE,2,"12208","USA","Southern Rocky Mountains","USA",0.0452474967771059
26212,2218277655.37749,1575875.19413487,1996,FALSE,1,"12208","USA","Southern Rocky Mountains","USA",0.000710404845089915
26212,2218277655.37749,32952447.2007357,1998,FALSE,1,"12208","USA","Southern Rocky Mountains","USA",0.0148549696296373
26212,2218277655.37749,3105296.18083614,2006,FALSE,1,"12208","USA","Southern Rocky Mountains","USA",0.00139986812440199
26212,2218277655.37749,1163234.27881068,2008,FALSE,1,"12208","USA","Southern Rocky Mountains","USA",0.000524386239923933
26212,2218277655.37749,4158520.75532505,2013,FALSE,1,"12208","USA","Southern Rocky Mountains","USA",0.00187466196814636
44529,8123057.81685996,0,0,FALSE,0,"12208","USA","Southern Rocky Mountains","USA",0
