"SitRecID","kba","ovl","year","random","nPAs","DOMAIN","range_countries","RangeName","COUNTRY","multiple_ranges","all_gmba_intersec","note","percPA"
1750,138093093.573711,53509094.2813384,2000,FALSE,1,"15098","ESP","Sierra de la Castuera","ESP",TRUE,"15098","",0.387485665622927
1750,138093093.573711,40738684.105583,2003,FALSE,1,"15098","ESP","Sierra de la Castuera","ESP",TRUE,"15098","",0.295008845491883
1750,138093093.573711,7.41127296350896e-05,2008,FALSE,1,"15098","ESP","Sierra de la Castuera","ESP",TRUE,"15098","",5.36686721378503e-13
1751,15093016.4338884,9196018.83075116,2000,FALSE,1,"15098","ESP","Sierra de la Castuera","ESP",FALSE,"15098","",0.609289658633334
1751,15093016.4338884,93192.4093390898,2003,FALSE,1,"15098","ESP","Sierra de la Castuera","ESP",FALSE,"15098","",0.00617453838649804
1751,15093016.4338884,791651.841961124,2004,FALSE,1,"15098","ESP","Sierra de la Castuera","ESP",FALSE,"15098","",0.0524515324970843
1751,15093016.4338884,551062.994609959,2008,FALSE,1,"15098","ESP","Sierra de la Castuera","ESP",FALSE,"15098","",0.0365111240038575
1752,168636.828760982,0,0,FALSE,0,"15098","ESP","Sierra de la Castuera","ESP",NA,NA,"no pas overlapping kba",0
1712,6453083.59189916,8359.26201464329,2003,FALSE,1,"15098","ESP","Sierra de la Castuera","ESP",TRUE,"15098","",0.00129539031930983
