"SitRecID","kba","ovl","year","random","nPAs","DOMAIN","range_countries","RangeName","COUNTRY","multiple_ranges","all_gmba_intersec","note","percPA"
1871,53434430.1746093,27888129.1262737,2006,FALSE,1,"19916","ESP","Sierra de Algodonales","ESP",FALSE,"19916","",0.521913100507347
1871,53434430.1746093,0.411224630250676,2015,FALSE,1,"19916","ESP","Sierra de Algodonales","ESP",FALSE,"19916","",7.69587378225809e-09
1870,174407940.174544,4225442.6174297,1984,FALSE,1,"19916","ESP","Sierra de Algodonales","ESP",TRUE,"19916","",0.0242273523395837
1870,174407940.174544,0.783150480712478,1987,FALSE,1,"19916","ESP","Sierra de Algodonales","ESP",TRUE,"19916","",4.49033730877573e-09
1870,174407940.174544,0.000367472683024062,1992,FALSE,1,"19916","ESP","Sierra de Algodonales","ESP",TRUE,"19916","",2.10697220927157e-12
1870,174407940.174544,325022.677412074,2006,FALSE,2,"19916","ESP","Sierra de Algodonales","ESP",TRUE,"19916","",0.00186357729520111
1870,174407940.174544,0.193672059972499,2015,FALSE,1,"19916","ESP","Sierra de Algodonales","ESP",TRUE,"19916","",1.11045437368664e-09
