"SitRecID","kba","ovl","year","random","nPAs","DOMAIN","range_countries","RangeName","COUNTRY","multiple_ranges","all_gmba_intersec","note","percPA"
26497,39352703.243126,29564.5304959794,2005,FALSE,1,"20942","AUS","Scenic Rim (nn)","AUS",FALSE,"20942","",0.000751270638596945
26497,39352703.243126,16547.5996414195,2008,FALSE,1,"20942","AUS","Scenic Rim (nn)","AUS",FALSE,"20942","",0.000420494610984825
26497,39352703.243126,31758.6430419404,2009,FALSE,1,"20942","AUS","Scenic Rim (nn)","AUS",FALSE,"20942","",0.000807025704072512
26497,39352703.243126,4080014.39179079,2014,FALSE,1,"20942","AUS","Scenic Rim (nn)","AUS",FALSE,"20942","",0.103678122607841
24332,13317478.6171797,13024628.0833165,1986,FALSE,1,"20942","AUS","Scenic Rim (nn)","AUS",TRUE,"20942","",0.978010061642944
24332,13317478.6171797,26.3745950646498,2013,FALSE,1,"20942","AUS","Scenic Rim (nn)","AUS",TRUE,"20942","",1.98044958980646e-06
24332,13317478.6171797,280804.040973889,2018,FALSE,1,"20942","AUS","Scenic Rim (nn)","AUS",TRUE,"20942","",0.0210853757716305
