"SitRecID","kba","ovl","year","random","nPAs","DOMAIN","range_countries","RangeName","COUNTRY","multiple_ranges","all_gmba_intersec","note","percPA"
9705,1375290187.8221,21826872.760984,2004,FALSE,1,"12095","PHL","Zambales Mountains","PHL",FALSE,"12095","",0.0158707398294966
9708,193865557.122984,496961.418277025,1968,FALSE,1,"12095","PHL","Zambales Mountains","PHL",FALSE,"12095","",0.00256343326608431
9708,193865557.122984,124411438.504093,1987,FALSE,1,"12095","PHL","Zambales Mountains","PHL",FALSE,"12095","",0.641740804041686
9708,193865557.122984,16232307.2013675,1992,FALSE,1,"12095","PHL","Zambales Mountains","PHL",FALSE,"12095","",0.0837297116736941
9708,193865557.122984,334065.202463328,2000,FALSE,1,"12095","PHL","Zambales Mountains","PHL",FALSE,"12095","",0.00172317975106535
9709,120848856.121952,118785083.352398,1919,FALSE,1,"12095","PHL","Zambales Mountains","PHL",FALSE,"12095","",0.982922695044201
