"SitRecID","kba","ovl","year","random","nPAs","DOMAIN","range_countries","RangeName","COUNTRY","multiple_ranges","all_gmba_intersec","note","percPA"
2165,210146.220689617,210146.220689617,1967,FALSE,1,"17975","FRA;ESP","Sierra de los Angeles","FRA",TRUE,"17975","",1
1766,34938851.4381514,492369.659110633,1967,FALSE,1,"17975","FRA;ESP","Sierra de los Angeles","ESP",TRUE,"17975","",0.0140923252724041
1766,34938851.4381514,33369097.6009691,1993,FALSE,1,"17975","FRA;ESP","Sierra de los Angeles","ESP",TRUE,"17975","",0.955071395521944
1766,34938851.4381514,448715.689304786,2003,FALSE,3,"17975","FRA;ESP","Sierra de los Angeles","ESP",TRUE,"17975","",0.012842886094842
1777,5846676.91938347,752.144451387227,2001,FALSE,1,"17975","FRA;ESP","Sierra de los Angeles","ESP",TRUE,"17975","",0.000128644777496366
1777,5846676.91938347,3247.20246367902,2006,FALSE,1,"17975","FRA;ESP","Sierra de los Angeles","ESP",TRUE,"17975","",0.000555392833989779
