"SitRecID","kba","ovl","year","random","nPAs","DOMAIN","range_countries","RangeName","COUNTRY","multiple_ranges","all_gmba_intersec","in_gmba","note","percPA"
370,447628161.567487,144143602.720602,1976,FALSE,1,"17851","PRT","Serra de Montejunto","PRT",FALSE,"17851",TRUE,"",0.322016385689063
370,447628161.567487,4233076.56200801,1980,FALSE,1,"17851","PRT","Serra de Montejunto","PRT",FALSE,"17851",TRUE,"",0.00945668062345494
370,447628161.567487,290497443.566986,1988,FALSE,1,"17851","PRT","Serra de Montejunto","PRT",FALSE,"17851",TRUE,"",0.648970436868255
19678,1957641.02841529,302904.856527919,1988,FALSE,1,"17851","PRT","Serra de Montejunto","PRT",FALSE,"17851",TRUE,"",0.154729519933039
19678,1957641.02841529,0.00374120846390724,2008,FALSE,1,"17851","PRT","Serra de Montejunto","PRT",FALSE,"17851",TRUE,"",1.91107992200988e-09
26974,1335006418.85349,381323.145540062,1981,FALSE,1,"17851","PRT","Serra de Montejunto","PRT",FALSE,"17851",TRUE,"",0.000285633941646172
26974,1335006418.85349,82831658.5300902,2008,FALSE,1,"17851","PRT","Serra de Montejunto","PRT",FALSE,"17851",TRUE,"",0.0620458878401698
26974,1335006418.85349,1251350835.50521,2015,FALSE,1,"17851","PRT","Serra de Montejunto","PRT",FALSE,"17851",TRUE,"",0.937336942978804
49064,144462487.576822,144462485.9694,1981,FALSE,1,"17851","PRT","Serra de Montejunto","PRT",FALSE,"17851",TRUE,"",0.999999988873086
