"SitRecID","kba","ovl","year","random","nPAs","DOMAIN","range_countries","RangeName","COUNTRY","multiple_ranges","all_gmba_intersec","note","percPA"
22018,256284524.375681,17019262.5043412,1982,FALSE,1,"20419","SWE","Steinfjellet","SWE",TRUE,"20419","",0.0664076871040135
22018,256284524.375681,14497548.3314178,1994,FALSE,1,"20419","SWE","Steinfjellet","SWE",TRUE,"20419","",0.0565681769772651
22018,256284524.375681,35800885.836873,2002,FALSE,1,"20419","SWE","Steinfjellet","SWE",TRUE,"20419","",0.139691953402513
22018,256284524.375681,7307491.49047536,2003,FALSE,4,"20419","SWE","Steinfjellet","SWE",TRUE,"20419","",0.0285131984003977
22018,256284524.375681,10812299.9704284,2017,FALSE,1,"20419","SWE","Steinfjellet","SWE",TRUE,"20419","",0.0421886573009726
22018,256284524.375681,787.917702652534,2018,FALSE,1,"20419","SWE","Steinfjellet","SWE",TRUE,"20419","",3.07438658097648e-06
