"SitRecID","kba","ovl","year","random","nPAs","DOMAIN","range_countries","RangeName","COUNTRY","multiple_ranges","all_gmba_intersec","note","percPA"
44594,15528315.5747723,423302.709748828,1907,FALSE,1,"13881","NZL","Muntz Range","NZL",TRUE,"13881","",0.0272600532691735
44594,15528315.5747723,6949.10739929148,1925,FALSE,1,"13881","NZL","Muntz Range","NZL",TRUE,"13881","",0.000447511989682976
44594,15528315.5747723,675.982488641515,1935,FALSE,1,"13881","NZL","Muntz Range","NZL",TRUE,"13881","",4.35322482587703e-05
44594,15528315.5747723,103179.565445175,1996,FALSE,1,"13881","NZL","Muntz Range","NZL",TRUE,"13881","",0.00664460771346014
44594,15528315.5747723,30891.3241000958,2005,FALSE,1,"13881","NZL","Muntz Range","NZL",TRUE,"13881","",0.00198935447643032
