"SitRecID","kba","ovl","year","random","nPAs","DOMAIN","range_countries","RangeName","COUNTRY","multiple_ranges","all_gmba_intersec","note","percPA"
2154,2542744.64280498,812.508286893368,2004,FALSE,1,"15124","FRA","Aubrac","FRA",TRUE,"15124","",0.000319539867753714
2154,2542744.64280498,555448.103864193,2006,FALSE,1,"15124","FRA","Aubrac","FRA",TRUE,"15124","",0.218444311911502
2154,2542744.64280498,1986415.20952899,2018,FALSE,2,"15124","FRA","Aubrac","FRA",TRUE,"15124","",0.781209082535993
