"SitRecID","kba","ovl","year","random","nPAs","DOMAIN","range_countries","RangeName","COUNTRY","multiple_ranges","all_gmba_intersec","note","percPA"
3096,6941122.11260033,4882397.0232354,1988,FALSE,2,"20273","SVK","Oravska vrchovina","SVK",TRUE,"20273","",0.703401689817891
3096,6941122.11260033,44451.2666570991,1998,FALSE,1,"20273","SVK","Oravska vrchovina","SVK",TRUE,"20273","",0.00640404619541357
3096,6941122.11260033,812570.913136497,2004,FALSE,4,"20273","SVK","Oravska vrchovina","SVK",TRUE,"20273","",0.117066217818215
3096,6941122.11260033,555.852915102101,2011,FALSE,2,"20273","SVK","Oravska vrchovina","SVK",TRUE,"20273","",8.00811318523057e-05
3110,13116115.9174394,2050.4022590816,1988,FALSE,1,"20273","SVK","Oravska vrchovina","SVK",TRUE,"20273","",0.00015632693946806
3110,13116115.9174394,20.3355783745646,2004,FALSE,1,"20273","SVK","Oravska vrchovina","SVK",TRUE,"20273","",1.55042685674393e-06
3110,13116115.9174394,11475036.6307504,2011,FALSE,2,"20273","SVK","Oravska vrchovina","SVK",TRUE,"20273","",0.874880696616368
