"SitRecID","kba","ovl","year","random","nPAs","DOMAIN","range_countries","RangeName","COUNTRY","multiple_ranges","all_gmba_intersec","note","percPA"
7155,1187399368.99939,25123843.6501205,1978,FALSE,1,"11540","ZAF","Kouebokkeveldberge","ZAF",TRUE,"11540","",0.0211587139980479
7155,1187399368.99939,386223675.466556,1979,FALSE,1,"11540","ZAF","Kouebokkeveldberge","ZAF",TRUE,"11540","",0.325268553740284
7155,1187399368.99939,279551640.904015,1981,FALSE,1,"11540","ZAF","Kouebokkeveldberge","ZAF",TRUE,"11540","",0.235431859071637
7155,1187399368.99939,NA,1982,FALSE,1,"11540","ZAF","Kouebokkeveldberge","ZAF",TRUE,"11540","",NA
7155,1187399368.99939,241323629.329209,1985,FALSE,1,"11540","ZAF","Kouebokkeveldberge","ZAF",TRUE,"11540","",0.203237121081319
7155,1187399368.99939,1553187.03644925,2001,FALSE,1,"11540","ZAF","Kouebokkeveldberge","ZAF",TRUE,"11540","",0.00130805782536175
7155,1187399368.99939,29140709.6263253,2004,FALSE,1,"11540","ZAF","Kouebokkeveldberge","ZAF",TRUE,"11540","",0.0245416246522701
7155,1187399368.99939,4865317.23591278,2015,FALSE,2,"11540","ZAF","Kouebokkeveldberge","ZAF",TRUE,"11540","",0.0040974564775226
