"SitRecID","kba","ovl","year","random","nPAs","DOMAIN","range_countries","RangeName","COUNTRY","multiple_ranges","all_gmba_intersec","note","percPA"
23442,395447034.824886,5746494.95383986,1924,FALSE,1,"15672","RUS;GEO","Aibga Ridge","RUS",TRUE,"15672","",0.0145316425406618
23442,395447034.824886,378902761.413831,1983,FALSE,1,"15672","RUS;GEO","Aibga Ridge","RUS",TRUE,"15672","",0.958163111734088
23442,395447034.824886,NA,1999,FALSE,1,"15672","RUS;GEO","Aibga Ridge","RUS",TRUE,"15672","",NA
1486,80714702.3561401,9800488.24744204,1924,FALSE,1,"15672","RUS;GEO","Aibga Ridge","RUS",TRUE,"15672","",0.121421351517832
1486,80714702.3561401,70826265.5764227,1983,FALSE,1,"15672","RUS;GEO","Aibga Ridge","RUS",TRUE,"15672","",0.877489026273226
135,43779834.2622106,43262732.0816808,1930,FALSE,1,"15672","RUS;GEO","Aibga Ridge","GEO",TRUE,"15672","",0.988188576104864
