"SitRecID","kba","ovl","year","random","nPAs","DOMAIN","range_countries","RangeName","COUNTRY","multiple_ranges","all_gmba_intersec","note","percPA"
1830,63289518.6386368,51605.6399895014,2000,FALSE,1,"15110","ESP","Sierra del Ricote","ESP",FALSE,"15110","",0.000815389990310296
1830,63289518.6386368,62740783.946845,2001,FALSE,1,"15110","ESP","Sierra del Ricote","ESP",FALSE,"15110","",0.99132976986403
1911,86473908.0268935,56274416.3750958,2000,FALSE,1,"15110","ESP","Sierra del Ricote","ESP",FALSE,"15110","",0.650767585958927
1911,86473908.0268935,39294.1977882051,2001,FALSE,1,"15110","ESP","Sierra del Ricote","ESP",FALSE,"15110","",0.000454405249916363
1911,86473908.0268935,2.35050867421564,2006,FALSE,1,"15110","ESP","Sierra del Ricote","ESP",FALSE,"15110","",2.71817098110638e-08
