"SitRecID","kba","ovl","year","random","nPAs","DOMAIN","range_countries","RangeName","COUNTRY","multiple_ranges","all_gmba_intersec","note","percPA"
874,196367004.353691,189888613.032057,1996,FALSE,1,"20516","SWE","Guvertfjallet","SWE",TRUE,"20516","",0.967008758202751
874,196367004.353691,124738.548326779,2003,FALSE,2,"20516","SWE","Guvertfjallet","SWE",TRUE,"20516","",0.000635231711851667
874,196367004.353691,3228.67678291654,2013,FALSE,1,"20516","SWE","Guvertfjallet","SWE",TRUE,"20516","",1.64420534577241e-05
874,196367004.353691,1.05946378979012,2018,FALSE,1,"20516","SWE","Guvertfjallet","SWE",TRUE,"20516","",5.39532490846497e-09
