"SitRecID","kba","ovl","year","random","nPAs","DOMAIN","range_countries","RangeName","COUNTRY","multiple_ranges","all_gmba_intersec","note","percPA"
413,69292355.7112108,4297532.11044203,1949,FALSE,1,"20962","BGR;SRB","Western Pre-Balkans","BGR",TRUE,"20962","",0.0620202916516913
413,69292355.7112108,10003.6075629016,1971,FALSE,1,"20962","BGR;SRB","Western Pre-Balkans","BGR",TRUE,"20962","",0.0001443681263283
413,69292355.7112108,12937.1095971733,1976,FALSE,1,"20962","BGR;SRB","Western Pre-Balkans","BGR",TRUE,"20962","",0.000186703272884691
413,69292355.7112108,64908833.6475007,2007,FALSE,1,"20962","BGR;SRB","Western Pre-Balkans","BGR",TRUE,"20962","",0.936738735193543
3131,27588250.2388728,11528.9522903567,1986,FALSE,1,"20962","BGR;SRB","Western Pre-Balkans","SRB",TRUE,"20962","",0.000417893566664549
3131,27588250.2388728,3472510.88468615,1997,FALSE,1,"20962","BGR;SRB","Western Pre-Balkans","SRB",TRUE,"20962","",0.125869196292604
