"SitRecID","kba","ovl","year","random","nPAs","DOMAIN","range_countries","RangeName","COUNTRY","multiple_ranges","all_gmba_intersec","note","percPA"
1658,319515.302823557,156020.198162578,2000,FALSE,2,"17878","ESP","Sierra de Isar","ESP",TRUE,"17878","",0.488302741007481
1658,319515.302823557,163485.528047065,2006,FALSE,4,"17878","ESP","Sierra de Isar","ESP",TRUE,"17878","",0.511667286675608
1660,225075569.361521,56752912.9165776,1988,FALSE,1,"17878","ESP","Sierra de Isar","ESP",TRUE,"17878","",0.252150480292332
1660,225075569.361521,87701706.6702198,2000,FALSE,3,"17878","ESP","Sierra de Isar","ESP",TRUE,"17878","",0.389654492129049
1660,225075569.361521,45653479.0093439,2006,FALSE,7,"17878","ESP","Sierra de Isar","ESP",TRUE,"17878","",0.202836225801186
1660,225075569.361521,0.216639865249999,2015,FALSE,3,"17878","ESP","Sierra de Isar","ESP",TRUE,"17878","",9.62520569711533e-10
1660,225075569.361521,0.895920486591223,2019,FALSE,1,"17878","ESP","Sierra de Isar","ESP",TRUE,"17878","",3.98053191260477e-09
