"SitRecID","kba","ovl","year","random","nPAs","DOMAIN","range_countries","RangeName","COUNTRY","multiple_ranges","all_gmba_intersec","note","percPA"
1024,84502531.8522944,73058882.6502362,2002,FALSE,1,"11667","GRC;ALB","Nemërçka Mountains","GRC",TRUE,"11667","",0.864576256459853
1025,472429.047170624,443379.482938202,1973,FALSE,2,"11667","GRC;ALB","Nemërçka Mountains","GRC",TRUE,"11667","",0.938510207180529
1025,472429.047170624,18235.3426896519,1987,FALSE,1,"11667","GRC;ALB","Nemërçka Mountains","GRC",TRUE,"11667","",0.0385991140867889
1025,472429.047170624,10813.5457743978,2005,FALSE,2,"11667","GRC;ALB","Nemërçka Mountains","GRC",TRUE,"11667","",0.0228892483202718
46627,278742697.742224,654400.736104414,2002,FALSE,1,"11667","GRC;ALB","Nemërçka Mountains","ALB",TRUE,"11667","",0.00234768746017372
46627,278742697.742224,168606.327490576,2008,FALSE,1,"11667","GRC;ALB","Nemërçka Mountains","ALB",TRUE,"11667","",0.000604881594589787
46627,278742697.742224,54879697.2533446,2018,FALSE,1,"11667","GRC;ALB","Nemërçka Mountains","ALB",TRUE,"11667","",0.196882995313823
