"SitRecID","kba","ovl","year","random","nPAs","DOMAIN","range_countries","RangeName","COUNTRY","multiple_ranges","all_gmba_intersec","note","percPA"
31545,2830151116.6711,2801664807.27599,2010,FALSE,1,"15749","MMR","Mangin Range","MMR",TRUE,"15749","",0.989934703759346
16262,175082.080864124,383.597933866084,2010,FALSE,1,"15749","MMR","Mangin Range","MMR",TRUE,"15749","",0.00219096055960051
16258,99066940.7860226,96755047.7285852,2004,FALSE,1,"15749","MMR","Mangin Range","MMR",TRUE,"15749","",0.976663324423928
16258,99066940.7860226,4.27067279815674e-05,2016,FALSE,1,"15749","MMR","Mangin Range","MMR",TRUE,"15749","",4.31089601058852e-13
16259,58711.1044639945,37231.7949514985,2004,FALSE,1,"15749","MMR","Mangin Range","MMR",TRUE,"15749","",0.634152521765818
16276,16800194.6817865,0,0,FALSE,0,"15749","MMR","Mangin Range","MMR",NA,NA,"no pas overlapping kba",0
16692,4000908.48963904,0,0,FALSE,0,"15749","MMR","Mangin Range","MMR",NA,NA,"no pas overlapping kba",0
