"SitRecID","kba","ovl","year","random","nPAs","DOMAIN","range_countries","RangeName","COUNTRY","multiple_ranges","all_gmba_intersec","note","percPA"
44625,1081295.03149059,94209.910740695,1987,FALSE,1,"11416","NZL","Humboldt Mountains","NZL",TRUE,"11416","",0.0871269246570236
44625,1081295.03149059,117499.165198371,1990,FALSE,1,"11416","NZL","Humboldt Mountains","NZL",TRUE,"11416","",0.108665222512301
44625,1081295.03149059,253362.539247446,2006,FALSE,1,"11416","NZL","Humboldt Mountains","NZL",TRUE,"11416","",0.234313977100384
44624,8154790.22020045,287201.418699268,1958,FALSE,1,"11416","NZL","Humboldt Mountains","NZL",TRUE,"11416","",0.0352187378147183
44624,8154790.22020045,747170.815686632,1964,FALSE,1,"11416","NZL","Humboldt Mountains","NZL",TRUE,"11416","",0.0916235483085506
44624,8154790.22020045,71514.089183202,1987,FALSE,4,"11416","NZL","Humboldt Mountains","NZL",TRUE,"11416","",0.00876958048608688
44624,8154790.22020045,1853138.32667876,1990,FALSE,1,"11416","NZL","Humboldt Mountains","NZL",TRUE,"11416","",0.227245370713314
44624,8154790.22020045,50648.5825794626,1998,FALSE,2,"11416","NZL","Humboldt Mountains","NZL",TRUE,"11416","",0.00621089950959126
44624,8154790.22020045,26731.0229973374,2006,FALSE,1,"11416","NZL","Humboldt Mountains","NZL",TRUE,"11416","",0.00327795348200635
