"SitRecID","kba","ovl","year","random","nPAs","DOMAIN","range_countries","RangeName","COUNTRY","multiple_ranges","all_gmba_intersec","note","percPA"
2292,154124200.73544,815398.406717016,1973,FALSE,1,"15058","FRA","Massif des Albères","FRA",FALSE,"15058","",0.00529052804703058
2292,154124200.73544,50927.0089096566,1974,FALSE,1,"15058","FRA","Massif des Albères","FRA",FALSE,"15058","",0.000330428373134436
2292,154124200.73544,1251.60220152496,1991,FALSE,1,"15058","FRA","Massif des Albères","FRA",FALSE,"15058","",8.1207376619158e-06
2292,154124200.73544,95550.7823367672,1995,FALSE,1,"15058","FRA","Massif des Albères","FRA",FALSE,"15058","",0.000619959629187526
2292,154124200.73544,54709876.0226619,2006,FALSE,4,"15058","FRA","Massif des Albères","FRA",FALSE,"15058","",0.354972650379375
2292,154124200.73544,6.21135494194335e-09,2008,FALSE,1,"15058","FRA","Massif des Albères","FRA",FALSE,"15058","",4.03009709851172e-17
2292,154124200.73544,0.000754624288061885,2011,FALSE,1,"15058","FRA","Massif des Albères","FRA",FALSE,"15058","",4.89620893059634e-12
2292,154124200.73544,3292228.20766345,2014,FALSE,1,"15058","FRA","Massif des Albères","FRA",FALSE,"15058","",0.0213608777333722
