"SitRecID","kba","ovl","year","random","nPAs","DOMAIN","range_countries","RangeName","COUNTRY","multiple_ranges","all_gmba_intersec","note","percPA"
1653,398260953.801614,66706896.3926088,1987,TRUE,1,"17870","ESP","Macizo de Somiedo","ESP",TRUE,"17870","",0.167495446781452
1653,398260953.801614,127342938.134888,1988,TRUE,1,"17870","ESP","Macizo de Somiedo","ESP",TRUE,"17870","",0.319747484455434
1653,398260953.801614,600.239115664701,1989,TRUE,1,"17870","ESP","Macizo de Somiedo","ESP",TRUE,"17870","",1.50715029915711e-06
1653,398260953.801614,176761469.400499,2000,TRUE,1,"17870","ESP","Macizo de Somiedo","ESP",TRUE,"17870","",0.443833289990436
1653,398260953.801614,0.000544548034667969,2002,TRUE,1,"17870","ESP","Macizo de Somiedo","ESP",TRUE,"17870","",1.36731464500842e-12
1653,398260953.801614,0.111076226234388,2003,TRUE,2,"17870","ESP","Macizo de Somiedo","ESP",TRUE,"17870","",2.78903129152146e-10
1653,398260953.801614,27408321.807974,2006,TRUE,1,"17870","ESP","Macizo de Somiedo","ESP",TRUE,"17870","",0.0688200074507602
