"SitRecID","kba","ovl","year","random","nPAs","DOMAIN","range_countries","RangeName","COUNTRY","multiple_ranges","all_gmba_intersec","note","percPA"
1059,64402.9995866418,47026.6655584788,2002,FALSE,1,"19965","GRC","Kyllini Mountains","GRC",TRUE,"19965","",0.730193715514967
1059,64402.9995866418,8956.88819135157,2003,FALSE,1,"19965","GRC","Kyllini Mountains","GRC",TRUE,"19965","",0.13907563698647
1059,64402.9995866418,6.3361478515522e-06,2006,FALSE,1,"19965","GRC","Kyllini Mountains","GRC",TRUE,"19965","",9.83828065807422e-11
1120,197506904.415732,12304056.0492929,2001,FALSE,1,"19965","GRC","Kyllini Mountains","GRC",TRUE,"19965","",0.0622968401316953
1120,197506904.415732,156728586.18567,2006,FALSE,1,"19965","GRC","Kyllini Mountains","GRC",TRUE,"19965","",0.793534720466136
1120,197506904.415732,22088220.6022205,2010,FALSE,1,"19965","GRC","Kyllini Mountains","GRC",TRUE,"19965","",0.111835182003192
1121,3582.41659080982,2267.31777956977,2009,FALSE,2,"19965","GRC","Kyllini Mountains","GRC",TRUE,"19965","",0.632901763961859
1121,3582.41659080982,NA,2010,FALSE,1,"19965","GRC","Kyllini Mountains","GRC",TRUE,"19965","",NA
