"SitRecID","kba","ovl","year","random","nPAs","DOMAIN","range_countries","RangeName","COUNTRY","multiple_ranges","all_gmba_intersec","note","percPA"
1916,57730319.5736122,1413946.89648233,2004,FALSE,1,"17994","ESP","Sierra de la Murta","ESP",TRUE,"17994","",0.02449227558284
1916,57730319.5736122,111.269508515834,2006,FALSE,4,"17994","ESP","Sierra de la Murta","ESP",TRUE,"17994","",1.92740156884033e-06
1916,57730319.5736122,33342241.3015542,2009,FALSE,1,"17994","ESP","Sierra de la Murta","ESP",TRUE,"17994","",0.577551649597909
1916,57730319.5736122,3063.29309128029,2011,FALSE,3,"17994","ESP","Sierra de la Murta","ESP",TRUE,"17994","",5.30621190720116e-05
30022,207136.227316227,207136.227316227,2009,FALSE,1,"17994","ESP","Sierra de la Murta","ESP",FALSE,"17994","",1
