"SitRecID","kba","ovl","year","random","nPAs","DOMAIN","range_countries","RangeName","COUNTRY","multiple_ranges","all_gmba_intersec","note","percPA"
1648,1470655.1695143,30981.2592668533,1990,FALSE,1,"17816","ESP","Sierra de los Oscos","ESP",TRUE,"17816","",0.0210662974632491
1648,1470655.1695143,5141.67571568489,1994,FALSE,1,"17816","ESP","Sierra de los Oscos","ESP",TRUE,"17816","",0.00349618035707376
1648,1470655.1695143,902.552657555323,2003,FALSE,1,"17816","ESP","Sierra de los Oscos","ESP",TRUE,"17816","",0.000613707874058199
1648,1470655.1695143,0.000402307208284881,2014,FALSE,2,"17816","ESP","Sierra de los Oscos","ESP",TRUE,"17816","",2.73556450638083e-10
