"SitRecID","kba","ovl","year","random","nPAs","DOMAIN","range_countries","RangeName","COUNTRY","multiple_ranges","all_gmba_intersec","note","percPA"
1873,383487760.977841,28329503.4063903,1989,FALSE,3,"15064","ESP","Sierra Bermeja (Spain)","ESP",TRUE,"15064","",0.0738732921597131
1873,383487760.977841,211288.897519963,1992,FALSE,3,"15064","ESP","Sierra Bermeja (Spain)","ESP",TRUE,"15064","",0.000550966468867756
1873,383487760.977841,1.09491309458469,2002,FALSE,3,"15064","ESP","Sierra Bermeja (Spain)","ESP",TRUE,"15064","",2.85514482077032e-09
1873,383487760.977841,338352033.27077,2006,FALSE,9,"15064","ESP","Sierra Bermeja (Spain)","ESP",TRUE,"15064","",0.882302038552726
1873,383487760.977841,NA,2011,FALSE,1,"15064","ESP","Sierra Bermeja (Spain)","ESP",TRUE,"15064","",NA
1873,383487760.977841,0.421657238297378,2015,FALSE,6,"15064","ESP","Sierra Bermeja (Spain)","ESP",TRUE,"15064","",1.0995324524105e-09
1870,11504680.6784056,11504674.4530627,2006,FALSE,2,"15064","ESP","Sierra Bermeja (Spain)","ESP",TRUE,"15064","",0.999999458886074
