"SitRecID","kba","ovl","year","random","nPAs","DOMAIN","range_countries","RangeName","COUNTRY","multiple_ranges","all_gmba_intersec","in_gmba","note","percPA"
30001,100403024.006034,223732.377093166,1987,TRUE,1,"15033","ESP","Montes Universales","ESP",TRUE,"14997;15033",TRUE,"",0.00222834301364988
30001,100403024.006034,697777.39749923,2001,TRUE,1,"15033","ESP","Montes Universales","ESP",TRUE,"14997;15033",TRUE,"",0.00694976475466811
30001,100403024.006034,13936584.8263892,2005,TRUE,1,"15033","ESP","Montes Universales","ESP",TRUE,"14997;15033",TRUE,"",0.138806425049027
30001,100403024.006034,2806038.03850982,2006,TRUE,1,"15033","ESP","Montes Universales","ESP",TRUE,"14997;15033",TRUE,"",0.027947744266559
30001,100403024.006034,27249380.4861564,2009,TRUE,1,"15033","ESP","Montes Universales","ESP",TRUE,"14997;15033",TRUE,"",0.271399997718384
