"SitRecID","kba","ovl","year","random","nPAs","DOMAIN","range_countries","RangeName","COUNTRY","multiple_ranges","all_gmba_intersec","note","percPA"
1769,37681134.2888852,10618778.3756757,1918,FALSE,1,"14946","ESP","Sierras de la Corona y Bolave","ESP",TRUE,"14946","",0.281806229458647
1769,37681134.2888852,529359.412610826,1988,FALSE,1,"14946","ESP","Sierras de la Corona y Bolave","ESP",TRUE,"14946","",0.0140483937811546
1769,37681134.2888852,731184.748693826,1997,FALSE,1,"14946","ESP","Sierras de la Corona y Bolave","ESP",TRUE,"14946","",0.0194045312725499
1769,37681134.2888852,0.0212467879281173,2003,FALSE,1,"14946","ESP","Sierras de la Corona y Bolave","ESP",TRUE,"14946","",5.63857440310242e-10
1769,37681134.2888852,9906271.61384916,2006,FALSE,3,"14946","ESP","Sierras de la Corona y Bolave","ESP",TRUE,"14946","",0.262897383552788
1770,2226.25214018673,0,0,FALSE,0,"14946","ESP","Sierras de la Corona y Bolave","ESP",NA,NA,"no pas overlapping kba",0
1780,43753148.2123753,2132607.19044977,2001,FALSE,1,"14946","ESP","Sierras de la Corona y Bolave","ESP",TRUE,"14946","",0.0487417997922851
1780,43753148.2123753,17998357.2518157,2006,FALSE,3,"14946","ESP","Sierras de la Corona y Bolave","ESP",TRUE,"14946","",0.411361421684509
