"SitRecID","kba","ovl","year","random","nPAs","DOMAIN","range_countries","RangeName","COUNTRY","multiple_ranges","all_gmba_intersec","note","percPA"
28560,77044.7639957368,64733.6078843448,1987,FALSE,1,"13592","NZL","Thomson Mountains","NZL",TRUE,"13592","",0.840207751015068
28560,77044.7639957368,12311.8392689265,1990,FALSE,1,"13592","NZL","Thomson Mountains","NZL",TRUE,"13592","",0.159801116005856
44625,2303983.17579511,3426.20723157935,1987,FALSE,1,"13592","NZL","Thomson Mountains","NZL",TRUE,"13592","",0.00148707996984264
44625,2303983.17579511,123802.888525929,2006,FALSE,2,"13592","NZL","Thomson Mountains","NZL",TRUE,"13592","",0.0537342849663842
28555,16432602.823163,212044.255501419,1987,FALSE,2,"13592","NZL","Thomson Mountains","NZL",TRUE,"13592","",0.012903875167148
28555,16432602.823163,235772.566699108,1997,FALSE,1,"13592","NZL","Thomson Mountains","NZL",TRUE,"13592","",0.0143478528165221
28555,16432602.823163,41338.6899106274,1998,FALSE,1,"13592","NZL","Thomson Mountains","NZL",TRUE,"13592","",0.00251565076789645
28555,16432602.823163,27639.8682280416,2018,FALSE,1,"13592","NZL","Thomson Mountains","NZL",TRUE,"13592","",0.00168201401357313
