"SitRecID","kba","ovl","year","random","nPAs","DOMAIN","range_countries","RangeName","COUNTRY","multiple_ranges","all_gmba_intersec","in_gmba","note","percPA"
26006,516113238.807662,11959.3101039305,1982,TRUE,1,"16303","USA","Great Salt Lake Islands","USA",FALSE,"16303",TRUE,"",2.31718723812612e-05
26006,516113238.807662,14438241.5558974,1985,TRUE,2,"16303","USA","Great Salt Lake Islands","USA",FALSE,"16303",TRUE,"",0.027974949042681
26006,516113238.807662,25131.6583892703,1986,TRUE,1,"16303","USA","Great Salt Lake Islands","USA",FALSE,"16303",TRUE,"",4.86940781587585e-05
26006,516113238.807662,271958.556442261,1987,TRUE,1,"16303","USA","Great Salt Lake Islands","USA",FALSE,"16303",TRUE,"",0.000526935827243157
26006,516113238.807662,342885.491986156,1997,TRUE,1,"16303","USA","Great Salt Lake Islands","USA",FALSE,"16303",TRUE,"",0.000664360970042734
26006,516113238.807662,423129.097754955,1999,TRUE,1,"16303","USA","Great Salt Lake Islands","USA",FALSE,"16303",TRUE,"",0.000819837713778625
26005,2105479797.79455,0,0,FALSE,0,"16303","USA","Great Salt Lake Islands","USA",NA,NA,NA,"no pas overlapping kba",0
