"SitRecID","kba","ovl","year","random","nPAs","DOMAIN","range_countries","RangeName","COUNTRY","multiple_ranges","all_gmba_intersec","note","percPA"
7147,1970678845.23329,10127419.1031617,1993,FALSE,1,"11541","ZAF","Kougaberge","ZAF",TRUE,"11541","",0.00513905100653925
7147,1970678845.23329,13587605.9975593,1996,FALSE,2,"11541","ZAF","Kougaberge","ZAF",TRUE,"11541","",0.00689488600865901
7147,1970678845.23329,1020434025.75695,2004,FALSE,1,"11541","ZAF","Kougaberge","ZAF",TRUE,"11541","",0.517808382743435
7147,1970678845.23329,22695465.8693008,2013,FALSE,1,"11541","ZAF","Kougaberge","ZAF",TRUE,"11541","",0.0115165725375279
7147,1970678845.23329,51191791.7705641,2014,FALSE,1,"11541","ZAF","Kougaberge","ZAF",TRUE,"11541","",0.0259767297418287
7147,1970678845.23329,12502977.5679598,2015,FALSE,1,"11541","ZAF","Kougaberge","ZAF",TRUE,"11541","",0.00634450285910472
7147,1970678845.23329,11772450.6262131,2016,FALSE,2,"11541","ZAF","Kougaberge","ZAF",TRUE,"11541","",0.00597380473976695
