"SitRecID","kba","ovl","year","random","nPAs","DOMAIN","range_countries","RangeName","COUNTRY","multiple_ranges","all_gmba_intersec","note","percPA"
27130,76352812.6004583,15627.4593015835,2003,FALSE,1,"19686","AUS","South East Coastal Ranges (nn)","AUS",TRUE,"19686","",0.00020467431086474
27130,76352812.6004583,26171110.8000596,2006,FALSE,1,"19686","AUS","South East Coastal Ranges (nn)","AUS",TRUE,"19686","",0.342765510643449
27130,76352812.6004583,2538083.44627198,2015,FALSE,1,"19686","AUS","South East Coastal Ranges (nn)","AUS",TRUE,"19686","",0.0332415186792576
27130,76352812.6004583,3388804.41555135,2016,FALSE,1,"19686","AUS","South East Coastal Ranges (nn)","AUS",TRUE,"19686","",0.0443834915851026
23844,131829585.784788,26000531.3976566,1992,FALSE,1,"19686","AUS","South East Coastal Ranges (nn)","AUS",FALSE,"19686","",0.197228347816418
23844,131829585.784788,91609361.4492027,1997,FALSE,1,"19686","AUS","South East Coastal Ranges (nn)","AUS",FALSE,"19686","",0.694907451190471
23844,131829585.784788,4610.42951370846,1999,FALSE,1,"19686","AUS","South East Coastal Ranges (nn)","AUS",FALSE,"19686","",3.49726465896281e-05
23844,131829585.784788,13907368.5061617,2013,FALSE,1,"19686","AUS","South East Coastal Ranges (nn)","AUS",FALSE,"19686","",0.105495048197037
