"SitRecID","kba","ovl","year","random","nPAs","DOMAIN","range_countries","RangeName","COUNTRY","multiple_ranges","all_gmba_intersec","note","percPA"
1779,333434288.269036,275891135.41113,1988,FALSE,1,"14947","ESP","Sierras de Balces, Sevil y Olson","ESP",TRUE,"14947","",0.827422808983951
1779,333434288.269036,286878.014960233,1990,FALSE,1,"14947","ESP","Sierras de Balces, Sevil y Olson","ESP",TRUE,"14947","",0.00086037346803626
1779,333434288.269036,8.80075364638477e-06,2003,FALSE,1,"14947","ESP","Sierras de Balces, Sevil y Olson","ESP",TRUE,"14947","",2.63942670445571e-14
1779,333434288.269036,474525.010529384,2006,FALSE,1,"14947","ESP","Sierras de Balces, Sevil y Olson","ESP",TRUE,"14947","",0.00142314401135167
1780,6507681.24718042,4923794.91654153,2001,FALSE,1,"14947","ESP","Sierras de Balces, Sevil y Olson","ESP",TRUE,"14947","",0.756612797941641
1780,6507681.24718042,22865.7190665517,2006,FALSE,3,"14947","ESP","Sierras de Balces, Sevil y Olson","ESP",TRUE,"14947","",0.00351365074564134
