"SitRecID","kba","ovl","year","random","nPAs","DOMAIN","range_countries","RangeName","COUNTRY","multiple_ranges","all_gmba_intersec","note","percPA"
671,39360099.402552,388204.40151076,1994,TRUE,1,"19057","IRL","Brandon Group","IRL",TRUE,"19057","",0.00986289179659922
671,39360099.402552,15392019.0205765,2006,TRUE,1,"19057","IRL","Brandon Group","IRL",TRUE,"19057","",0.391056406213713
671,39360099.402552,27719.7866784745,2009,TRUE,2,"19057","IRL","Brandon Group","IRL",TRUE,"19057","",0.000704261094337512
671,39360099.402552,12762359.3514634,2017,TRUE,1,"19057","IRL","Brandon Group","IRL",TRUE,"19057","",0.32424611586819
671,39360099.402552,7343.85644550086,2019,TRUE,1,"19057","IRL","Brandon Group","IRL",TRUE,"19057","",0.000186581247430099
