"SitRecID","kba","ovl","year","random","nPAs","DOMAIN","range_countries","RangeName","COUNTRY","multiple_ranges","all_gmba_intersec","note","percPA"
1799,290404346.318822,103827734.535865,1978,FALSE,1,"14974","ESP","Sierra del Moncayo","ESP",TRUE,"14974","",0.357528170125516
1799,290404346.318822,53281291.598826,2000,FALSE,1,"14974","ESP","Sierra del Moncayo","ESP",TRUE,"14974","",0.183472776059387
1799,290404346.318822,47439420.1988624,2001,FALSE,1,"14974","ESP","Sierra del Moncayo","ESP",TRUE,"14974","",0.163356440081585
1799,290404346.318822,478243.201281204,2006,FALSE,3,"14974","ESP","Sierra del Moncayo","ESP",TRUE,"14974","",0.00164681833224411
1799,290404346.318822,5068703.28667871,2015,FALSE,1,"14974","ESP","Sierra del Moncayo","ESP",TRUE,"14974","",0.0174539511922938
