"SitRecID","kba","ovl","year","random","nPAs","DOMAIN","range_countries","RangeName","COUNTRY","multiple_ranges","all_gmba_intersec","note","percPA"
1766,5401321.88215023,4443543.61158151,1993,FALSE,1,"17931","ESP","Sierra Telera","ESP",TRUE,"17931","",0.822677061010956
1767,181893127.967494,32870455.7567111,2001,FALSE,1,"17931","ESP","Sierra Telera","ESP",TRUE,"17931","",0.180713016066145
1767,181893127.967494,3070201.3209567,2003,FALSE,1,"17931","ESP","Sierra Telera","ESP",TRUE,"17931","",0.0168791496152916
1767,181893127.967494,23458545.9866003,2006,FALSE,7,"17931","ESP","Sierra Telera","ESP",TRUE,"17931","",0.128968841477027
1768,184901.374695143,22982.3015217688,2001,FALSE,1,"17931","ESP","Sierra Telera","ESP",TRUE,"17931","",0.124294919708742
1768,184901.374695143,79166.0546116155,2006,FALSE,2,"17931","ESP","Sierra Telera","ESP",TRUE,"17931","",0.428152871995358
