"SitRecID","kba","ovl","year","random","nPAs","DOMAIN","range_countries","RangeName","COUNTRY","multiple_ranges","all_gmba_intersec","in_gmba","note","percPA"
1177,325698029.183105,7322506.59175811,1979,FALSE,3,"18683","GRC","Chios","GRC",FALSE,"18683",TRUE,"",0.0224825019977062
1177,325698029.183105,4693852.28846977,1983,FALSE,3,"18683","GRC","Chios","GRC",FALSE,"18683",TRUE,"",0.0144116693006789
1177,325698029.183105,6358288.15582884,2004,FALSE,1,"18683","GRC","Chios","GRC",FALSE,"18683",TRUE,"",0.0195220344801481
1177,325698029.183105,236756267.912313,2006,FALSE,2,"18683","GRC","Chios","GRC",FALSE,"18683",TRUE,"",0.726919559526135
1177,325698029.183105,65672264.474223,2010,FALSE,1,"18683","GRC","Chios","GRC",FALSE,"18683",TRUE,"",0.201635437091646
