"SitRecID","kba","ovl","year","random","nPAs","DOMAIN","range_countries","RangeName","COUNTRY","multiple_ranges","all_gmba_intersec","note","percPA"
2742,19183687.5617661,17856034.9219186,2005,FALSE,1,"15445","ITA","Northeastern Dolomites","ITA",TRUE,"15445","",0.930792625996809
2742,19183687.5617661,8437.9069177307,2018,FALSE,2,"15445","ITA","Northeastern Dolomites","ITA",TRUE,"15445","",0.000439848016214975
2742,19183687.5617661,0.00303208827972412,2019,FALSE,1,"15445","ITA","Northeastern Dolomites","ITA",TRUE,"15445","",1.5805554953716e-10
2874,3245317.32540572,38238.1283775866,2005,FALSE,1,"15445","ITA","Northeastern Dolomites","ITA",TRUE,"15445","",0.011782554537346
2874,3245317.32540572,500.335954653681,2018,FALSE,1,"15445","ITA","Northeastern Dolomites","ITA",TRUE,"15445","",0.000154171658573058
2893,488185235.912987,252326602.095105,1980,FALSE,1,"15445","ITA","Northeastern Dolomites","ITA",TRUE,"15445","",0.516866516094475
2893,488185235.912987,117976696.526265,1981,FALSE,1,"15445","ITA","Northeastern Dolomites","ITA",TRUE,"15445","",0.241663794493147
2893,488185235.912987,111476463.130799,1990,FALSE,1,"15445","ITA","Northeastern Dolomites","ITA",TRUE,"15445","",0.22834869826065
