"SitRecID","kba","ovl","year","random","nPAs","DOMAIN","range_countries","RangeName","COUNTRY","multiple_ranges","all_gmba_intersec","in_gmba","note","percPA"
14929,2747084219.84642,1523048367.55566,1952,FALSE,1,"12136","VEN","Sierra Nevada de Mérida","VEN",TRUE,"12136;12137;20947",TRUE,"",0.554423616339219
14929,2747084219.84642,815793.127562284,1973,FALSE,1,"12136","VEN","Sierra Nevada de Mérida","VEN",TRUE,"12136;12137;20947",TRUE,"",0.000296966915563983
14929,2747084219.84642,306990628.451465,1974,FALSE,1,"12136","VEN","Sierra Nevada de Mérida","VEN",TRUE,"12136;12137;20947",TRUE,"",0.111751444034223
14929,2747084219.84642,237021.065530419,1989,FALSE,1,"12136","VEN","Sierra Nevada de Mérida","VEN",TRUE,"12136;12137;20947",TRUE,"",8.62809606702448e-05
26753,65947001.6488903,4949518.90934324,1974,FALSE,1,"12136","VEN","Sierra Nevada de Mérida","VEN",TRUE,"12136;20947",TRUE,"",0.0750529786887822
26753,65947001.6488903,60997417.2466135,1991,FALSE,1,"12136","VEN","Sierra Nevada de Mérida","VEN",TRUE,"12136;20947",TRUE,"",0.924946028196567
