"SitRecID","kba","ovl","year","random","nPAs","DOMAIN","range_countries","RangeName","COUNTRY","multiple_ranges","all_gmba_intersec","note","percPA"
2818,934597065.065661,236044.733899713,1993,FALSE,1,"12462","ITA","Gennargentu","ITA",FALSE,"12462","",0.000252563102028497
2818,934597065.065661,318778.356944825,1994,FALSE,1,"12462","ITA","Gennargentu","ITA",FALSE,"12462","",0.000341086409170811
2818,934597065.065661,502751395.214084,1998,FALSE,1,"12462","ITA","Gennargentu","ITA",FALSE,"12462","",0.53793384765098
2818,934597065.065661,416850313.564953,2009,FALSE,3,"12462","ITA","Gennargentu","ITA",FALSE,"12462","",0.446021423719822
