"SitRecID","kba","ovl","year","random","nPAs","DOMAIN","range_countries","RangeName","COUNTRY","multiple_ranges","all_gmba_intersec","note","percPA"
20439,16170835.3926559,16151352.8599061,1991,FALSE,1,"11260","NIC;HND","Cordillera entre Rios","NIC",TRUE,"11260","",0.998795205548955
20440,913145328.837706,49501031.623848,1987,FALSE,1,"11260","NIC;HND","Cordillera entre Rios","NIC",TRUE,"11260","",0.0542093684987199
20440,913145328.837706,4281020.9827713,1999,FALSE,1,"11260","NIC;HND","Cordillera entre Rios","NIC",TRUE,"11260","",0.00468821429357842
20440,913145328.837706,742786423.159961,2001,FALSE,1,"11260","NIC;HND","Cordillera entre Rios","NIC",TRUE,"11260","",0.81343724783153
20441,126026952.922437,124916059.979947,2001,FALSE,1,"11260","NIC;HND","Cordillera entre Rios","NIC",FALSE,"11260","",0.991185274921522
20444,1010730.15084741,0,0,FALSE,0,"11260","NIC;HND","Cordillera entre Rios","NIC",NA,NA,"no pas overlapping kba",0
23469,601423806.130125,4494597.79918708,1987,FALSE,1,"11260","NIC;HND","Cordillera entre Rios","HND",TRUE,"11260","",0.007473262204414
23469,601423806.130125,596821998.528791,1999,FALSE,1,"11260","NIC;HND","Cordillera entre Rios","HND",TRUE,"11260","",0.992348477804788
23471,2570045641.94753,2554380426.90145,1987,FALSE,1,"11260","NIC;HND","Cordillera entre Rios","HND",TRUE,"11260","",0.993904693834849
