"SitRecID","kba","ovl","year","random","nPAs","DOMAIN","range_countries","RangeName","COUNTRY","multiple_ranges","all_gmba_intersec","note","percPA"
20892,4422145.03613877,4419891.6439174,2005,FALSE,1,"11256","SLV;HND","Cordillera del Merendón","SLV",TRUE,"11256","",0.999490430050811
23473,84880445.7753744,83296338.7017879,1987,FALSE,1,"11256","SLV;HND","Cordillera del Merendón","HND",FALSE,"11256","",0.981337196581429
26679,33513104.3822351,26726905.9684573,1987,FALSE,2,"11256","SLV;HND","Cordillera del Merendón","HND",FALSE,"11256","",0.797506123682918
26679,33513104.3822351,520163.954593127,2013,FALSE,1,"11256","SLV;HND","Cordillera del Merendón","HND",FALSE,"11256","",0.0155212107079182
20883,211192105.83561,93678.9398665689,1987,FALSE,2,"11256","SLV;HND","Cordillera del Merendón","SLV",TRUE,"11256","",0.000443572166184505
20883,211192105.83561,10969910.5581599,2013,FALSE,1,"11256","SLV;HND","Cordillera del Merendón","SLV",TRUE,"11256","",0.0519428058864037
