"SitRecID","kba","ovl","year","random","nPAs","DOMAIN","range_countries","RangeName","COUNTRY","multiple_ranges","all_gmba_intersec","note","percPA"
6969,355678612.634058,346386744.22861,1964,FALSE,1,"12029","TZA","Uluguru Mountains","TZA",TRUE,"12029","",0.973875661691786
31468,3023597.94342627,2552511.60535646,1948,FALSE,1,"12029","TZA","Uluguru Mountains","TZA",FALSE,"12029","",0.844196765944354
7031,310651369.723574,2552479.7173354,1948,FALSE,1,"12029","TZA","Uluguru Mountains","TZA",FALSE,"12029","",0.00821654100417025
7031,310651369.723574,46620632.2897323,1954,FALSE,1,"12029","TZA","Uluguru Mountains","TZA",FALSE,"12029","",0.150073802446828
7031,310651369.723574,249191.716053311,1962,FALSE,1,"12029","TZA","Uluguru Mountains","TZA",FALSE,"12029","",0.000802158755247237
7031,310651369.723574,227603593.509578,2019,FALSE,1,"12029","TZA","Uluguru Mountains","TZA",FALSE,"12029","",0.73266566863074
