"SitRecID","kba","ovl","year","random","nPAs","DOMAIN","range_countries","RangeName","COUNTRY","multiple_ranges","all_gmba_intersec","in_gmba","note","percPA"
1065,189612073.116955,39507942.4850265,1961,FALSE,1,"19905","GRC","Parnitha","GRC",FALSE,"19905",TRUE,"",0.208361956259281
1065,189612073.116955,5637704.98684032,1976,FALSE,2,"19905","GRC","Parnitha","GRC",FALSE,"19905",TRUE,"",0.0297328376519723
1065,189612073.116955,109035180.992506,1987,FALSE,1,"19905","GRC","Parnitha","GRC",FALSE,"19905",TRUE,"",0.575043451612132
1065,189612073.116955,4435151.52279399,1988,FALSE,1,"19905","GRC","Parnitha","GRC",FALSE,"19905",TRUE,"",0.0233906599399836
1065,189612073.116955,0.0597072206049521,2006,FALSE,1,"19905","GRC","Parnitha","GRC",FALSE,"19905",TRUE,"",3.14891449808283e-10
