"SitRecID","kba","ovl","year","random","nPAs","DOMAIN","range_countries","RangeName","COUNTRY","multiple_ranges","all_gmba_intersec","note","percPA"
1766,37973806.5929781,2642496.6498536,1990,FALSE,1,"17947","ESP","Sierra del Vedao","ESP",TRUE,"17947","",0.0695873520971226
1766,37973806.5929781,31279444.203991,1993,FALSE,1,"17947","ESP","Sierra del Vedao","ESP",TRUE,"17947","",0.823711052706921
1766,37973806.5929781,9605.91880159118,2003,FALSE,1,"17947","ESP","Sierra del Vedao","ESP",TRUE,"17947","",0.000252961703432899
1766,37973806.5929781,3790165.75494814,2006,FALSE,2,"17947","ESP","Sierra del Vedao","ESP",TRUE,"17947","",0.0998100031311848
1763,14457703.1469027,14172071.9178484,2006,FALSE,1,"17947","ESP","Sierra del Vedao","ESP",TRUE,"17947","",0.980243664837215
