"SitRecID","kba","ovl","year","random","nPAs","DOMAIN","range_countries","RangeName","COUNTRY","multiple_ranges","all_gmba_intersec","note","percPA"
2661,363040322.582095,74390080.1632838,1954,FALSE,1,"21037","GBR","Moorfoot Hills","GBR",FALSE,"21037","",0.204908588760032
2661,363040322.582095,700963.636308357,1956,FALSE,1,"21037","GBR","Moorfoot Hills","GBR",FALSE,"21037","",0.00193081482333094
2661,363040322.582095,6022570.88437238,1968,FALSE,2,"21037","GBR","Moorfoot Hills","GBR",FALSE,"21037","",0.0165892616047092
2661,363040322.582095,59486.5596999954,1975,FALSE,2,"21037","GBR","Moorfoot Hills","GBR",FALSE,"21037","",0.000163856618672279
2661,363040322.582095,4978.29991574262,1981,FALSE,1,"21037","GBR","Moorfoot Hills","GBR",FALSE,"21037","",1.37128015982766e-05
2661,363040322.582095,420641.911224236,1988,FALSE,2,"21037","GBR","Moorfoot Hills","GBR",FALSE,"21037","",0.00115866443769236
2661,363040322.582095,1887652.31970504,2004,FALSE,2,"21037","GBR","Moorfoot Hills","GBR",FALSE,"21037","",0.00519956655580093
20811,8181217.73896391,8154048.32747377,2001,FALSE,1,"21037","GBR","Moorfoot Hills","GBR",FALSE,"21037","",0.996679050435152
