"SitRecID","kba","ovl","year","random","nPAs","DOMAIN","range_countries","RangeName","COUNTRY","multiple_ranges","all_gmba_intersec","note","percPA"
939,1483048.61259368,960602.573172957,1955,FALSE,1,"20254","POL;SVK","Pogórze Spisko-Gubałowskie","POL",TRUE,"20254","",0.647721568272111
939,1483048.61259368,522444.845785483,1997,FALSE,1,"20254","POL;SVK","Pogórze Spisko-Gubałowskie","POL",TRUE,"20254","",0.352277626875485
3098,26659.0090515912,174.021342843771,1955,FALSE,1,"20254","POL;SVK","Pogórze Spisko-Gubałowskie","SVK",TRUE,"20254","",0.0065276748474409
3098,26659.0090515912,106.445622123778,1997,FALSE,1,"20254","POL;SVK","Pogórze Spisko-Gubałowskie","SVK",TRUE,"20254","",0.00399285742083593
3098,26659.0090515912,23796.1724912003,2003,FALSE,2,"20254","POL;SVK","Pogórze Spisko-Gubałowskie","SVK",TRUE,"20254","",0.892612791613872
3098,26659.0090515912,248.002708712869,2004,FALSE,2,"20254","POL;SVK","Pogórze Spisko-Gubałowskie","SVK",TRUE,"20254","",0.00930277296627674
