"SitRecID","kba","ovl","year","random","nPAs","DOMAIN","range_countries","RangeName","COUNTRY","multiple_ranges","all_gmba_intersec","note","percPA"
430,169703877.700535,3976.87123899674,1973,FALSE,1,"14770","BGR","Sakar Range","BGR",FALSE,"14770","",2.34341801311957e-05
430,169703877.700535,54362.6973047025,1974,FALSE,1,"14770","BGR","Sakar Range","BGR",FALSE,"14770","",0.00032033856881357
430,169703877.700535,5409.78819551319,1976,FALSE,1,"14770","BGR","Sakar Range","BGR",FALSE,"14770","",3.18778113312147e-05
430,169703877.700535,90043771.8193369,2002,FALSE,1,"14770","BGR","Sakar Range","BGR",FALSE,"14770","",0.530593484600458
430,169703877.700535,79591926.0285625,2007,FALSE,1,"14770","BGR","Sakar Range","BGR",FALSE,"14770","",0.469004757622645
