"SitRecID","kba","ovl","year","random","nPAs","DOMAIN","range_countries","RangeName","COUNTRY","multiple_ranges","all_gmba_intersec","note","percPA"
3236,868468.101108043,356.06985260779,1980,FALSE,1,"19288","AUT;DEU","German Alpine Foreland","AUT",FALSE,"19288","",0.00040999761782096
3236,868468.101108043,571395.634592081,1987,FALSE,1,"19288","AUT;DEU","German Alpine Foreland","AUT",FALSE,"19288","",0.657935085771211
3236,868468.101108043,153006.038874255,1997,FALSE,1,"19288","AUT;DEU","German Alpine Foreland","AUT",FALSE,"19288","",0.176179227169128
9431,23796893.3125153,23054502.1588756,1994,FALSE,1,"19288","AUT;DEU","German Alpine Foreland","DEU",FALSE,"19288","",0.968803022147044
9431,23796893.3125153,30208.19840429,2007,FALSE,4,"19288","AUT;DEU","German Alpine Foreland","DEU",FALSE,"19288","",0.00126941773481007
9431,23796893.3125153,8414.04612666404,2008,FALSE,2,"19288","AUT;DEU","German Alpine Foreland","DEU",FALSE,"19288","",0.000353577503423059
