"SitRecID","kba","ovl","year","random","nPAs","DOMAIN","range_countries","RangeName","COUNTRY","multiple_ranges","all_gmba_intersec","note","percPA"
26709,180474787.116408,31955627.292481,1964,FALSE,1,"15564","ZAF","Table Mountain","ZAF",FALSE,"15564","",0.177064219346436
26709,180474787.116408,16459658.2392821,1965,FALSE,1,"15564","ZAF","Table Mountain","ZAF",FALSE,"15564","",0.0912019817408928
26709,180474787.116408,12269722.6859685,1967,FALSE,1,"15564","ZAF","Table Mountain","ZAF",FALSE,"15564","",0.0679857994682348
26709,180474787.116408,52869231.8243301,1984,FALSE,1,"15564","ZAF","Table Mountain","ZAF",FALSE,"15564","",0.292945251073929
26709,180474787.116408,404463.213780494,1995,FALSE,2,"15564","ZAF","Table Mountain","ZAF",FALSE,"15564","",0.00224110647388996
26709,180474787.116408,33426924.698409,1998,FALSE,1,"15564","ZAF","Table Mountain","ZAF",FALSE,"15564","",0.18521659026448
26709,180474787.116408,5369470.81177181,2004,FALSE,2,"15564","ZAF","Table Mountain","ZAF",FALSE,"15564","",0.0297519165838298
