"SitRecID","kba","ovl","year","random","nPAs","DOMAIN","range_countries","RangeName","COUNTRY","multiple_ranges","all_gmba_intersec","note","percPA"
14425,487233652.900825,71372.6540856436,1993,FALSE,1,"14443","COL","Serranía de las Quinchas","COL",TRUE,"14443","",0.000146485477061601
14425,487233652.900825,13719930.3051198,2005,FALSE,1,"14443","COL","Serranía de las Quinchas","COL",TRUE,"14443","",0.0281588314424423
14425,487233652.900825,157247862.748766,2008,FALSE,1,"14443","COL","Serranía de las Quinchas","COL",TRUE,"14443","",0.322736046273827
14425,487233652.900825,169888256.715723,2009,FALSE,2,"14443","COL","Serranía de las Quinchas","COL",TRUE,"14443","",0.348679233678268
14425,487233652.900825,3158463.51438735,2015,FALSE,1,"14443","COL","Serranía de las Quinchas","COL",TRUE,"14443","",0.00648244121805407
