"SitRecID","kba","ovl","year","random","nPAs","DOMAIN","range_countries","RangeName","COUNTRY","multiple_ranges","all_gmba_intersec","note","percPA"
18181,197224600.797464,132196514.768287,1981,FALSE,1,"20845","IND;PAK","Nun Kun","IND",FALSE,"20845","",0.6702841036755
18189,864042387.833656,70149028.7713846,1981,FALSE,1,"20845","IND;PAK","Nun Kun","IND",TRUE,"20845","",0.0811870224877087
18193,429408527.483279,405022833.647909,1981,FALSE,2,"20845","IND;PAK","Nun Kun","IND",FALSE,"20845","",0.943210969800035
18193,429408527.483279,2254470.19962054,1987,FALSE,1,"20845","IND;PAK","Nun Kun","IND",FALSE,"20845","",0.00525017566100461
18199,1903054.08810105,131012.592814353,1990,FALSE,1,"20845","IND;PAK","Nun Kun","IND",FALSE,"20845","",0.0688433364209227
16428,21262115.3719817,0,0,FALSE,0,"20845","IND;PAK","Nun Kun","PAK",NA,NA,"no pas overlapping kba",0
