"SitRecID","kba","ovl","year","random","nPAs","DOMAIN","range_countries","RangeName","COUNTRY","multiple_ranges","all_gmba_intersec","note","percPA"
1045,310935245.932993,2241213.52832936,1976,FALSE,1,"11693","GRC","Mount Othrys","GRC",FALSE,"11693","",0.00720797515767107
1045,310935245.932993,12914616.2882293,1987,FALSE,3,"11693","GRC","Mount Othrys","GRC",FALSE,"11693","",0.041534745440253
1045,310935245.932993,10270517.4269428,2001,FALSE,1,"11693","GRC","Mount Othrys","GRC",FALSE,"11693","",0.0330310492659816
1045,310935245.932993,282448935.183586,2008,FALSE,1,"11693","GRC","Mount Othrys","GRC",FALSE,"11693","",0.90838507013275
1142,446715.737037957,115649.132778168,2006,FALSE,1,"11693","GRC","Mount Othrys","GRC",TRUE,"11693","",0.258887527771025
1153,16263658.6683523,15010104.3318458,2008,FALSE,1,"11693","GRC","Mount Othrys","GRC",FALSE,"11693","",0.922922980488649
