"SitRecID","kba","ovl","year","random","nPAs","DOMAIN","range_countries","RangeName","COUNTRY","multiple_ranges","all_gmba_intersec","note","percPA"
10161,39568870.8015892,0,0,FALSE,0,"19658","MEX","Montañas del Oriente (nn)","MEX",NA,NA,"no pas overlapping kba",0
10163,4921907216.72301,27317628.1905103,1992,FALSE,2,"19658","MEX","Montañas del Oriente (nn)","MEX",TRUE,"19658","",0.00555021193770051
10163,4921907216.72301,9938.44017930393,1996,FALSE,1,"19658","MEX","Montañas del Oriente (nn)","MEX",TRUE,"19658","",2.01922542252247e-06
10163,4921907216.72301,38601548.033869,1998,FALSE,2,"19658","MEX","Montañas del Oriente (nn)","MEX",TRUE,"19658","",0.0078428028677001
10163,4921907216.72301,1518205715.13102,2000,FALSE,1,"19658","MEX","Montañas del Oriente (nn)","MEX",TRUE,"19658","",0.308458824654934
10163,4921907216.72301,1.29767683997731,2004,FALSE,1,"19658","MEX","Montañas del Oriente (nn)","MEX",TRUE,"19658","",2.63653251237292e-10
10163,4921907216.72301,154424.413140373,2009,FALSE,1,"19658","MEX","Montañas del Oriente (nn)","MEX",TRUE,"19658","",3.13749134920078e-05
10163,4921907216.72301,2056014.2605897,2010,FALSE,1,"19658","MEX","Montañas del Oriente (nn)","MEX",TRUE,"19658","",0.000417727147233505
10165,770441295.869944,0,0,FALSE,0,"19658","MEX","Montañas del Oriente (nn)","MEX",NA,NA,"no pas overlapping kba",0
