"SitRecID","kba","ovl","year","random","nPAs","DOMAIN","range_countries","RangeName","COUNTRY","multiple_ranges","all_gmba_intersec","note","percPA"
693,13151223.5839214,307826.043246671,1992,FALSE,1,"15461","SVN","Northeastern Slovenian Prealps","SVN",TRUE,"15461","",0.0234066466349958
693,13151223.5839214,8984091.75717292,2004,FALSE,3,"15461","SVN","Northeastern Slovenian Prealps","SVN",TRUE,"15461","",0.68313732937799
693,13151223.5839214,0.756266896118226,2007,FALSE,1,"15461","SVN","Northeastern Slovenian Prealps","SVN",TRUE,"15461","",5.75054398012693e-08
693,13151223.5839214,57824.2316431771,2013,FALSE,1,"15461","SVN","Northeastern Slovenian Prealps","SVN",TRUE,"15461","",0.00439687085191621
693,13151223.5839214,0.000990830361843109,2015,FALSE,2,"15461","SVN","Northeastern Slovenian Prealps","SVN",TRUE,"15461","",7.53413061165267e-11
22161,256745.165094083,252742.100327502,2004,FALSE,2,"15461","SVN","Northeastern Slovenian Prealps","SVN",TRUE,"15461","",0.984408412267026
22162,197385202.051132,193895.618738486,1976,FALSE,1,"15461","SVN","Northeastern Slovenian Prealps","SVN",FALSE,"15461","",0.000982320947688152
22162,197385202.051132,1342579.33763821,1992,FALSE,11,"15461","SVN","Northeastern Slovenian Prealps","SVN",FALSE,"15461","",0.00680182366097746
22162,197385202.051132,182157276.918862,2004,FALSE,5,"15461","SVN","Northeastern Slovenian Prealps","SVN",FALSE,"15461","",0.922851738762437
22162,197385202.051132,0.153050000446322,2007,FALSE,1,"15461","SVN","Northeastern Slovenian Prealps","SVN",FALSE,"15461","",7.75387409268273e-10
22162,197385202.051132,0.0238361233176352,2008,FALSE,2,"15461","SVN","Northeastern Slovenian Prealps","SVN",FALSE,"15461","",1.20759424059867e-10
22162,197385202.051132,13595.561298781,2015,FALSE,12,"15461","SVN","Northeastern Slovenian Prealps","SVN",FALSE,"15461","",6.8878320955687e-05
