"SitRecID","kba","ovl","year","random","nPAs","DOMAIN","range_countries","RangeName","COUNTRY","multiple_ranges","all_gmba_intersec","in_gmba","note","percPA"
7225,632127970.944746,1145157.29215759,1926,FALSE,1,"19350","ZWE;ZAF","Bushveld (nn)","ZWE",FALSE,"19350",TRUE,"",0.00181159091955082
7225,632127970.944746,230183.93452765,1954,FALSE,1,"19350","ZWE;ZAF","Bushveld (nn)","ZWE",FALSE,"19350",TRUE,"",0.000364141352871364
7225,632127970.944746,623185395.614517,2002,FALSE,3,"19350","ZWE;ZAF","Bushveld (nn)","ZWE",FALSE,"19350",TRUE,"",0.985853220010397
32050,302400321.037028,574.599751502275,1965,FALSE,1,"19350","ZWE;ZAF","Bushveld (nn)","ZAF",FALSE,"19350",TRUE,"",1.9001294361454e-06
32050,302400321.037028,89729668.5861473,1967,FALSE,1,"19350","ZWE;ZAF","Bushveld (nn)","ZAF",FALSE,"19350",TRUE,"",0.296724779518869
32050,302400321.037028,8867068.19338036,1968,FALSE,1,"19350","ZWE;ZAF","Bushveld (nn)","ZAF",FALSE,"19350",TRUE,"",0.0293222843248722
32050,302400321.037028,89597255.9098679,1998,FALSE,1,"19350","ZWE;ZAF","Bushveld (nn)","ZAF",FALSE,"19350",TRUE,"",0.296286907376983
