"SitRecID","kba","ovl","year","random","nPAs","DOMAIN","range_countries","RangeName","COUNTRY","multiple_ranges","all_gmba_intersec","note","percPA"
1754,250858741.484241,30188947.1220093,1990,FALSE,1,"14979","ESP","Picos de Urbión","ESP",TRUE,"14979","",0.120342416386976
1754,250858741.484241,84640217.0558106,2000,FALSE,2,"14979","ESP","Picos de Urbión","ESP",TRUE,"14979","",0.337401904175333
1754,250858741.484241,1.19439453538507,2003,FALSE,1,"14979","ESP","Picos de Urbión","ESP",TRUE,"14979","",4.76122350099609e-09
1754,250858741.484241,0.000315036776555644,2006,FALSE,1,"14979","ESP","Picos de Urbión","ESP",TRUE,"14979","",1.25583336140365e-12
1754,250858741.484241,0.0440275481341814,2007,FALSE,1,"14979","ESP","Picos de Urbión","ESP",TRUE,"14979","",1.75507330833625e-10
1754,250858741.484241,10381.7374245503,2008,FALSE,1,"14979","ESP","Picos de Urbión","ESP",TRUE,"14979","",4.13847943393371e-05
1754,250858741.484241,5836240.47835795,2010,FALSE,1,"14979","ESP","Picos de Urbión","ESP",TRUE,"14979","",0.0232650472685425
1754,250858741.484241,5061235.54453182,2015,FALSE,3,"14979","ESP","Picos de Urbión","ESP",TRUE,"14979","",0.0201756395435388
