"SitRecID","kba","ovl","year","random","nPAs","DOMAIN","range_countries","RangeName","COUNTRY","multiple_ranges","all_gmba_intersec","note","percPA"
1762,123306127.973202,99689034.6272492,1990,FALSE,2,"17973","ESP","Sierra de Atuzcarraz","ESP",TRUE,"17973","",0.808467805013833
1762,123306127.973202,936007.607075214,2014,FALSE,2,"17973","ESP","Sierra de Atuzcarraz","ESP",TRUE,"17973","",0.00759092530485296
1762,123306127.973202,75490.7370682805,2015,FALSE,1,"17973","ESP","Sierra de Atuzcarraz","ESP",TRUE,"17973","",0.000612222103711561
1762,123306127.973202,25719.9740853271,2017,FALSE,3,"17973","ESP","Sierra de Atuzcarraz","ESP",TRUE,"17973","",0.000208586341231288
1776,5656290.3602611,154267.206617795,1990,FALSE,2,"17973","ESP","Sierra de Atuzcarraz","ESP",TRUE,"17973","",0.0272735656750609
1776,5656290.3602611,379326.761240862,2014,FALSE,3,"17973","ESP","Sierra de Atuzcarraz","ESP",TRUE,"17973","",0.0670628162772309
