"SitRecID","kba","ovl","year","random","nPAs","DOMAIN","range_countries","RangeName","COUNTRY","multiple_ranges","all_gmba_intersec","note","percPA"
2409,83055158.4402056,2315994.41106361,1995,FALSE,1,"10068","FRA","Bornes Massif","FRA",FALSE,"10068","",0.0278850158684723
2409,83055158.4402056,138342.96180743,2003,FALSE,1,"10068","FRA","Bornes Massif","FRA",FALSE,"10068","",0.00166567573171301
2409,83055158.4402056,61940361.4521932,2008,FALSE,1,"10068","FRA","Bornes Massif","FRA",FALSE,"10068","",0.745773804005037
2409,83055158.4402056,108580.937831047,2018,FALSE,1,"10068","FRA","Bornes Massif","FRA",FALSE,"10068","",0.00130733526815457
