"SitRecID","kba","ovl","year","random","nPAs","DOMAIN","range_countries","RangeName","COUNTRY","multiple_ranges","all_gmba_intersec","note","percPA"
19338,59729238.4398102,3678237.13744795,1980,FALSE,1,"11871","PAN","Serranía del Sapo","PAN",FALSE,"11871","",0.061581852264106
19338,59729238.4398102,32910.853852272,1981,FALSE,1,"11871","PAN","Serranía del Sapo","PAN",FALSE,"11871","",0.00055100072781669
20903,111010019.601092,1043048.99586091,1980,FALSE,1,"11871","PAN","Serranía del Sapo","PAN",FALSE,"11871","",0.00939598965579007
20903,111010019.601092,27791384.8524379,1981,FALSE,1,"11871","PAN","Serranía del Sapo","PAN",FALSE,"11871","",0.250350238224483
20903,111010019.601092,25576418.9366981,1993,FALSE,1,"11871","PAN","Serranía del Sapo","PAN",FALSE,"11871","",0.230397391412104
19341,2022749283.06036,2010115390.87579,1980,FALSE,1,"11871","PAN","Serranía del Sapo","PAN",TRUE,"11871","",0.993754098794955
