"SitRecID","kba","ovl","year","random","nPAs","DOMAIN","range_countries","RangeName","COUNTRY","multiple_ranges","all_gmba_intersec","note","percPA"
14425,487233652.906436,71372.6532898807,1993,FALSE,1,"14443","COL","Serranía de las Quinchas","COL",TRUE,"14443","",0.000146485475426687
14425,487233652.906436,13719930.3030348,2005,FALSE,1,"14443","COL","Serranía de las Quinchas","COL",TRUE,"14443","",0.0281588314378387
14425,487233652.906436,157247862.746306,2008,FALSE,1,"14443","COL","Serranía de las Quinchas","COL",TRUE,"14443","",0.322736046265061
14425,487233652.906436,169888256.727344,2009,FALSE,2,"14443","COL","Serranía de las Quinchas","COL",TRUE,"14443","",0.348679233698104
14425,487233652.906436,3158463.51930982,2015,FALSE,1,"14443","COL","Serranía de las Quinchas","COL",TRUE,"14443","",0.00648244122808229
