"SitRecID","kba","ovl","year","random","nPAs","DOMAIN","range_countries","RangeName","COUNTRY","multiple_ranges","all_gmba_intersec","note","percPA"
3100,25938136.7552974,54328.3744974062,1981,FALSE,1,"20288","SVK","Beskidian Piedmont","SVK",TRUE,"20288","",0.00209453651239272
3100,25938136.7552974,571.677212558687,1994,FALSE,1,"20288","SVK","Beskidian Piedmont","SVK",TRUE,"20288","",2.20400261573118e-05
3100,25938136.7552974,20270544.3304155,2004,FALSE,2,"20288","SVK","Beskidian Piedmont","SVK",TRUE,"20288","",0.781495776726353
3101,31620671.032441,6807470.63600305,1999,FALSE,1,"20288","SVK","Beskidian Piedmont","SVK",TRUE,"20288","",0.215285457700091
3101,31620671.032441,20774950.1034905,2004,FALSE,2,"20288","SVK","Beskidian Piedmont","SVK",TRUE,"20288","",0.657005352042549
3101,31620671.032441,NA,2007,FALSE,1,"20288","SVK","Beskidian Piedmont","SVK",TRUE,"20288","",NA
3101,31620671.032441,0.00660490240306879,2009,FALSE,1,"20288","SVK","Beskidian Piedmont","SVK",TRUE,"20288","",2.0887926117357e-10
