"SitRecID","kba","ovl","year","random","nPAs","DOMAIN","range_countries","RangeName","COUNTRY","multiple_ranges","all_gmba_intersec","note","percPA"
14946,101430885.351294,60122250.2736615,1978,FALSE,1,"11859","VEN;BRA","Serra do Imeri","VEN",TRUE,"11859","",0.59274105776988
14946,101430885.351294,926475.468195423,1979,FALSE,1,"11859","VEN;BRA","Serra do Imeri","VEN",TRUE,"11859","",0.00913405680120686
14946,101430885.351294,141464.325319261,2009,FALSE,1,"11859","VEN;BRA","Serra do Imeri","VEN",TRUE,"11859","",0.00139468688288893
22213,3613078990.54178,139448514.314547,1978,FALSE,1,"11859","VEN;BRA","Serra do Imeri","BRA",TRUE,"11859","",0.0385954790026987
22213,3613078990.54178,3467625149.00365,1979,FALSE,1,"11859","VEN;BRA","Serra do Imeri","BRA",TRUE,"11859","",0.959742413072372
