"SitRecID","kba","ovl","year","random","nPAs","DOMAIN","range_countries","RangeName","COUNTRY","multiple_ranges","all_gmba_intersec","note","percPA"
27150,493655986.226856,255191417.841672,1992,FALSE,3,"15188","AUS","Cobberas Range","AUS",TRUE,"15188","",0.516941807577717
27150,493655986.226856,9.69767570495605e-05,1996,FALSE,1,"15188","AUS","Cobberas Range","AUS",TRUE,"15188","",1.96446026697214e-13
27150,493655986.226856,166936640.227597,2009,FALSE,1,"15188","AUS","Cobberas Range","AUS",TRUE,"15188","",0.338163913504905
27150,493655986.226856,69887326.2131331,2016,FALSE,1,"15188","AUS","Cobberas Range","AUS",TRUE,"15188","",0.141570908006809
