"SitRecID","kba","ovl","year","random","nPAs","DOMAIN","range_countries","RangeName","COUNTRY","multiple_ranges","all_gmba_intersec","note","percPA"
452,1785983.99872756,1086.04637765884,1968,FALSE,1,"20198","ROU","Metaliferi Mountains","ROU",TRUE,"20198","",0.000608094125385562
452,1785983.99872756,925717.931678962,2007,FALSE,1,"20198","ROU","Metaliferi Mountains","ROU",TRUE,"20198","",0.518323754489681
2949,427206.598502506,55011.8789987564,2007,FALSE,1,"20198","ROU","Metaliferi Mountains","ROU",TRUE,"20198","",0.128771136006772
2949,427206.598502506,196525.898932755,2009,FALSE,1,"20198","ROU","Metaliferi Mountains","ROU",TRUE,"20198","",0.460025429433067
24365,233453088.123719,3482413.56727008,1988,FALSE,3,"20198","ROU","Metaliferi Mountains","ROU",TRUE,"20198","",0.014916973663782
24365,233453088.123719,1843724.94397718,1999,FALSE,2,"20198","ROU","Metaliferi Mountains","ROU",TRUE,"20198","",0.00789762499522
24365,233453088.123719,4649616.09894503,2009,FALSE,2,"20198","ROU","Metaliferi Mountains","ROU",TRUE,"20198","",0.0199167041923256
24365,233453088.123719,163338823.92224,2011,FALSE,2,"20198","ROU","Metaliferi Mountains","ROU",TRUE,"20198","",0.699664438945776
