"SitRecID","kba","ovl","year","random","nPAs","DOMAIN","range_countries","RangeName","COUNTRY","multiple_ranges","all_gmba_intersec","note","percPA"
1666,67184617.2468095,67172395.6908941,2000,FALSE,1,"20054","ESP","P치ramos de la Lora","ESP",FALSE,"20054","",0.999818089967374
1667,32871923.2980239,14847979.1951189,2000,FALSE,1,"20054","ESP","P치ramos de la Lora","ESP",TRUE,"20054","",0.451691830152557
1667,32871923.2980239,330839.716432091,2006,FALSE,2,"20054","ESP","P치ramos de la Lora","ESP",TRUE,"20054","",0.0100645074348899
1667,32871923.2980239,0.223211690904293,2015,FALSE,1,"20054","ESP","P치ramos de la Lora","ESP",TRUE,"20054","",6.79034472308200e-09
