"SitRecID","kba","ovl","year","random","nPAs","DOMAIN","range_countries","RangeName","COUNTRY","multiple_ranges","all_gmba_intersec","note","percPA"
1026,133529576.937512,3296551.90507329,1985,FALSE,1,"20354","GRC","Mitsikeli Mountains","GRC",TRUE,"20354","",0.0246878031120849
1026,133529576.937512,7013.04142722487,2002,FALSE,1,"20354","GRC","Mitsikeli Mountains","GRC",TRUE,"20354","",5.25205095984599e-05
1026,133529576.937512,85250748.4728407,2005,FALSE,2,"20354","GRC","Mitsikeli Mountains","GRC",TRUE,"20354","",0.638440938914498
1026,133529576.937512,33964203.2248257,2006,FALSE,3,"20354","GRC","Mitsikeli Mountains","GRC",TRUE,"20354","",0.254357154450658
1026,133529576.937512,10737223.6708939,2010,FALSE,1,"20354","GRC","Mitsikeli Mountains","GRC",TRUE,"20354","",0.0804108267033502
1165,3988184.21209085,3802916.41207182,2002,FALSE,1,"20354","GRC","Mitsikeli Mountains","GRC",FALSE,"20354","",0.953545826830827
1165,3988184.21209085,NA,2006,FALSE,1,"20354","GRC","Mitsikeli Mountains","GRC",FALSE,"20354","",NA
1165,3988184.21209085,23461.1008121669,2010,FALSE,1,"20354","GRC","Mitsikeli Mountains","GRC",FALSE,"20354","",0.00588265224586182
1166,2054235.46978049,1743539.99681026,2010,FALSE,2,"20354","GRC","Mitsikeli Mountains","GRC",TRUE,"20354","",0.848753720038028
