"SitRecID","kba","ovl","year","random","nPAs","DOMAIN","range_countries","RangeName","COUNTRY","multiple_ranges","all_gmba_intersec","note","percPA"
44603,8384005.4917226,13634.9470944637,1974,FALSE,1,"13755","NZL","Glynn Wye Range","NZL",TRUE,"13755","",0.00162630464733418
44603,8384005.4917226,15603.6498262002,1987,FALSE,1,"13755","NZL","Glynn Wye Range","NZL",TRUE,"13755","",0.00186112113614494
44603,8384005.4917226,34934.2658274717,2007,FALSE,1,"13755","NZL","Glynn Wye Range","NZL",TRUE,"13755","",0.00416677516038864
44604,3818766.56048612,2502878.4561802,1974,FALSE,1,"13755","NZL","Glynn Wye Range","NZL",TRUE,"13755","",0.655415411373453
