"SitRecID","kba","ovl","year","random","nPAs","DOMAIN","range_countries","RangeName","COUNTRY","multiple_ranges","all_gmba_intersec","note","percPA"
7160,1250371764.5246,222785710.879707,1978,FALSE,3,"14086","ZAF","Groot Swartberge","ZAF",TRUE,"14086","",0.178175577216758
7160,1250371764.5246,36955006.2904912,1992,FALSE,1,"14086","ZAF","Groot Swartberge","ZAF",TRUE,"14086","",0.0295552149680393
7160,1250371764.5246,5774105.34558511,1994,FALSE,1,"14086","ZAF","Groot Swartberge","ZAF",TRUE,"14086","",0.00461791085612083
7160,1250371764.5246,9.66366108805505,2001,FALSE,1,"14086","ZAF","Groot Swartberge","ZAF",TRUE,"14086","",7.72863028599277e-09
7160,1250371764.5246,7520.69446063042,2002,FALSE,1,"14086","ZAF","Groot Swartberge","ZAF",TRUE,"14086","",6.014766706996e-06
7160,1250371764.5246,967650794.219311,2004,FALSE,1,"14086","ZAF","Groot Swartberge","ZAF",TRUE,"14086","",0.773890471356907
