"SitRecID","kba","ovl","year","random","nPAs","DOMAIN","range_countries","RangeName","COUNTRY","multiple_ranges","all_gmba_intersec","note","percPA"
1704,89046.720180444,182.057269457728,1986,FALSE,1,"12812","ESP","Sierra de Segura","ESP",TRUE,"12812","",0.00204451403812299
1704,89046.720180444,88248.4921927894,1987,FALSE,2,"12812","ESP","Sierra de Segura","ESP",TRUE,"12812","",0.991035851898453
1846,774764280.216289,745715652.101908,1986,FALSE,1,"12812","ESP","Sierra de Segura","ESP",TRUE,"12812","",0.962506495386866
1846,774764280.216289,523589.896835101,1987,FALSE,2,"12812","ESP","Sierra de Segura","ESP",TRUE,"12812","",0.000675805416182754
1846,774764280.216289,26079760.1301281,1989,FALSE,1,"12812","ESP","Sierra de Segura","ESP",TRUE,"12812","",0.0336615417051073
