"SitRecID","kba","ovl","year","random","nPAs","DOMAIN","range_countries","RangeName","COUNTRY","multiple_ranges","all_gmba_intersec","note","percPA"
7156,314200344.886853,276269625.153382,1979,FALSE,1,"19360","ZAF","Sneeuberge (nn)","ZAF",TRUE,"19360","",0.87927855474783
7144,117293706.024609,103914431.925895,1983,FALSE,1,"19360","ZAF","Sneeuberge (nn)","ZAF",FALSE,"19360","",0.885933571781709
7144,117293706.024609,679630.397484306,2005,FALSE,1,"19360","ZAF","Sneeuberge (nn)","ZAF",FALSE,"19360","",0.00579426143583286
7103,11405863.3338699,0,0,FALSE,0,"19360","ZAF","Sneeuberge (nn)","ZAF",NA,NA,"no pas overlapping kba",0
45516,856772799.839121,105494579.533496,1983,FALSE,1,"19360","ZAF","Sneeuberge (nn)","ZAF",TRUE,"19360","",0.123130168877099
45516,856772799.839121,36057067.9549602,2005,FALSE,1,"19360","ZAF","Sneeuberge (nn)","ZAF",TRUE,"19360","",0.0420847486775149
45516,856772799.839121,20063627.3202712,2016,FALSE,1,"19360","ZAF","Sneeuberge (nn)","ZAF",TRUE,"19360","",0.0234176754024388
45517,29295654.5427732,9733555.39716625,1937,FALSE,1,"19360","ZAF","Sneeuberge (nn)","ZAF",TRUE,"19360","",0.332252531956736
45517,29295654.5427732,10424966.0349874,2016,FALSE,1,"19360","ZAF","Sneeuberge (nn)","ZAF",TRUE,"19360","",0.355853664910147
