"SitRecID","kba","ovl","year","random","nPAs","DOMAIN","range_countries","RangeName","COUNTRY","multiple_ranges","all_gmba_intersec","note","percPA"
28548,24111399.6959745,322299.772063136,1967,FALSE,1,"12872","NZL","Craigieburn Range","NZL",TRUE,"12872","",0.0133671116619972
28548,24111399.6959745,1127104.72851697,1987,FALSE,2,"12872","NZL","Craigieburn Range","NZL",TRUE,"12872","",0.0467457195653867
28548,24111399.6959745,475487.802181415,2014,FALSE,1,"12872","NZL","Craigieburn Range","NZL",TRUE,"12872","",0.0197204562230703
44607,14615605.8740668,183035.784676988,1987,FALSE,1,"12872","NZL","Craigieburn Range","NZL",TRUE,"12872","",0.0125233114695407
