"SitRecID","kba","ovl","year","random","nPAs","DOMAIN","range_countries","RangeName","COUNTRY","multiple_ranges","all_gmba_intersec","note","percPA"
6820,1746041938.0683,14810503.7837123,1950,FALSE,1,"18157","SSD;UGA","Didinga Hills","SSD",TRUE,"18157","",0.0084823299262202
6820,1746041938.0683,181023005.951238,1975,FALSE,1,"18157","SSD;UGA","Didinga Hills","SSD",TRUE,"18157","",0.103676207314647
7070,264794940.815064,14789995.7454891,1950,FALSE,1,"18157","SSD;UGA","Didinga Hills","UGA",TRUE,"18157","",0.0558545253922304
7070,264794940.815064,130432679.453931,1962,FALSE,1,"18157","SSD;UGA","Didinga Hills","UGA",TRUE,"18157","",0.492579952821029
7070,264794940.815064,85459345.7095708,1963,FALSE,2,"18157","SSD;UGA","Didinga Hills","UGA",TRUE,"18157","",0.32273783421435
7070,264794940.815064,1305049.08217046,2002,FALSE,1,"18157","SSD;UGA","Didinga Hills","UGA",TRUE,"18157","",0.00492852725264839
