"SitRecID","kba","ovl","year","random","nPAs","DOMAIN","range_countries","RangeName","COUNTRY","multiple_ranges","all_gmba_intersec","note","percPA"
6886,92041962.9034001,79890954.207894,1972,FALSE,1,"15582","SWZ;ZAF","Makhonjwa Mountains","SWZ",TRUE,"15582","",0.867984033453754
7076,124813140.152746,123697134.024914,1926,FALSE,1,"15582","SWZ;ZAF","Makhonjwa Mountains","ZAF",TRUE,"15582","",0.99105858464529
7088,440790327.274151,316328.638430476,1964,FALSE,1,"15582","SWZ;ZAF","Makhonjwa Mountains","ZAF",FALSE,"15582","",0.000717639700459522
7088,440790327.274151,528136.67386508,1972,FALSE,1,"15582","SWZ;ZAF","Makhonjwa Mountains","ZAF",FALSE,"15582","",0.00119815849211365
7088,440790327.274151,433340042.246122,1983,FALSE,1,"15582","SWZ;ZAF","Makhonjwa Mountains","ZAF",FALSE,"15582","",0.983097893562906
45525,254120653.498588,104924689.608617,1926,FALSE,1,"15582","SWZ;ZAF","Makhonjwa Mountains","ZAF",TRUE,"15582","",0.412893199210978
45525,254120653.498588,76728916.7399093,1996,FALSE,1,"15582","SWZ;ZAF","Makhonjwa Mountains","ZAF",TRUE,"15582","",0.301938924221819
