"SitRecID","kba","ovl","year","random","nPAs","DOMAIN","range_countries","RangeName","COUNTRY","multiple_ranges","all_gmba_intersec","note","percPA"
3101,372426116.362853,1049939.87063322,1986,FALSE,1,"20298","SVK","Vihorlat Mountains","SVK",TRUE,"20298","",0.00281918969831393
3101,372426116.362853,557913.630116847,1988,FALSE,4,"20298","SVK","Vihorlat Mountains","SVK",TRUE,"20298","",0.00149805184331722
3101,372426116.362853,158465049.691106,1999,FALSE,1,"20298","SVK","Vihorlat Mountains","SVK",TRUE,"20298","",0.425493924106854
3101,372426116.362853,188293884.41776,2004,FALSE,22,"20298","SVK","Vihorlat Mountains","SVK",TRUE,"20298","",0.50558721890037
3101,372426116.362853,0.000467061996459961,2007,FALSE,3,"20298","SVK","Vihorlat Mountains","SVK",TRUE,"20298","",1.25410645478177e-12
3101,372426116.362853,111.094034776383,2012,FALSE,1,"20298","SVK","Vihorlat Mountains","SVK",TRUE,"20298","",2.98298185587351e-07
3101,372426116.362853,1.88165644649965,2017,FALSE,2,"20298","SVK","Vihorlat Mountains","SVK",TRUE,"20298","",5.05242882769898e-09
