"SitRecID","kba","ovl","year","random","nPAs","DOMAIN","range_countries","RangeName","COUNTRY","multiple_ranges","all_gmba_intersec","note","percPA"
31257,256273.142187625,30562.8414259404,1978,FALSE,1,"13610","NZL","Skippers Range","NZL",TRUE,"13610","",0.119258854693265
31257,256273.142187625,190365.847075761,1987,FALSE,1,"13610","NZL","Skippers Range","NZL",TRUE,"13610","",0.742824025376755
27403,2661230.21048935,23275.2097366912,1978,FALSE,1,"13610","NZL","Skippers Range","NZL",TRUE,"13610","",0.00874603393759434
27403,2661230.21048935,23324.4356017429,1987,FALSE,1,"13610","NZL","Skippers Range","NZL",TRUE,"13610","",0.00876453134712232
27403,2661230.21048935,675501.290574223,1990,FALSE,1,"13610","NZL","Skippers Range","NZL",TRUE,"13610","",0.253830460781524
