"SitRecID","kba","ovl","year","random","nPAs","DOMAIN","range_countries","RangeName","COUNTRY","multiple_ranges","all_gmba_intersec","note","percPA"
1768,29170930.5615899,797087.886832334,1990,FALSE,1,"17901","ESP","Massif de Vignemale","ESP",TRUE,"17901","",0.0273247329271655
1768,29170930.5615899,26439922.4122165,2001,FALSE,1,"17901","ESP","Massif de Vignemale","ESP",TRUE,"17901","",0.906379121378824
1768,29170930.5615899,3.35636059767548,2003,FALSE,1,"17901","ESP","Massif de Vignemale","ESP",TRUE,"17901","",1.15058400025637e-07
1768,29170930.5615899,624.401067216764,2006,FALSE,1,"17901","ESP","Massif de Vignemale","ESP",TRUE,"17901","",2.14049073922561e-05
