"SitRecID","kba","ovl","year","random","nPAs","DOMAIN","range_countries","RangeName","COUNTRY","multiple_ranges","all_gmba_intersec","note","percPA"
1666,67184617.2242714,67172395.6738014,2000,FALSE,1,"20054","ESP","P치ramos de la Lora","ESP",FALSE,"20054","",0.999818090048364
1667,32871923.3420291,14847979.1833326,2000,FALSE,1,"20054","ESP","P치ramos de la Lora","ESP",TRUE,"20054","",0.451691829189331
1667,32871923.3420291,330839.716594244,2006,FALSE,2,"20054","ESP","P치ramos de la Lora","ESP",TRUE,"20054","",0.0100645074263495
1667,32871923.3420291,0.192498231785877,2015,FALSE,1,"20054","ESP","P치ramos de la Lora","ESP",TRUE,"20054","",5.85600756557357e-09
