"SitRecID","kba","ovl","year","random","nPAs","DOMAIN","range_countries","RangeName","COUNTRY","multiple_ranges","all_gmba_intersec","note","percPA"
6464,108590092.910056,0,0,FALSE,0,"13014","LSO;ZAF","Maloti Mountains","LSO",NA,NA,"no pas overlapping kba",0
6466,457089989.664976,1612098.32766751,1996,TRUE,1,"13014","LSO;ZAF","Maloti Mountains","LSO",FALSE,"13014","",0.00352687296619446
7112,468505825.331998,884425.268023596,1963,FALSE,1,"13014","LSO;ZAF","Maloti Mountains","ZAF",TRUE,"13014","",0.00188775724911609
7112,468505825.331998,6964630.27424182,1985,FALSE,1,"13014","LSO;ZAF","Maloti Mountains","ZAF",TRUE,"13014","",0.0148656215092021
7112,468505825.331998,15906363.8026297,2000,FALSE,1,"13014","LSO;ZAF","Maloti Mountains","ZAF",TRUE,"13014","",0.0339512615267013
7112,468505825.331998,7559251.44020372,2001,FALSE,2,"13014","LSO;ZAF","Maloti Mountains","ZAF",TRUE,"13014","",0.0161348077899501
7111,249773553.263463,248719695.136848,1963,FALSE,1,"13014","LSO;ZAF","Maloti Mountains","ZAF",FALSE,"13014","",0.995780745748114
