"SitRecID","kba","ovl","year","random","nPAs","DOMAIN","range_countries","RangeName","COUNTRY","multiple_ranges","all_gmba_intersec","note","percPA"
1044,215900447.079102,34687764.2431617,1966,FALSE,1,"19896","GRC","Oeta Mountains","GRC",TRUE,"19896","",0.160665550777914
1044,215900447.079102,36548004.2901645,1971,FALSE,1,"19896","GRC","Oeta Mountains","GRC",TRUE,"19896","",0.169281744362363
1044,215900447.079102,398574.157222136,1977,FALSE,1,"19896","GRC","Oeta Mountains","GRC",TRUE,"19896","",0.00184610158345853
1044,215900447.079102,31697080.0990944,1987,FALSE,2,"19896","GRC","Oeta Mountains","GRC",TRUE,"19896","",0.146813406493231
1044,215900447.079102,9916993.47927538,1991,FALSE,1,"19896","GRC","Oeta Mountains","GRC",TRUE,"19896","",0.0459331771353024
1044,215900447.079102,350390.345484421,2006,FALSE,3,"19896","GRC","Oeta Mountains","GRC",TRUE,"19896","",0.00162292552065001
