"SitRecID","kba","ovl","year","random","nPAs","DOMAIN","range_countries","RangeName","COUNTRY","multiple_ranges","all_gmba_intersec","note","percPA"
1873,281143849.672809,136023404.136532,1989,FALSE,1,"12818","ESP","Sierra de las Nieves","ESP",TRUE,"12818","",0.483821375764876
1873,281143849.672809,592578.850521782,1992,FALSE,1,"12818","ESP","Sierra de las Nieves","ESP",TRUE,"12818","",0.00210774253540106
1873,281143849.672809,NA,2001,FALSE,1,"12818","ESP","Sierra de las Nieves","ESP",TRUE,"12818","",NA
1873,281143849.672809,0.75701231960669,2002,FALSE,1,"12818","ESP","Sierra de las Nieves","ESP",TRUE,"12818","",2.69261561470289e-09
1873,281143849.672809,282786.125066042,2006,FALSE,2,"12818","ESP","Sierra de las Nieves","ESP",TRUE,"12818","",0.00100584140608142
1873,281143849.672809,0.000140509716644612,2015,FALSE,1,"12818","ESP","Sierra de las Nieves","ESP",TRUE,"12818","",4.99778731806279e-13
