"SitRecID","kba","ovl","year","random","nPAs","DOMAIN","range_countries","RangeName","COUNTRY","multiple_ranges","all_gmba_intersec","note","percPA"
1665,1584494.29180174,339798.351880981,2000,FALSE,1,"17822","ESP","Sierra de la Cabrera","ESP",TRUE,"17822","",0.214452241096176
1665,1584494.29180174,1187934.45540308,2015,FALSE,1,"17822","ESP","Sierra de la Cabrera","ESP",TRUE,"17822","",0.749724667074865
1664,431535549.805077,47944427.9029467,1978,FALSE,1,"17822","ESP","Sierra de la Cabrera","ESP",TRUE,"17822","",0.111101919470141
1664,431535549.805077,14676196.3089598,1990,FALSE,2,"17822","ESP","Sierra de la Cabrera","ESP",TRUE,"17822","",0.0340092405262765
1664,431535549.805077,85452741.662079,2000,FALSE,2,"17822","ESP","Sierra de la Cabrera","ESP",TRUE,"17822","",0.198020167053856
1664,431535549.805077,7128087.93610579,2004,FALSE,1,"17822","ESP","Sierra de la Cabrera","ESP",TRUE,"17822","",0.0165179622845106
1664,431535549.805077,92.6472863094718,2006,FALSE,1,"17822","ESP","Sierra de la Cabrera","ESP",TRUE,"17822","",2.14692129886681e-07
1664,431535549.805077,0.274437442237254,2008,FALSE,1,"17822","ESP","Sierra de la Cabrera","ESP",TRUE,"17822","",6.35955583175514e-10
1664,431535549.805077,17713420.7731846,2015,FALSE,2,"17822","ESP","Sierra de la Cabrera","ESP",TRUE,"17822","",0.0410474195722362
