"SitRecID","kba","ovl","year","random","nPAs","DOMAIN","range_countries","RangeName","COUNTRY","multiple_ranges","all_gmba_intersec","note","percPA"
29627,128069677.178449,14686878.6562497,1932,FALSE,1,"19604","USA","Gravelly Range (nn)","USA",TRUE,"19604","",0.114678813750622
29627,128069677.178449,9250542.29833294,1993,FALSE,1,"19604","USA","Gravelly Range (nn)","USA",TRUE,"19604","",0.0722305427961959
29627,128069677.178449,11433076.0291937,2000,FALSE,1,"19604","USA","Gravelly Range (nn)","USA",TRUE,"19604","",0.0892723108317295
29627,128069677.178449,78593.8965831995,2006,FALSE,1,"19604","USA","Gravelly Range (nn)","USA",TRUE,"19604","",0.000613680758121135
