"SitRecID","kba","ovl","year","random","nPAs","DOMAIN","range_countries","RangeName","COUNTRY","multiple_ranges","all_gmba_intersec","note","percPA"
28276,256721.076130832,235146.885390344,1978,FALSE,1,"13565","NZL","Resolution Island","NZL",TRUE,"13565","",0.915962526078329
28276,256721.076130832,15.4100494829472,1990,FALSE,1,"13565","NZL","Resolution Island","NZL",TRUE,"13565","",6.00264291315679e-05
28279,353848.196504414,352645.357215941,1978,FALSE,1,"13565","NZL","Resolution Island","NZL",TRUE,"13565","",0.996600691199346
27403,21580685.2583285,93114.32351663,1978,FALSE,1,"13565","NZL","Resolution Island","NZL",TRUE,"13565","",0.0043147065258595
27403,21580685.2583285,13728789.4961085,1990,FALSE,1,"13565","NZL","Resolution Island","NZL",TRUE,"13565","",0.636160962071869
27403,21580685.2583285,514136.271730333,2005,FALSE,1,"13565","NZL","Resolution Island","NZL",TRUE,"13565","",0.0238239085356159
