"SitRecID","kba","ovl","year","random","nPAs","DOMAIN","range_countries","RangeName","COUNTRY","multiple_ranges","all_gmba_intersec","note","percPA"
27150,370773728.636581,3501694.94739852,1996,FALSE,1,"19835","AUS","Bimberi Range","AUS",TRUE,"19835","",0.00944429088941941
27150,370773728.636581,31891.9862851515,2007,FALSE,1,"19835","AUS","Bimberi Range","AUS",TRUE,"19835","",8.60146871851617e-05
27150,370773728.636581,62279424.2887456,2012,FALSE,1,"19835","AUS","Bimberi Range","AUS",TRUE,"19835","",0.167971513294001
27150,370773728.636581,304910330.283771,2016,FALSE,2,"19835","AUS","Bimberi Range","AUS",TRUE,"19835","",0.822362283878622
