"SitRecID","kba","ovl","year","random","nPAs","DOMAIN","range_countries","RangeName","COUNTRY","multiple_ranges","all_gmba_intersec","note","percPA"
1648,2393742.05154218,342910.679372013,1989,FALSE,1,"17829","ESP","Serra de Meira","ESP",TRUE,"17829","",0.143252978804083
1648,2393742.05154218,1788690.25852263,1990,FALSE,1,"17829","ESP","Serra de Meira","ESP",TRUE,"17829","",0.747236009565132
1648,2393742.05154218,280.091278820343,1994,FALSE,1,"17829","ESP","Serra de Meira","ESP",TRUE,"17829","",0.000117009800049213
1648,2393742.05154218,38678.6284212414,2004,FALSE,9,"17829","ESP","Serra de Meira","ESP",TRUE,"17829","",0.016158227406467
1648,2393742.05154218,25900.0194431867,2014,FALSE,2,"17829","ESP","Serra de Meira","ESP",TRUE,"17829","",0.0108198873920022
