"SitRecID","kba","ovl","year","random","nPAs","DOMAIN","range_countries","RangeName","COUNTRY","multiple_ranges","all_gmba_intersec","note","percPA"
1836,369342716.641136,81147337.6297374,1989,FALSE,4,"17856","ESP","Sierra Alhamilla","ESP",TRUE,"17856","",0.219707426120934
1836,369342716.641136,110344194.455083,2006,FALSE,2,"17856","ESP","Sierra Alhamilla","ESP",TRUE,"17856","",0.298758279190046
1836,369342716.641136,0.914113547978754,2015,FALSE,4,"17856","ESP","Sierra Alhamilla","ESP",TRUE,"17856","",2.47497380290007e-09
1836,369342716.641136,7.95196352663535e-05,2016,FALSE,2,"17856","ESP","Sierra Alhamilla","ESP",TRUE,"17856","",2.15300401723143e-13
1837,5289953.21046844,3391578.09954947,1989,FALSE,2,"17856","ESP","Sierra Alhamilla","ESP",TRUE,"17856","",0.641135746312042
1837,5289953.21046844,1898367.52133873,2006,FALSE,1,"17856","ESP","Sierra Alhamilla","ESP",TRUE,"17856","",0.358862818972008
