"SitRecID","kba","ovl","year","random","nPAs","DOMAIN","range_countries","RangeName","COUNTRY","multiple_ranges","all_gmba_intersec","note","percPA"
1057,10818.5669270158,8574.90555667877,2002,FALSE,1,"19962","GRC","Erimanthos","GRC",TRUE,"19962","",0.792610113199539
1057,10818.5669270158,NA,2006,FALSE,1,"19962","GRC","Erimanthos","GRC",TRUE,"19962","",NA
1122,319536372.740144,7244861.06672757,1976,FALSE,1,"19962","GRC","Erimanthos","GRC",TRUE,"19962","",0.0226730403321543
1122,319536372.740144,3160.97538600862,1977,FALSE,1,"19962","GRC","Erimanthos","GRC",TRUE,"19962","",9.89238051024386e-06
1122,319536372.740144,134288013.750291,2006,FALSE,1,"19962","GRC","Erimanthos","GRC",TRUE,"19962","",0.420258928893513
1122,319536372.740144,173931672.288362,2010,FALSE,1,"19962","GRC","Erimanthos","GRC",TRUE,"19962","",0.544325113278443
