"SitRecID","kba","ovl","year","random","nPAs","DOMAIN","range_countries","RangeName","COUNTRY","multiple_ranges","all_gmba_intersec","in_gmba","note","percPA"
24399,970472512.120948,1792677.42867696,1927,FALSE,1,"20612","ROU","Măcin Mountains","ROU",FALSE,"20612",TRUE,"",0.00184722123119088
24399,970472512.120948,112489043.218932,2000,FALSE,3,"20612","ROU","Măcin Mountains","ROU",FALSE,"20612",TRUE,"",0.115911622239654
24399,970472512.120948,12950675.9993686,2005,FALSE,7,"20612","ROU","Măcin Mountains","ROU",FALSE,"20612",TRUE,"",0.0133447118157578
24399,970472512.120948,535674962.768329,2007,FALSE,4,"20612","ROU","Măcin Mountains","ROU",FALSE,"20612",TRUE,"",0.551973349144761
24399,970472512.120948,16267916.7997355,2008,FALSE,3,"20612","ROU","Măcin Mountains","ROU",FALSE,"20612",TRUE,"",0.0167628826129061
24399,970472512.120948,NA,2009,FALSE,1,"20612","ROU","Măcin Mountains","ROU",FALSE,"20612",TRUE,"",NA
