"SitRecID","kba","ovl","year","random","nPAs","DOMAIN","range_countries","RangeName","COUNTRY","multiple_ranges","all_gmba_intersec","note","percPA"
1766,37973806.5808411,2642496.63609934,1990,FALSE,1,"17947","ESP","Sierra del Vedao","ESP",TRUE,"17947","",0.0695873517571597
1766,37973806.5808411,31279444.1819367,1993,FALSE,1,"17947","ESP","Sierra del Vedao","ESP",TRUE,"17947","",0.823711052389413
1766,37973806.5808411,9605.91956528649,2003,FALSE,1,"17947","ESP","Sierra del Vedao","ESP",TRUE,"17947","",0.000252961723624856
1766,37973806.5808411,3790165.80588822,2006,FALSE,2,"17947","ESP","Sierra del Vedao","ESP",TRUE,"17947","",0.0998100045045384
1763,14457703.1819108,14172071.9525845,2006,FALSE,1,"17947","ESP","Sierra del Vedao","ESP",TRUE,"17947","",0.980243664866239
