"SitRecID","kba","ovl","year","random","nPAs","DOMAIN","range_countries","RangeName","COUNTRY","multiple_ranges","all_gmba_intersec","note","percPA"
2311,88583.4568798393,88583.4568798393,2009,FALSE,1,"17937","FRA;ESP","Massif de Bassiès","FRA",TRUE,"17937","",1
1773,60006129.3047669,55332044.3280923,1992,FALSE,1,"17937","FRA;ESP","Massif de Bassiès","ESP",TRUE,"17937","",0.922106540934589
1773,60006129.3047669,73532.713004092,2001,FALSE,1,"17937","FRA;ESP","Massif de Bassiès","ESP",TRUE,"17937","",0.00122542003385395
1773,60006129.3047669,NA,2003,FALSE,2,"17937","FRA;ESP","Massif de Bassiès","ESP",TRUE,"17937","",NA
1773,60006129.3047669,1671464.44864178,2009,FALSE,1,"17937","FRA;ESP","Massif de Bassiès","ESP",TRUE,"17937","",0.0278548952916548
1773,60006129.3047669,0.0138807624743443,2015,FALSE,1,"17937","FRA;ESP","Massif de Bassiès","ESP",TRUE,"17937","",2.31322410479851e-10
