"SitRecID","kba","ovl","year","random","nPAs","DOMAIN","range_countries","RangeName","COUNTRY","multiple_ranges","all_gmba_intersec","note","percPA"
24331,2541492739.49847,2521248192.6756,2000,FALSE,1,"18441","AUS","Hunter Range","AUS",TRUE,"18441","",0.992034387307807
24449,18866000.2791883,18864353.7943511,2018,FALSE,1,"18441","AUS","Hunter Range","AUS",FALSE,"18441","",0.999912727403114
24546,154710343.850001,3037.77605202794,2000,FALSE,1,"18441","AUS","Hunter Range","AUS",TRUE,"18441","",1.96352485324007e-05
24546,154710343.850001,197753.795366752,2016,FALSE,1,"18441","AUS","Hunter Range","AUS",TRUE,"18441","",0.00127821960992138
26807,2495059397.47884,2487731212.75122,2000,FALSE,1,"18441","AUS","Hunter Range","AUS",TRUE,"18441","",0.997062921734439
