"SitRecID","kba","ovl","year","random","nPAs","DOMAIN","range_countries","RangeName","COUNTRY","multiple_ranges","all_gmba_intersec","note","percPA"
3374,213610107.50763,208176719.031445,1978,FALSE,1,"15426","DEU","Berchtesgaden Alps","DEU",FALSE,"15426","",0.97456399165947
3374,213610107.50763,16867.9771913104,1999,FALSE,1,"15426","DEU","Berchtesgaden Alps","DEU",FALSE,"15426","",7.89661940070315e-05
3374,213610107.50763,5344820.11136289,2004,FALSE,2,"15426","DEU","Berchtesgaden Alps","DEU",FALSE,"15426","",0.0250213820578316
9439,13489.0353979766,8038.83776003122,1989,FALSE,1,"15426","DEU","Berchtesgaden Alps","DEU",TRUE,"15426","",0.595953492807725
9439,13489.0353979766,5200.93583810329,2006,FALSE,1,"15426","DEU","Berchtesgaden Alps","DEU",TRUE,"15426","",0.385567661782802
