"SitRecID","kba","ovl","year","random","nPAs","DOMAIN","range_countries","RangeName","COUNTRY","multiple_ranges","all_gmba_intersec","note","percPA"
27354,178572475.121453,1421264.90592678,1955,FALSE,1,"20251","POL","Beskid Sądecki","POL",TRUE,"20251","",0.00795903682782094
27354,178572475.121453,253959.746726722,1960,FALSE,1,"20251","POL","Beskid Sądecki","POL",TRUE,"20251","",0.00142216624680817
27354,178572475.121453,33660.2107362151,1963,FALSE,1,"20251","POL","Beskid Sądecki","POL",TRUE,"20251","",0.0001884960754076
27354,178572475.121453,628194.593254983,1964,FALSE,1,"20251","POL","Beskid Sądecki","POL",TRUE,"20251","",0.00351786910512232
27354,178572475.121453,143537010.870251,1987,FALSE,1,"20251","POL","Beskid Sądecki","POL",TRUE,"20251","",0.803802550043764
27354,178572475.121453,32597318.0832407,1997,FALSE,1,"20251","POL","Beskid Sądecki","POL",TRUE,"20251","",0.182543911434672
