"SitRecID","kba","ovl","year","random","nPAs","DOMAIN","range_countries","RangeName","COUNTRY","multiple_ranges","all_gmba_intersec","note","percPA"
2736,107333780.878676,31870908.7375466,1975,FALSE,2,"15448","ITA","Southeast Dolomites","ITA",TRUE,"15448","",0.296932694223933
2736,107333780.878676,71383518.5628661,1988,FALSE,1,"15448","ITA","Southeast Dolomites","ITA",TRUE,"15448","",0.665061064452335
2736,107333780.878676,3291083.62849769,2003,FALSE,2,"15448","ITA","Southeast Dolomites","ITA",TRUE,"15448","",0.0306621419794923
2874,1170261.16663182,933623.659554693,2005,FALSE,1,"15448","ITA","Southeast Dolomites","ITA",TRUE,"15448","",0.797790857438942
2874,1170261.16663182,1.51369179738197e-05,2018,FALSE,1,"15448","ITA","Southeast Dolomites","ITA",TRUE,"15448","",1.29346494657991e-11
