"SitRecID","kba","ovl","year","random","nPAs","DOMAIN","range_countries","RangeName","COUNTRY","multiple_ranges","all_gmba_intersec","in_gmba","note","percPA"
1737,544102954.78554,128406677.161445,1989,FALSE,1,"18664","ESP","Sierra de Montánchez","ESP",FALSE,"18664",TRUE,"",0.235997022313649
1737,544102954.78554,1689532.55554373,1998,FALSE,1,"18664","ESP","Sierra de Montánchez","ESP",FALSE,"18664",TRUE,"",0.00310517070470544
1737,544102954.78554,5929711.78305602,2008,FALSE,3,"18664","ESP","Sierra de Montánchez","ESP",FALSE,"18664",TRUE,"",0.0108981429542011
1737,544102954.78554,43310.6009705514,2014,FALSE,1,"18664","ESP","Sierra de Montánchez","ESP",FALSE,"18664",TRUE,"",7.96000106039166e-05
1731,1107921042.68919,2229607.74637832,1989,FALSE,1,"18664","ESP","Sierra de Montánchez","ESP",FALSE,"18664",TRUE,"",0.00201242476717161
1731,1107921042.68919,131978067.712892,2003,FALSE,2,"18664","ESP","Sierra de Montánchez","ESP",FALSE,"18664",TRUE,"",0.119122268309437
1731,1107921042.68919,109332757.38569,2004,FALSE,3,"18664","ESP","Sierra de Montánchez","ESP",FALSE,"18664",TRUE,"",0.0986828060601809
1731,1107921042.68919,113829.702877821,2008,FALSE,2,"18664","ESP","Sierra de Montánchez","ESP",FALSE,"18664",TRUE,"",0.00010274171036731
