"SitRecID","kba","ovl","year","random","nPAs","DOMAIN","range_countries","RangeName","COUNTRY","multiple_ranges","all_gmba_intersec","note","percPA"
24677,64373761.9671383,109947.209291816,1970,FALSE,1,"18527","CHL;BOL","Cordillera de Pacajes y Carangas","CHL",FALSE,"18527","",0.00170795066082889
24689,14994538.9864259,10505836.1193074,1983,FALSE,2,"18527","CHL;BOL","Cordillera de Pacajes y Carangas","CHL",TRUE,"18527","",0.700644156437089
24689,14994538.9864259,1336059.62748327,1996,FALSE,1,"18527","CHL;BOL","Cordillera de Pacajes y Carangas","CHL",TRUE,"18527","",0.0891030813746765
24678,1074077514.01901,3270552.22867441,1939,FALSE,1,"18527","CHL;BOL","Cordillera de Pacajes y Carangas","CHL",TRUE,"18527","",0.00304498715035618
24678,1074077514.01901,1032880666.40214,1970,FALSE,1,"18527","CHL;BOL","Cordillera de Pacajes y Carangas","CHL",TRUE,"18527","",0.961644437129384
24678,1074077514.01901,1430043.66185906,1983,FALSE,1,"18527","CHL;BOL","Cordillera de Pacajes y Carangas","CHL",TRUE,"18527","",0.00133141569690634
14358,771190265.877871,636825391.985046,1939,FALSE,1,"18527","CHL;BOL","Cordillera de Pacajes y Carangas","BOL",FALSE,"18527","",0.825769489271402
14358,771190265.877871,3633.70272670686,1970,FALSE,1,"18527","CHL;BOL","Cordillera de Pacajes y Carangas","BOL",FALSE,"18527","",4.71181093367471e-06
