"SitRecID","kba","ovl","year","random","nPAs","DOMAIN","range_countries","RangeName","COUNTRY","multiple_ranges","all_gmba_intersec","note","percPA"
18447,1158421441.45746,391029472.685209,1972,FALSE,1,"14368","IND","Gangotri Group","IND",FALSE,"14368","",0.337553725001186
18453,90867233.9276114,76480520.4112038,1982,FALSE,1,"14368","IND","Gangotri Group","IND",FALSE,"14368","",0.841673253442834
18453,90867233.9276114,2674.23515592176,1988,FALSE,1,"14368","IND","Gangotri Group","IND",FALSE,"14368","",2.94301371388961e-05
18454,1405705682.02796,238321644.807071,1972,FALSE,1,"14368","IND","Gangotri Group","IND",TRUE,"14368","",0.16953879311582
18454,1405705682.02796,137796048.316262,1989,FALSE,1,"14368","IND","Gangotri Group","IND",TRUE,"14368","",0.0980262440978888
