"SitRecID","kba","ovl","year","random","nPAs","DOMAIN","range_countries","RangeName","COUNTRY","multiple_ranges","all_gmba_intersec","note","percPA"
6747,8202796.83132427,8201688.15911356,1971,TRUE,1,"12106","NGA","Gotel Mountains","NGA",TRUE,"12106","",0.999864842171091
6736,9347148.93602147,9347148.48039322,1975,TRUE,1,"12106","NGA","Gotel Mountains","NGA",FALSE,"12106","",0.999999951254842
6735,437917481.013328,4665465.4476532,1971,TRUE,1,"12106","NGA","Gotel Mountains","NGA",TRUE,"12106","",0.0106537547595895
6735,437917481.013328,433251276.210848,1991,TRUE,1,"12106","NGA","Gotel Mountains","NGA",TRUE,"12106","",0.989344556897608
