"SitRecID","kba","ovl","year","random","nPAs","DOMAIN","range_countries","RangeName","COUNTRY","multiple_ranges","all_gmba_intersec","note","percPA"
15084,539134432.948137,5286.88364888728,1978,FALSE,1,"12531","THA","Daen Lao Range","THA",FALSE,"12531","",9.80624372288211e-06
15084,539134432.948137,500814273.469051,2000,FALSE,1,"12531","THA","Daen Lao Range","THA",FALSE,"12531","",0.928922811942208
21908,595535565.314717,595535551.750378,1972,FALSE,1,"12531","THA","Daen Lao Range","THA",TRUE,"12531","",0.999999977223294
23519,403171.213970557,403171.247313634,1989,FALSE,1,"12531","THA","Daen Lao Range","THA",TRUE,"12531","",1.00000008270203
23496,276032052.646051,5925294.52105403,1972,FALSE,1,"12531","THA","Daen Lao Range","THA",TRUE,"12531","",0.0214659655074619
23496,276032052.646051,227800831.345118,1995,FALSE,1,"12531","THA","Daen Lao Range","THA",TRUE,"12531","",0.825269490124111
23496,276032052.646051,35734194.6762942,2000,FALSE,1,"12531","THA","Daen Lao Range","THA",TRUE,"12531","",0.129456685677425
