"SitRecID","kba","ovl","year","random","nPAs","DOMAIN","range_countries","RangeName","COUNTRY","multiple_ranges","all_gmba_intersec","note","percPA"
2557,623458341.291128,43894735.2655851,1952,FALSE,1,"19005","GBR","North Pennines","GBR",TRUE,"19005","",0.0704052417915894
2557,623458341.291128,23174597.1129932,1976,FALSE,1,"19005","GBR","North Pennines","GBR",TRUE,"19005","",0.0371710434814308
2557,623458341.291128,57460391.904549,1984,FALSE,3,"19005","GBR","North Pennines","GBR",TRUE,"19005","",0.0921639636508087
2557,623458341.291128,575596.208918829,1985,FALSE,3,"19005","GBR","North Pennines","GBR",TRUE,"19005","",0.00092323122620642
2557,623458341.291128,126039.212564555,1986,FALSE,4,"19005","GBR","North Pennines","GBR",TRUE,"19005","",0.000202161402321668
2557,623458341.291128,25286.8845729232,1987,FALSE,2,"19005","GBR","North Pennines","GBR",TRUE,"19005","",4.05590604827842e-05
2557,623458341.291128,498062699.062047,1988,FALSE,2,"19005","GBR","North Pennines","GBR",TRUE,"19005","",0.798870856440227
