"SitRecID","kba","ovl","year","random","nPAs","DOMAIN","range_countries","RangeName","COUNTRY","multiple_ranges","all_gmba_intersec","note","percPA"
3099,1787351.27270532,97198.5278388038,1997,FALSE,2,"20305","SVK","Stolicke vrchy","SVK",TRUE,"20305","",0.0543813235389847
3099,1787351.27270532,1320.64720759541,2004,FALSE,1,"20305","SVK","Stolicke vrchy","SVK",TRUE,"20305","",0.000738885090895697
3120,100505516.75723,26796.2358011976,1964,TRUE,1,"20305","SVK","Stolicke vrchy","SVK",TRUE,"20305","",0.000266614576649794
3120,100505516.75723,25588858.9005868,1997,TRUE,2,"20305","SVK","Stolicke vrchy","SVK",TRUE,"20305","",0.25460153557935
3120,100505516.75723,33610088.5143866,2004,TRUE,6,"20305","SVK","Stolicke vrchy","SVK",TRUE,"20305","",0.334410384611736
3120,100505516.75723,261373.316604399,2011,TRUE,3,"20305","SVK","Stolicke vrchy","SVK",TRUE,"20305","",0.00260058676416484
24039,89978.1161878407,88600.7236766815,2011,FALSE,1,"20305","SVK","Stolicke vrchy","SVK",TRUE,"20305","",0.984691916551312
