"SitRecID","kba","ovl","year","random","nPAs","DOMAIN","range_countries","RangeName","COUNTRY","multiple_ranges","all_gmba_intersec","note","percPA"
1766,5401321.88036561,4443543.61148024,1993,FALSE,1,"17931","ESP","Sierra Telera","ESP",TRUE,"17931","",0.822677061264021
1767,181893127.836883,32870455.6619971,2001,FALSE,1,"17931","ESP","Sierra Telera","ESP",TRUE,"17931","",0.180713015675196
1767,181893127.836883,3070201.32354075,2003,FALSE,1,"17931","ESP","Sierra Telera","ESP",TRUE,"17931","",0.0168791496416183
1767,181893127.836883,23458545.977834,2006,FALSE,7,"17931","ESP","Sierra Telera","ESP",TRUE,"17931","",0.12896884152144
1768,184901.434338302,22982.3055573702,2001,FALSE,1,"17931","ESP","Sierra Telera","ESP",TRUE,"17931","",0.124294901440953
1768,184901.434338302,79166.0556666339,2006,FALSE,2,"17931","ESP","Sierra Telera","ESP",TRUE,"17931","",0.428152739593079
