"SitRecID","kba","ovl","year","random","nPAs","DOMAIN","range_countries","RangeName","COUNTRY","multiple_ranges","all_gmba_intersec","note","percPA"
26108,416490991.047092,81348576.0851031,1981,TRUE,1,"15917","USA","Southern Catskills","USA",TRUE,"15917","",0.195318933263325
26108,416490991.047092,4014.85171228694,1984,TRUE,1,"15917","USA","Southern Catskills","USA",TRUE,"15917","",9.63970841768575e-06
26108,416490991.047092,123402.06146057,1995,TRUE,1,"15917","USA","Southern Catskills","USA",TRUE,"15917","",0.000296289869680798
26108,416490991.047092,17270.3167526685,1998,TRUE,1,"15917","USA","Southern Catskills","USA",TRUE,"15917","",4.14662432655493e-05
26108,416490991.047092,167917.216589704,2003,TRUE,1,"15917","USA","Southern Catskills","USA",TRUE,"15917","",0.000403171305500622
26108,416490991.047092,204857357.219097,2007,TRUE,1,"15917","USA","Southern Catskills","USA",TRUE,"15917","",0.49186503819463
26108,416490991.047092,6819986.98368382,2012,TRUE,1,"15917","USA","Southern Catskills","USA",TRUE,"15917","",0.0163748727590429
