"SitRecID","kba","ovl","year","random","nPAs","DOMAIN","range_countries","RangeName","COUNTRY","multiple_ranges","all_gmba_intersec","note","percPA"
20422,96154034.1652418,92150173.7108105,1983,FALSE,1,"15347","NIC","Cordillera de los Maribios","NIC",FALSE,"15347","",0.958359932693508
20426,699880.180399621,683498.687866176,1983,FALSE,1,"15347","NIC","Cordillera de los Maribios","NIC",FALSE,"15347","",0.976593861360538
20426,699880.180399621,0.000135842710733414,2001,FALSE,1,"15347","NIC","Cordillera de los Maribios","NIC",FALSE,"15347","",1.94094238610743e-10
20427,178178869.441335,173724757.256788,1983,FALSE,1,"15347","NIC","Cordillera de los Maribios","NIC",FALSE,"15347","",0.975002017924393
20429,74691410.9910332,73745309.9823868,1991,FALSE,1,"15347","NIC","Cordillera de los Maribios","NIC",FALSE,"15347","",0.987333202089863
20430,216116.236002075,65532.3703032117,1991,FALSE,1,"15347","NIC","Cordillera de los Maribios","NIC",FALSE,"15347","",0.303227427589395
30345,43861.7451796532,43861.7451796532,1983,FALSE,1,"15347","NIC","Cordillera de los Maribios","NIC",FALSE,"15347","",1
