"SitRecID","kba","ovl","year","random","nPAs","DOMAIN","range_countries","RangeName","COUNTRY","multiple_ranges","all_gmba_intersec","in_gmba","note","percPA"
2562,1440827344.07852,290862.286318744,1936,FALSE,1,"18999","GBR","North York Moors","GBR",FALSE,"18999",TRUE,"",0.000201871714549368
2562,1440827344.07852,1048265.20403975,1937,FALSE,1,"18999","GBR","North York Moors","GBR",FALSE,"18999",TRUE,"",0.000727543940880833
2562,1440827344.07852,1377543.45362112,1944,FALSE,1,"18999","GBR","North York Moors","GBR",FALSE,"18999",TRUE,"",0.000956078088941408
2562,1440827344.07852,1436689508.70193,1952,FALSE,1,"18999","GBR","North York Moors","GBR",FALSE,"18999",TRUE,"",0.997128153214475
2613,12511747.8608166,12335895.4058035,1995,FALSE,3,"18999","GBR","North York Moors","GBR",FALSE,"18999",TRUE,"",0.985945012881547
