"SitRecID","kba","ovl","year","random","nPAs","DOMAIN","range_countries","RangeName","COUNTRY","multiple_ranges","all_gmba_intersec","note","percPA"
44629,3961175.13139287,189844.460077569,1978,FALSE,1,"13570","NZL","Paddock Hill Range*","NZL",TRUE,"13570","",0.047926298075797
44629,3961175.13139287,808568.938126862,1987,FALSE,1,"13570","NZL","Paddock Hill Range*","NZL",TRUE,"13570","",0.204123501563675
44629,3961175.13139287,4048.55882525444,1990,FALSE,1,"13570","NZL","Paddock Hill Range*","NZL",TRUE,"13570","",0.00102206004303345
44629,3961175.13139287,192081.894413777,1993,FALSE,1,"13570","NZL","Paddock Hill Range*","NZL",TRUE,"13570","",0.0484911391297751
44629,3961175.13139287,21375.4786813259,2012,FALSE,1,"13570","NZL","Paddock Hill Range*","NZL",TRUE,"13570","",0.00539624681370997
44629,3961175.13139287,44218.6316494942,2020,FALSE,1,"13570","NZL","Paddock Hill Range*","NZL",TRUE,"13570","",0.0111630084969118
