"SitRecID","kba","ovl","year","random","nPAs","DOMAIN","range_countries","RangeName","COUNTRY","multiple_ranges","all_gmba_intersec","note","percPA"
1060,798306150.910525,8339274.80554941,1976,FALSE,1,"11973","GRC","Taiyetos Oros","GRC",FALSE,"11973","",0.0104462113889989
1060,798306150.910525,934381.966466427,1980,FALSE,1,"11973","GRC","Taiyetos Oros","GRC",FALSE,"11973","",0.00117045567718688
1060,798306150.910525,472552357.675982,2002,FALSE,1,"11973","GRC","Taiyetos Oros","GRC",FALSE,"11973","",0.591943776378276
1060,798306150.910525,12655657.1244164,2005,FALSE,1,"11973","GRC","Taiyetos Oros","GRC",FALSE,"11973","",0.0158531374335293
1060,798306150.910525,76587963.2515303,2006,FALSE,3,"11973","GRC","Taiyetos Oros","GRC",FALSE,"11973","",0.0959380848615237
1062,221309592.75981,528.838370531168,2006,TRUE,1,"11973","GRC","Taiyetos Oros","GRC",FALSE,"11973","",2.38958629825469e-06
1062,221309592.75981,220457324.57329,2010,TRUE,1,"11973","GRC","Taiyetos Oros","GRC",FALSE,"11973","",0.99614897765663
