"SitRecID","kba","ovl","year","random","nPAs","DOMAIN","range_countries","RangeName","COUNTRY","multiple_ranges","all_gmba_intersec","note","percPA"
1032,107066758.066814,101491521.895075,1992,FALSE,1,"19890","GRC","Mavrovouni","GRC",TRUE,"19890","",0.947927477469156
1032,107066758.066814,487220.104807499,2006,FALSE,1,"19890","GRC","Mavrovouni","GRC",TRUE,"19890","",0.0045506197591549
1032,107066758.066814,4763028.83504909,2010,FALSE,1,"19890","GRC","Mavrovouni","GRC",TRUE,"19890","",0.0444865327114583
1126,1620471.05112627,249513.9956247,1992,FALSE,1,"19890","GRC","Mavrovouni","GRC",TRUE,"19890","",0.153976212935912
1126,1620471.05112627,1366384.14130244,2006,FALSE,1,"19890","GRC","Mavrovouni","GRC",TRUE,"19890","",0.843201821070961
