"SitRecID","kba","ovl","year","random","nPAs","DOMAIN","range_countries","RangeName","COUNTRY","multiple_ranges","all_gmba_intersec","note","percPA"
9322,73769.5134406686,73769.5134406686,1980,FALSE,1,"15493","DEU","Hunsrück","DEU",FALSE,"15493","",1
9326,769239.566656575,769239.566656575,1976,FALSE,1,"15493","DEU","Hunsrück","DEU",FALSE,"15493","",1
9360,38594286.8714199,103869.317703247,1966,FALSE,1,"15493","DEU","Hunsrück","DEU",FALSE,"15493","",0.00269131330368395
9360,38594286.8714199,9083932.40453902,1968,FALSE,1,"15493","DEU","Hunsrück","DEU",FALSE,"15493","",0.235369873131816
9360,38594286.8714199,11763257.5737721,1979,FALSE,1,"15493","DEU","Hunsrück","DEU",FALSE,"15493","",0.304792717454851
9360,38594286.8714199,6883885.69288422,1980,FALSE,1,"15493","DEU","Hunsrück","DEU",FALSE,"15493","",0.178365407186262
9360,38594286.8714199,0.00093359500169754,2004,FALSE,1,"15493","DEU","Hunsrück","DEU",FALSE,"15493","",2.41899793305649e-11
9360,38594286.8714199,516900.40711618,2007,FALSE,5,"15493","DEU","Hunsrück","DEU",FALSE,"15493","",0.0133931845622197
9320,1944700.90836669,1944700.90836669,1979,FALSE,1,"15493","DEU","Hunsrück","DEU",FALSE,"15493","",1
