"SitRecID","kba","ovl","year","random","nPAs","DOMAIN","range_countries","RangeName","COUNTRY","multiple_ranges","all_gmba_intersec","note","percPA"
28558,12108596.0094453,10283.6552038193,1971,TRUE,1,"11330","NZL","Eyre Mountains","NZL",TRUE,"11330","",0.00084928551549639
28558,12108596.0094453,22863.0202586614,1987,TRUE,1,"11330","NZL","Eyre Mountains","NZL",TRUE,"11330","",0.00188816442804988
28558,12108596.0094453,4677.52579800598,1997,TRUE,1,"11330","NZL","Eyre Mountains","NZL",TRUE,"11330","",0.000386297948528243
28555,22254459.7480196,92833.4481817484,1983,FALSE,1,"11330","NZL","Eyre Mountains","NZL",TRUE,"11330","",0.00417145368761467
28555,22254459.7480196,8487301.60225603,1997,FALSE,1,"11330","NZL","Eyre Mountains","NZL",TRUE,"11330","",0.38137531525614
28555,22254459.7480196,235341.65062844,1998,FALSE,1,"11330","NZL","Eyre Mountains","NZL",TRUE,"11330","",0.0105750331975317
28555,22254459.7480196,7731.35391688347,1999,FALSE,1,"11330","NZL","Eyre Mountains","NZL",TRUE,"11330","",0.000347406946941118
28555,22254459.7480196,1022.36233388446,2009,FALSE,1,"11330","NZL","Eyre Mountains","NZL",TRUE,"11330","",4.5939660879678e-05
