"SitRecID","kba","ovl","year","random","nPAs","DOMAIN","range_countries","RangeName","COUNTRY","multiple_ranges","all_gmba_intersec","note","percPA"
29594,302770016.585836,35749870.1361564,1974,TRUE,1,"15990","USA","Georgia Blue Ridge","USA",TRUE,"15990","",0.118075992263987
29594,302770016.585836,6839487.58192168,1975,TRUE,3,"15990","USA","Georgia Blue Ridge","USA",TRUE,"15990","",0.0225897123468389
29594,302770016.585836,21884159.8304224,1984,TRUE,1,"15990","USA","Georgia Blue Ridge","USA",TRUE,"15990","",0.0722798118426571
29594,302770016.585836,18963150.3647282,1986,TRUE,1,"15990","USA","Georgia Blue Ridge","USA",TRUE,"15990","",0.0626321938300388
29594,302770016.585836,213378901.339256,2009,TRUE,1,"15990","USA","Georgia Blue Ridge","USA",TRUE,"15990","",0.704755721010316
