"SitRecID","kba","ovl","year","random","nPAs","DOMAIN","range_countries","RangeName","COUNTRY","multiple_ranges","all_gmba_intersec","note","percPA"
1810,402051302.036614,18861393.1520133,1984,FALSE,1,"15046","ESP","Muntanyes de Prades","ESP",TRUE,"15046","",0.0469129015537813
1810,402051302.036614,272217351.298778,1992,FALSE,2,"15046","ESP","Muntanyes de Prades","ESP",TRUE,"15046","",0.677071184497713
1810,402051302.036614,NA,1998,FALSE,2,"15046","ESP","Muntanyes de Prades","ESP",TRUE,"15046","",NA
1810,402051302.036614,8102.54437886079,2005,FALSE,1,"15046","ESP","Muntanyes de Prades","ESP",TRUE,"15046","",2.01530111650351e-05
1810,402051302.036614,269.717372325275,2006,FALSE,2,"15046","ESP","Muntanyes de Prades","ESP",TRUE,"15046","",6.70853124859953e-07
1810,402051302.036614,1.14782809857933e-05,2008,FALSE,1,"15046","ESP","Muntanyes de Prades","ESP",TRUE,"15046","",2.85492944001161e-14
