"SitRecID","kba","ovl","year","random","nPAs","DOMAIN","range_countries","RangeName","COUNTRY","multiple_ranges","all_gmba_intersec","note","percPA"
18304,624089439.284312,277301336.813265,1977,FALSE,2,"11597","IND","Mahadeo Hills","IND",FALSE,"11597","",0.444329481253947
18304,624089439.284312,333013052.332646,1981,FALSE,1,"11597","IND","Mahadeo Hills","IND",FALSE,"11597","",0.533598281545248
46915,104721385.41574,56027337.1343285,1977,FALSE,1,"11597","IND","Mahadeo Hills","IND",FALSE,"11597","",0.535013330008023
46915,104721385.41574,48674742.5847897,1981,FALSE,1,"11597","IND","Mahadeo Hills","IND",FALSE,"11597","",0.46480231703919
