"SitRecID","kba","ovl","year","random","nPAs","DOMAIN","range_countries","RangeName","COUNTRY","multiple_ranges","all_gmba_intersec","note","percPA"
3091,320279904.353752,764014.599273995,1958,FALSE,1,"14886","SRB","Zlatar-Pešter Mountains","SRB",TRUE,"14886","",0.00238545905905521
3091,320279904.353752,12349977.9358333,1976,FALSE,1,"14886","SRB","Zlatar-Pešter Mountains","SRB",TRUE,"14886","",0.0385599526162987
3091,320279904.353752,1250.25786095113,1990,FALSE,1,"14886","SRB","Zlatar-Pešter Mountains","SRB",TRUE,"14886","",3.90364129611518e-06
3091,320279904.353752,41863374.7284309,2006,FALSE,1,"14886","SRB","Zlatar-Pešter Mountains","SRB",TRUE,"14886","",0.130708714968868
27496,182741538.140167,8619.44347786903,1965,FALSE,1,"14886","SRB","Zlatar-Pešter Mountains","SRB",TRUE,"14886","",4.71674013778835e-05
27496,182741538.140167,338866.067651212,2015,FALSE,1,"14886","SRB","Zlatar-Pešter Mountains","SRB",TRUE,"14886","",0.00185434614975876
