"SitRecID","kba","ovl","year","random","nPAs","DOMAIN","range_countries","RangeName","COUNTRY","multiple_ranges","all_gmba_intersec","in_gmba","note","percPA"
1891,37087199.1601626,33521505.9122913,2006,FALSE,4,"15141","ESP","Massís de Randa Galdent","ESP",FALSE,"15141",TRUE,"",0.903856496887976
28524,644531168.581998,163450865.284203,1991,FALSE,1,"15141","ESP","Massís de Randa Galdent","ESP",TRUE,"15141;15136",TRUE,"",0.253596526051336
28524,644531168.581998,616496.32724762,2003,FALSE,1,"15141","ESP","Massís de Randa Galdent","ESP",TRUE,"15141;15136",TRUE,"",0.000956503513404857
28524,644531168.581998,143596933.423075,2006,FALSE,8,"15141","ESP","Massís de Randa Galdent","ESP",TRUE,"15141;15136",TRUE,"",0.222792846060487
28524,644531168.581998,316048444.233679,2014,FALSE,1,"15141","ESP","Massís de Randa Galdent","ESP",TRUE,"15141;15136",TRUE,"",0.490354011783483
28524,644531168.581998,19.2356546980361,2017,FALSE,1,"15141","ESP","Massís de Randa Galdent","ESP",TRUE,"15141;15136",TRUE,"",2.98444134833006e-08
