"SitRecID","kba","ovl","year","random","nPAs","DOMAIN","range_countries","RangeName","COUNTRY","multiple_ranges","all_gmba_intersec","note","percPA"
2732,138752250.548412,35506693.6348791,1935,FALSE,1,"15438","ITA","Non Valley Alps","ITA",TRUE,"15438","",0.25589994752907
2732,138752250.548412,82459.2661068231,2000,FALSE,1,"15438","ITA","Non Valley Alps","ITA",TRUE,"15438","",0.00059429137747969
2732,138752250.548412,8464.95520260558,2007,FALSE,1,"15438","ITA","Non Valley Alps","ITA",TRUE,"15438","",6.10076965897721e-05
2732,138752250.548412,0.00135618448257446,2017,FALSE,2,"15438","ITA","Non Valley Alps","ITA",TRUE,"15438","",9.77414403884767e-12
