"SitRecID","kba","ovl","year","random","nPAs","DOMAIN","range_countries","RangeName","COUNTRY","multiple_ranges","all_gmba_intersec","note","percPA"
27150,295723947.562499,6099633.87023828,1979,FALSE,1,"19848","AUS","Cobbler Plateau","AUS",TRUE,"19848","",0.0206261072886198
27150,295723947.562499,49329754.3086769,1992,FALSE,4,"19848","AUS","Cobbler Plateau","AUS",TRUE,"19848","",0.166810144106613
27150,295723947.562499,1200.3500635653,2000,FALSE,1,"19848","AUS","Cobbler Plateau","AUS",TRUE,"19848","",4.05902218423355e-06
27150,295723947.562499,237665054.671677,2009,FALSE,1,"19848","AUS","Cobbler Plateau","AUS",TRUE,"19848","",0.803671994204826
