"SitRecID","kba","ovl","year","random","nPAs","DOMAIN","range_countries","RangeName","COUNTRY","multiple_ranges","all_gmba_intersec","note","percPA"
31195,295224844.0621,158333.15569979,1931,FALSE,1,"12927","USA","Central Oregon Coast Range","USA",FALSE,"12927","",0.000536313792298879
31195,295224844.0621,5324871.58275143,1970,FALSE,1,"12927","USA","Central Oregon Coast Range","USA",FALSE,"12927","",0.018036664900842
31195,295224844.0621,2410.3201216422,1977,FALSE,1,"12927","USA","Central Oregon Coast Range","USA",FALSE,"12927","",8.1643539496127e-06
31195,295224844.0621,29431959.7869978,1984,FALSE,1,"12927","USA","Central Oregon Coast Range","USA",FALSE,"12927","",0.0996933705918289
31195,295224844.0621,795880.994782925,1988,FALSE,1,"12927","USA","Central Oregon Coast Range","USA",FALSE,"12927","",0.00269584694781145
31195,295224844.0621,204237.750329867,1997,FALSE,4,"12927","USA","Central Oregon Coast Range","USA",FALSE,"12927","",0.000691804075563864
31195,295224844.0621,41890930.1817765,1999,FALSE,2,"12927","USA","Central Oregon Coast Range","USA",FALSE,"12927","",0.141895003162284
31195,295224844.0621,11396.803087373,2014,FALSE,3,"12927","USA","Central Oregon Coast Range","USA",FALSE,"12927","",3.86038076286552e-05
