"SitRecID","kba","ovl","year","random","nPAs","DOMAIN","range_countries","RangeName","COUNTRY","multiple_ranges","all_gmba_intersec","note","percPA"
44914,78615774.1286576,222621.800436735,1919,TRUE,1,"12760","IDN","Mount Rinjani","IDN",FALSE,"12760","",0.00283177012379738
44914,78615774.1286576,4199438.32724224,1980,TRUE,1,"12760","IDN","Mount Rinjani","IDN",FALSE,"12760","",0.0534172483040071
44914,78615774.1286576,1312466.77532233,2014,TRUE,1,"12760","IDN","Mount Rinjani","IDN",FALSE,"12760","",0.0166947001396238
15922,1295546315.45819,3921028.19723544,1982,TRUE,1,"12760","IDN","Mount Rinjani","IDN",FALSE,"12760","",0.00302654420799206
15922,1295546315.45819,13992898.25021,2009,TRUE,1,"12760","IDN","Mount Rinjani","IDN",FALSE,"12760","",0.0108007703647872
15922,1295546315.45819,377525127.373917,2016,TRUE,1,"12760","IDN","Mount Rinjani","IDN",FALSE,"12760","",0.291402262404181
