"SitRecID","kba","ovl","year","random","nPAs","DOMAIN","range_countries","RangeName","COUNTRY","multiple_ranges","all_gmba_intersec","note","percPA"
23829,42832974.7265145,3412446.80749643,1987,FALSE,1,"11931","HND","Sierra Rio Tinto","HND",TRUE,"11931","",0.0796686858497375
23470,1672380.91275547,1502841.6507547,1980,FALSE,1,"11931","HND","Sierra Rio Tinto","HND",TRUE,"11931","",0.89862401519434
23470,1672380.91275547,75554.9507376669,1982,FALSE,1,"11931","HND","Sierra Rio Tinto","HND",TRUE,"11931","",0.045178075258692
23480,120769993.37774,119143585.320766,1987,FALSE,1,"11931","HND","Sierra Rio Tinto","HND",TRUE,"11931","",0.986533011955322
