"SitRecID","kba","ovl","year","random","nPAs","DOMAIN","range_countries","RangeName","COUNTRY","multiple_ranges","all_gmba_intersec","note","percPA"
2154,2542744.64064925,812.507661411772,2004,FALSE,1,"15124","FRA","Aubrac","FRA",TRUE,"15124","",0.000319539622037827
2154,2542744.64064925,555448.109816291,2006,FALSE,1,"15124","FRA","Aubrac","FRA",TRUE,"15124","",0.218444314437515
2154,2542744.64064925,1986415.20056468,2018,FALSE,2,"15124","FRA","Aubrac","FRA",TRUE,"15124","",0.781209079672852
