"SitRecID","kba","ovl","year","random","nPAs","DOMAIN","range_countries","RangeName","COUNTRY","multiple_ranges","all_gmba_intersec","note","percPA"
26241,7031022.26251944,891669.823371992,1980,FALSE,1,"11532","USA","Kodiak Island","USA",FALSE,"11532","",0.126819371363003
26249,217312594.968245,197876567.726724,1960,FALSE,1,"11532","USA","Kodiak Island","USA",FALSE,"11532","",0.9105618924464
26249,217312594.968245,6516492.85982856,1980,FALSE,1,"11532","USA","Kodiak Island","USA",FALSE,"11532","",0.0299867242429311
31075,93478953.6324015,20685733.4362239,1960,FALSE,1,"11532","USA","Kodiak Island","USA",FALSE,"11532","",0.221287601459136
31075,93478953.6324015,13081.034690463,1980,FALSE,1,"11532","USA","Kodiak Island","USA",FALSE,"11532","",0.000139935613121036
31096,46953080.4121182,9256696.56539362,1960,FALSE,1,"11532","USA","Kodiak Island","USA",FALSE,"11532","",0.1971478012549
31096,46953080.4121182,4377724.12433269,1980,FALSE,1,"11532","USA","Kodiak Island","USA",FALSE,"11532","",0.0932361431009079
31134,57683465.7047009,35266477.8000726,1960,FALSE,1,"11532","USA","Kodiak Island","USA",FALSE,"11532","",0.611379315879048
31144,5028361.56761837,0,0,FALSE,0,"11532","USA","Kodiak Island","USA",NA,NA,"no pas overlapping kba",0
