"SitRecID","kba","ovl","year","random","nPAs","DOMAIN","range_countries","RangeName","COUNTRY","multiple_ranges","all_gmba_intersec","note","percPA"
26022,1331184.09711534,1061681.91593714,1976,FALSE,1,"21055","USA","Alexander Archipelago (nn)","USA",TRUE,"21055","",0.797547024666081
26239,36162388.4087522,26818981.4676847,1980,FALSE,1,"21055","USA","Alexander Archipelago (nn)","USA",TRUE,"21055","",0.741626387188348
31078,34916266.9666888,175787.712293476,1985,TRUE,1,"21055","USA","Alexander Archipelago (nn)","USA",TRUE,"21055","",0.00503455058529547
31078,34916266.9666888,267079.27000997,2002,TRUE,1,"21055","USA","Alexander Archipelago (nn)","USA",TRUE,"21055","",0.00764913586738159
31098,103215248.557204,111888.373671641,1980,FALSE,1,"21055","USA","Alexander Archipelago (nn)","USA",FALSE,"21055","",0.00108402949404932
31098,103215248.557204,615400.268580781,1997,FALSE,1,"21055","USA","Alexander Archipelago (nn)","USA",FALSE,"21055","",0.00596229992354
31108,39457949.1263381,753287.571671531,1980,FALSE,1,"21055","USA","Alexander Archipelago (nn)","USA",TRUE,"21055","",0.0190908952023742
31108,39457949.1263381,NA,1994,FALSE,1,"21055","USA","Alexander Archipelago (nn)","USA",TRUE,"21055","",NA
31162,64577549.7892673,0,0,FALSE,0,"21055","USA","Alexander Archipelago (nn)","USA",NA,NA,"no pas overlapping kba",0
