"SitRecID","kba","ovl","year","random","nPAs","DOMAIN","range_countries","RangeName","COUNTRY","multiple_ranges","all_gmba_intersec","note","percPA"
1783,174913039.602758,65549764.0169769,1992,FALSE,3,"17970","ESP","Serra de la Conca","ESP",TRUE,"17970","",0.374756302708168
1783,174913039.602758,477.915082976567,2001,FALSE,1,"17970","ESP","Serra de la Conca","ESP",TRUE,"17970","",2.73230105692493e-06
1783,174913039.602758,5468.72620841946,2005,FALSE,2,"17970","ESP","Serra de la Conca","ESP",TRUE,"17970","",3.12654003431614e-05
1783,174913039.602758,0.0593874205000392,2006,FALSE,3,"17970","ESP","Serra de la Conca","ESP",TRUE,"17970","",3.39525404366152e-10
1785,4880459.53926549,2951618.28152024,1992,FALSE,1,"17970","ESP","Serra de la Conca","ESP",TRUE,"17970","",0.60478286066571
1785,4880459.53926549,177.608076212059,2005,FALSE,1,"17970","ESP","Serra de la Conca","ESP",TRUE,"17970","",3.639167065788e-05
1785,4880459.53926549,0.00100458195885435,2006,FALSE,1,"17970","ESP","Serra de la Conca","ESP",TRUE,"17970","",2.05837575493052e-10
