"SitRecID","kba","ovl","year","random","nPAs","DOMAIN","range_countries","RangeName","COUNTRY","multiple_ranges","all_gmba_intersec","note","percPA"
2153,322992549.332095,3219888.40458683,1986,FALSE,1,"20030","FRA","Meygal","FRA",TRUE,"20030","",0.00996892470505935
2153,322992549.332095,5843206.41734476,2004,FALSE,1,"20030","FRA","Meygal","FRA",TRUE,"20030","",0.0180908396476257
2153,322992549.332095,308398973.187215,2018,FALSE,1,"20030","FRA","Meygal","FRA",TRUE,"20030","",0.954817607480242
