"SitRecID","kba","ovl","year","random","nPAs","DOMAIN","range_countries","RangeName","COUNTRY","multiple_ranges","all_gmba_intersec","note","percPA"
2938,660057456.989604,2656864.40470285,1933,FALSE,2,"20218","CZE","Moravskoslezske Beskydy","CZE",TRUE,"20218","",0.00402520171019703
2938,660057456.989604,1274.56180882733,1948,FALSE,1,"20218","CZE","Moravskoslezske Beskydy","CZE",TRUE,"20218","",1.93098615178195e-06
2938,660057456.989604,8508.33064603806,1952,FALSE,1,"20218","CZE","Moravskoslezske Beskydy","CZE",TRUE,"20218","",1.28902878922737e-05
2938,660057456.989604,3618473.48556062,1954,FALSE,6,"20218","CZE","Moravskoslezske Beskydy","CZE",TRUE,"20218","",0.0054820583378662
2938,660057456.989604,133203.930207424,1956,FALSE,1,"20218","CZE","Moravskoslezske Beskydy","CZE",TRUE,"20218","",0.000201806568196262
2938,660057456.989604,604683.741760162,1969,FALSE,1,"20218","CZE","Moravskoslezske Beskydy","CZE",TRUE,"20218","",0.000916107734799345
2938,660057456.989604,648197494.005774,1973,FALSE,1,"20218","CZE","Moravskoslezske Beskydy","CZE",TRUE,"20218","",0.982031923345097
