"SitRecID","kba","ovl","year","random","nPAs","DOMAIN","range_countries","RangeName","COUNTRY","multiple_ranges","all_gmba_intersec","note","percPA"
44615,19801306.6451776,713501.344836153,1997,FALSE,1,"13614","NZL","Mount Melina Range*","NZL",TRUE,"13614","",0.0360330435572502
44615,19801306.6451776,833279.586613059,2004,FALSE,1,"13614","NZL","Mount Melina Range*","NZL",TRUE,"13614","",0.0420820505204385
44615,19801306.6451776,5271615.90930939,2005,FALSE,1,"13614","NZL","Mount Melina Range*","NZL",TRUE,"13614","",0.266225658931111
44615,19801306.6451776,16517.7620259523,2008,FALSE,1,"13614","NZL","Mount Melina Range*","NZL",TRUE,"13614","",0.000834175356300291
44623,338391.151618719,43234.2414946258,1998,FALSE,1,"13614","NZL","Mount Melina Range*","NZL",TRUE,"13614","",0.127764101655175
44623,338391.151618719,4405.73766699433,2014,FALSE,1,"13614","NZL","Mount Melina Range*","NZL",TRUE,"13614","",0.0130196597810527
