"SitRecID","kba","ovl","year","random","nPAs","DOMAIN","range_countries","RangeName","COUNTRY","multiple_ranges","all_gmba_intersec","note","percPA"
29575,308830155.264113,17687509.9139151,1958,FALSE,1,"15933","USA","Allegheny Mountain Ridge","USA",TRUE,"15933","",0.0572726128340304
29575,308830155.264113,758713.048157434,1961,FALSE,1,"15933","USA","Allegheny Mountain Ridge","USA",TRUE,"15933","",0.00245673239877945
29575,308830155.264113,5252008.59786938,1985,FALSE,1,"15933","USA","Allegheny Mountain Ridge","USA",TRUE,"15933","",0.0170061391620836
29575,308830155.264113,1476128.36859851,1990,FALSE,1,"15933","USA","Allegheny Mountain Ridge","USA",TRUE,"15933","",0.00477974169114451
29575,308830155.264113,1100398.7027744,1999,FALSE,1,"15933","USA","Allegheny Mountain Ridge","USA",TRUE,"15933","",0.00356311935223208
