"SitRecID","kba","ovl","year","random","nPAs","DOMAIN","range_countries","RangeName","COUNTRY","multiple_ranges","all_gmba_intersec","note","percPA"
22335,1323987550.80407,117246401.337061,1990,FALSE,1,"15239","PHL","Piapayungan Range","PHL",TRUE,"15239","",0.0885555164516887
22335,1323987550.80407,425506233.253137,1992,FALSE,1,"15239","PHL","Piapayungan Range","PHL",TRUE,"15239","",0.321382352118585
9799,298516469.237239,66790757.8748519,1992,FALSE,1,"15239","PHL","Piapayungan Range","PHL",FALSE,"15239","",0.223742288140797
9798,437767698.285253,50795837.8365187,1990,FALSE,1,"15239","PHL","Piapayungan Range","PHL",TRUE,"15239","",0.116033773244319
9798,437767698.285253,287490723.004505,1992,FALSE,1,"15239","PHL","Piapayungan Range","PHL",TRUE,"15239","",0.65671981768096
