"SitRecID","kba","ovl","year","random","nPAs","DOMAIN","range_countries","RangeName","COUNTRY","multiple_ranges","all_gmba_intersec","note","percPA"
44848,446753314.629477,414122245.952056,2004,FALSE,1,"15233","IDN","South Sulawesi Highlands*","IDN",FALSE,"15233","",0.926959537604138
44848,446753314.629477,3686813.63750766,2007,FALSE,1,"15233","IDN","South Sulawesi Highlands*","IDN",FALSE,"15233","",0.00825245950455988
44847,127875210.751918,28519880.035388,1992,TRUE,1,"15233","IDN","South Sulawesi Highlands*","IDN",FALSE,"15233","",0.223028997314557
44851,292226040.475,39286362.0104012,2013,TRUE,1,"15233","IDN","South Sulawesi Highlands*","IDN",FALSE,"15233","",0.134438265482922
44851,292226040.475,26341238.8262452,2016,TRUE,1,"15233","IDN","South Sulawesi Highlands*","IDN",FALSE,"15233","",0.0901399436663094
16385,320106316.390779,7394746.98673377,1939,TRUE,1,"15233","IDN","South Sulawesi Highlands*","IDN",FALSE,"15233","",0.0231009093169734
16385,320106316.390779,32737577.068806,2013,TRUE,1,"15233","IDN","South Sulawesi Highlands*","IDN",FALSE,"15233","",0.102270949970386
