"SitRecID","kba","ovl","year","random","nPAs","DOMAIN","range_countries","RangeName","COUNTRY","multiple_ranges","all_gmba_intersec","note","percPA"
46704,106776088.591146,106775893.37866,1984,FALSE,1,"19544","AZE;ARM","Lesser Caucasus (nn)","AZE",TRUE,"19544","",0.999998171758411
19753,47891505.65794,0,0,FALSE,0,"19544","AZE;ARM","Lesser Caucasus (nn)","ARM",NA,NA,"no pas overlapping kba",0
19756,61371375.8959246,29619924.3515528,2002,FALSE,1,"19544","AZE;ARM","Lesser Caucasus (nn)","ARM",FALSE,"19544","",0.482634190926127
26263,737838800.418097,257187.433000803,1958,FALSE,1,"19544","AZE;ARM","Lesser Caucasus (nn)","ARM",TRUE,"19544","",0.000348568593648189
26263,737838800.418097,39290868.5158673,1971,FALSE,3,"19544","AZE;ARM","Lesser Caucasus (nn)","ARM",TRUE,"19544","",0.0532512907881818
26263,737838800.418097,236364708.322973,2002,FALSE,1,"19544","AZE;ARM","Lesser Caucasus (nn)","ARM",TRUE,"19544","",0.320347355261118
3618,42037468.5094433,8894533.10015249,1978,FALSE,1,"19544","AZE;ARM","Lesser Caucasus (nn)","ARM",TRUE,"19544","",0.211585840335615
3618,42037468.5094433,33141484.8535227,1993,FALSE,1,"19544","AZE;ARM","Lesser Caucasus (nn)","ARM",TRUE,"19544","",0.788379653405575
