"SitRecID","kba","ovl","year","random","nPAs","DOMAIN","range_countries","RangeName","COUNTRY","multiple_ranges","all_gmba_intersec","note","percPA"
939,1483048.61998596,960602.589826372,1955,FALSE,1,"20254","POL;SVK","Pogórze Spisko-Gubałowskie","POL",TRUE,"20254","",0.64772157627271
939,1483048.61998596,522444.834659166,1997,FALSE,1,"20254","POL;SVK","Pogórze Spisko-Gubałowskie","POL",TRUE,"20254","",0.352277617617224
3098,26659.0027222522,174.02446805127,1955,FALSE,1,"20254","POL;SVK","Pogórze Spisko-Gubałowskie","SVK",TRUE,"20254","",0.00652779362620388
3098,26659.0027222522,106.445289300944,1997,FALSE,1,"20254","POL;SVK","Pogórze Spisko-Gubałowskie","SVK",TRUE,"20254","",0.00399284588436965
3098,26659.0027222522,23796.1823048415,2003,FALSE,2,"20254","POL;SVK","Pogórze Spisko-Gubałowskie","SVK",TRUE,"20254","",0.892613371653955
3098,26659.0027222522,248.007165867777,2004,FALSE,2,"20254","POL;SVK","Pogórze Spisko-Gubałowskie","SVK",TRUE,"20254","",0.00930294236628614
