"SitRecID","kba","ovl","year","random","nPAs","DOMAIN","range_countries","RangeName","COUNTRY","multiple_ranges","all_gmba_intersec","note","percPA"
6280,1287647120.41472,544569585.267695,1985,FALSE,1,"20856","ETH","Aman Mountains","ETH",TRUE,"20856","",0.422918342016174
6284,355656450.292498,0,0,FALSE,0,"20856","ETH","Aman Mountains","ETH",NA,NA,"no pas overlapping kba",0
6289,1365526241.56955,695908646.524943,1959,FALSE,1,"20856","ETH","Aman Mountains","ETH",FALSE,"20856","",0.509626710450515
6289,1365526241.56955,1720.5242335159,1973,FALSE,1,"20856","ETH","Aman Mountains","ETH",FALSE,"20856","",1.25997156344525e-06
28730,46773260.2590047,0,0,FALSE,0,"20856","ETH","Aman Mountains","ETH",NA,NA,"no pas overlapping kba",0
28603,703057833.648934,70695727.4665596,1985,FALSE,1,"20856","ETH","Aman Mountains","ETH",FALSE,"20856","",0.100554640149079
28717,532499662.090422,468617186.314072,1985,FALSE,1,"20856","ETH","Aman Mountains","ETH",TRUE,"20856","",0.880032833212385
