"SitRecID","kba","ovl","year","random","nPAs","DOMAIN","range_countries","RangeName","COUNTRY","multiple_ranges","all_gmba_intersec","note","percPA"
3101,372426116.310659,306458.905389925,1984,TRUE,1,"20298","SVK","Vihorlat Mountains","SVK",TRUE,"20298","",0.000822871683720196
3101,372426116.310659,145736051.91308,1986,TRUE,2,"20298","SVK","Vihorlat Mountains","SVK",TRUE,"20298","",0.391315338883255
3101,372426116.310659,557913.62305834,1988,TRUE,4,"20298","SVK","Vihorlat Mountains","SVK",TRUE,"20298","",0.0014980518245744
3101,372426116.310659,50915176.5555644,1999,TRUE,1,"20298","SVK","Vihorlat Mountains","SVK",TRUE,"20298","",0.136712153970141
3101,372426116.310659,150851025.889336,2004,TRUE,20,"20298","SVK","Vihorlat Mountains","SVK",TRUE,"20298","",0.405049536761014
3101,372426116.310659,1.75691673352954e-05,2007,TRUE,3,"20298","SVK","Vihorlat Mountains","SVK",TRUE,"20298","",4.71749068227001e-14
3101,372426116.310659,111.084144160344,2012,TRUE,1,"20298","SVK","Vihorlat Mountains","SVK",TRUE,"20298","",2.98271628372278e-07
3101,372426116.310659,1.88085067095337,2017,TRUE,2,"20298","SVK","Vihorlat Mountains","SVK",TRUE,"20298","",5.05026524344083e-09
