"SitRecID","kba","ovl","year","random","nPAs","DOMAIN","range_countries","RangeName","COUNTRY","multiple_ranges","all_gmba_intersec","note","percPA"
26429,804531334.597543,679083988.201885,2004,TRUE,1,"12219","IDN","Arfak Mountains","IDN",FALSE,"12219","",0.844074008057857
26448,376286715.477855,50210655.5713168,1919,TRUE,1,"12219","IDN","Arfak Mountains","IDN",FALSE,"12219","",0.13343722620543
26448,376286715.477855,1762898.98055761,2004,TRUE,1,"12219","IDN","Arfak Mountains","IDN",FALSE,"12219","",0.00468498862182488
26459,3703413.96995278,3410781.46789884,1985,TRUE,1,"12219","IDN","Arfak Mountains","IDN",TRUE,"12219","",0.920983043098023
26443,635254781.848702,249307840.679222,1985,TRUE,1,"12219","IDN","Arfak Mountains","IDN",TRUE,"12219","",0.392453308188713
