"SitRecID","kba","ovl","year","random","nPAs","DOMAIN","range_countries","RangeName","COUNTRY","multiple_ranges","all_gmba_intersec","note","percPA"
1045,310935245.917199,2241213.51986998,1976,FALSE,1,"11693","GRC","Mount Othrys","GRC",FALSE,"11693","",0.00720797513083098
1045,310935245.917199,12914616.2399264,1987,FALSE,3,"11693","GRC","Mount Othrys","GRC",FALSE,"11693","",0.0415347452870157
1045,310935245.917199,10270517.433499,2001,FALSE,1,"11693","GRC","Mount Othrys","GRC",FALSE,"11693","",0.0330310492887448
1045,310935245.917199,282448935.285127,2008,FALSE,1,"11693","GRC","Mount Othrys","GRC",FALSE,"11693","",0.908385070505459
1153,16263658.6666786,15010104.2706039,2008,FALSE,1,"11693","GRC","Mount Othrys","GRC",FALSE,"11693","",0.922922976818063
