"SitRecID","kba","ovl","year","random","nPAs","DOMAIN","range_countries","RangeName","COUNTRY","percPA"
6380,510750204.761599,510728898.950015,2000,FALSE,1,"19044","GNQ;STP","Cameroon Island Chain","GNQ",0.999958285260809
45720,448298459.060604,243526358.805231,2006,FALSE,1,"19044","GNQ;STP","Cameroon Island Chain","STP",0.543223724916506
45721,2292887.87809269,2292887.76819976,2006,FALSE,1,"19044","GNQ;STP","Cameroon Island Chain","STP",0.999999952072263
6883,5222791.18112452,5222791.20513064,2006,FALSE,1,"19044","GNQ;STP","Cameroon Island Chain","STP",1.00000000459642
6378,28713339.3965794,28713339.3965794,2000,FALSE,1,"19044","GNQ;STP","Cameroon Island Chain","GNQ",1
6882,48068016.4316745,34874870.9024837,2006,FALSE,1,"19044","GNQ;STP","Cameroon Island Chain","STP",0.725531725488529
6379,833308000.216802,833274320.193624,2000,FALSE,2,"19044","GNQ;STP","Cameroon Island Chain","GNQ",0.999959582743512
6881,216862448.611869,114807473.193239,2006,FALSE,1,"19044","GNQ;STP","Cameroon Island Chain","STP",0.529402272860602
6884,56698667.9109112,52628681.0843476,2006,FALSE,1,"19044","GNQ;STP","Cameroon Island Chain","STP",0.928217240783175
