"SitRecID","kba","ovl","year","random","nPAs","DOMAIN","range_countries","RangeName","COUNTRY","multiple_ranges","all_gmba_intersec","note","percPA"
44848,446753314.630311,414122245.938657,2004,FALSE,1,"15233","IDN","South Sulawesi Highlands*","IDN",FALSE,"15233","",0.926959537572416
44848,446753314.630311,3686813.63221396,2009,FALSE,1,"15233","IDN","South Sulawesi Highlands*","IDN",FALSE,"15233","",0.00825245949269522
44847,127875210.754145,28519880.0348037,1981,TRUE,1,"15233","IDN","South Sulawesi Highlands*","IDN",FALSE,"15233","",0.223028997306104
44851,292226040.472517,39286362.0102619,2007,TRUE,1,"15233","IDN","South Sulawesi Highlands*","IDN",FALSE,"15233","",0.134438265483588
44851,292226040.472517,26341238.8299347,2011,TRUE,1,"15233","IDN","South Sulawesi Highlands*","IDN",FALSE,"15233","",0.0901399436797009
16385,320106316.386386,32737577.0705555,2009,TRUE,1,"15233","IDN","South Sulawesi Highlands*","IDN",FALSE,"15233","",0.102270949977255
16385,320106316.386386,7394746.98198112,2014,TRUE,1,"15233","IDN","South Sulawesi Highlands*","IDN",FALSE,"15233","",0.0231009093024433
