"SitRecID","kba","ovl","year","random","nPAs","DOMAIN","range_countries","RangeName","COUNTRY","multiple_ranges","all_gmba_intersec","note","percPA"
2884,516404808.925767,8012078.35873698,2005,FALSE,3,"18580","ITA","Monti della Daunia","ITA",TRUE,"18580","",0.0155151118274902
2884,516404808.925767,7970570.99284625,2012,FALSE,1,"18580","ITA","Monti della Daunia","ITA",TRUE,"18580","",0.0154347342532049
2884,516404808.925767,91241790.7812856,2015,FALSE,2,"18580","ITA","Monti della Daunia","ITA",TRUE,"18580","",0.176686562952596
2884,516404808.925767,20.6847378361465,2017,FALSE,2,"18580","ITA","Monti della Daunia","ITA",TRUE,"18580","",4.00552773301535e-08
2884,516404808.925767,78578367.6090178,2018,FALSE,2,"18580","ITA","Monti della Daunia","ITA",TRUE,"18580","",0.15216428323446
2884,516404808.925767,3961088.88736943,2019,FALSE,2,"18580","ITA","Monti della Daunia","ITA",TRUE,"18580","",0.00767051123247545
