"SitRecID","kba","ovl","year","random","nPAs","DOMAIN","range_countries","RangeName","COUNTRY","multiple_ranges","all_gmba_intersec","note","percPA"
14324,651270526.410984,475512153.171768,1976,FALSE,1,"20986","NPL","Churia Range","NPL",TRUE,"20986","",0.730130005717004
14324,651270526.410984,148066456.605267,1996,FALSE,1,"20986","NPL","Churia Range","NPL",TRUE,"20986","",0.227350157270636
14324,651270526.410984,415970.159546666,2010,FALSE,2,"20986","NPL","Churia Range","NPL",TRUE,"20986","",0.000638705641784514
14345,46096607.4602165,20517277.2369456,1976,FALSE,1,"20986","NPL","Churia Range","NPL",FALSE,"20986","",0.445092998539057
14345,46096607.4602165,16026573.5285873,2004,FALSE,1,"20986","NPL","Churia Range","NPL",FALSE,"20986","",0.347673601412403
