"SitRecID","kba","ovl","year","random","nPAs","DOMAIN","range_countries","RangeName","COUNTRY","multiple_ranges","all_gmba_intersec","note","percPA"
1037,126318853.581637,23547708.2060702,2006,FALSE,1,"20355","GRC","Xerovouni","GRC",TRUE,"20355","",0.186414834669568
1037,126318853.581637,82939099.7166238,2009,FALSE,3,"20355","GRC","Xerovouni","GRC",TRUE,"20355","",0.656585278958555
1037,126318853.581637,19157156.8060329,2010,FALSE,2,"20355","GRC","Xerovouni","GRC",TRUE,"20355","",0.151657145887982
1166,20013665.424852,19041276.1839488,2010,FALSE,2,"20355","GRC","Xerovouni","GRC",TRUE,"20355","",0.951413735552121
