"SitRecID","kba","ovl","year","random","nPAs","DOMAIN","range_countries","RangeName","COUNTRY","multiple_ranges","all_gmba_intersec","note","percPA"
1905,417903.197394552,86136.1607897105,2004,FALSE,1,"17982","ESP","Sierra Brava de Badaya","ESP",TRUE,"17982","",0.206115103513763
1669,30128808.2622964,368713.642908136,1996,FALSE,1,"17982","ESP","Sierra Brava de Badaya","ESP",TRUE,"17982","",0.0122379099663743
1669,30128808.2622964,2288333.08933414,2000,FALSE,1,"17982","ESP","Sierra Brava de Badaya","ESP",TRUE,"17982","",0.0759516629204944
1669,30128808.2622964,19347103.7686358,2004,FALSE,2,"17982","ESP","Sierra Brava de Badaya","ESP",TRUE,"17982","",0.642146333841125
1669,30128808.2622964,1.06505072194586e-05,2015,FALSE,1,"17982","ESP","Sierra Brava de Badaya","ESP",TRUE,"17982","",3.53499120401213e-13
