"SitRecID","kba","ovl","year","random","nPAs","DOMAIN","range_countries","RangeName","COUNTRY","multiple_ranges","all_gmba_intersec","note","percPA"
44629,3961175.12537278,189844.472700938,1978,FALSE,1,"13570","NZL","Paddock Hill Range*","NZL",TRUE,"13570","",0.0479263013354077
44629,3961175.12537278,808568.985730224,1987,FALSE,1,"13570","NZL","Paddock Hill Range*","NZL",TRUE,"13570","",0.204123513891381
44629,3961175.12537278,4048.5731516002,1990,FALSE,1,"13570","NZL","Paddock Hill Range*","NZL",TRUE,"13570","",0.00102206366127758
44629,3961175.12537278,192081.885716032,1993,FALSE,1,"13570","NZL","Paddock Hill Range*","NZL",TRUE,"13570","",0.0484911370077221
44629,3961175.12537278,21375.4860549906,2012,FALSE,1,"13570","NZL","Paddock Hill Range*","NZL",TRUE,"13570","",0.00539624868339518
44629,3961175.12537278,44218.6360570195,2020,FALSE,1,"13570","NZL","Paddock Hill Range*","NZL",TRUE,"13570","",0.0111630096265583
