"SitRecID","kba","ovl","year","random","nPAs","DOMAIN","range_countries","RangeName","COUNTRY","multiple_ranges","all_gmba_intersec","note","percPA"
1714,883251205.292149,584242889.864158,1989,FALSE,1,"18661","ESP","Sierra del Pocito","ESP",TRUE,"18661","",0.661468545260474
1714,883251205.292149,144.555339318452,1992,FALSE,1,"18661","ESP","Sierra del Pocito","ESP",TRUE,"18661","",1.63662770514576e-07
1714,883251205.292149,105289.113978542,1995,FALSE,1,"18661","ESP","Sierra del Pocito","ESP",TRUE,"18661","",0.000119206306595094
1714,883251205.292149,1606422.54704422,2001,FALSE,1,"18661","ESP","Sierra del Pocito","ESP",TRUE,"18661","",0.00181876066222052
1714,883251205.292149,NA,2003,FALSE,1,"18661","ESP","Sierra del Pocito","ESP",TRUE,"18661","",NA
1714,883251205.292149,390166.428028512,2005,FALSE,2,"18661","ESP","Sierra del Pocito","ESP",TRUE,"18661","",0.000441738913788924
1714,883251205.292149,NA,2007,FALSE,1,"18661","ESP","Sierra del Pocito","ESP",TRUE,"18661","",NA
