"SitRecID","kba","ovl","year","random","nPAs","DOMAIN","range_countries","RangeName","COUNTRY","multiple_ranges","all_gmba_intersec","note","percPA"
2451,28706644.2164542,28703076.2119622,1972,FALSE,1,"20992","GBR","Monadhliath Mountains","GBR",FALSE,"20992","",0.9998757080603
2501,19200987.7703761,37.3247546271341,1960,FALSE,1,"20992","GBR","Monadhliath Mountains","GBR",FALSE,"20992","",1.94389763034587e-06
2501,19200987.7703761,811.016972943871,1961,FALSE,1,"20992","GBR","Monadhliath Mountains","GBR",FALSE,"20992","",4.22382943337496e-05
2501,19200987.7703761,19194236.7358893,1986,FALSE,1,"20992","GBR","Monadhliath Mountains","GBR",FALSE,"20992","",0.999648401708935
2524,3758544.19933362,2546615.60521254,1995,FALSE,1,"20992","GBR","Monadhliath Mountains","GBR",FALSE,"20992","",0.677553720311189
2524,3758544.19933362,633287.64458997,1996,FALSE,1,"20992","GBR","Monadhliath Mountains","GBR",FALSE,"20992","",0.168492802266965
2524,3758544.19933362,2488.24762533,1997,FALSE,1,"20992","GBR","Monadhliath Mountains","GBR",FALSE,"20992","",0.000662024308712709
2543,89448013.7722524,89407087.5026147,1974,FALSE,1,"20992","GBR","Monadhliath Mountains","GBR",FALSE,"20992","",0.999542457479918
