"SitRecID","kba","ovl","year","random","nPAs","DOMAIN","range_countries","RangeName","COUNTRY","multiple_ranges","all_gmba_intersec","note","percPA"
140,4550849.01185656,3396086.18471496,2008,FALSE,1,"12694","AZE;ARM","Shahdag Range","AZE",TRUE,"12694","",0.746253320175414
46704,30429087.9560527,30429040.6474449,1984,FALSE,1,"12694","AZE;ARM","Shahdag Range","AZE",TRUE,"12694","",0.999998445283411
25054,269333809.873416,30341111.5316095,1958,FALSE,1,"12694","AZE;ARM","Shahdag Range","ARM",FALSE,"12694","",0.112652442505712
25054,269333809.873416,3468183.9863008,1978,FALSE,1,"12694","AZE;ARM","Shahdag Range","ARM",FALSE,"12694","",0.0128768979577084
25054,269333809.873416,222105584.85027,1993,FALSE,1,"12694","AZE;ARM","Shahdag Range","ARM",FALSE,"12694","",0.824647989625427
3618,107412956.365038,7580023.40014704,1958,FALSE,1,"12694","AZE;ARM","Shahdag Range","ARM",TRUE,"12694","",0.0705689858715617
3618,107412956.365038,52399799.3754549,1978,FALSE,1,"12694","AZE;ARM","Shahdag Range","ARM",TRUE,"12694","",0.487834998204282
3618,107412956.365038,47431339.4056314,1993,FALSE,1,"12694","AZE;ARM","Shahdag Range","ARM",TRUE,"12694","",0.441579312317205
