"SitRecID","kba","ovl","year","random","nPAs","DOMAIN","range_countries","RangeName","COUNTRY","multiple_ranges","all_gmba_intersec","note","percPA"
19002,262493180.8594,262151270.622797,1934,FALSE,2,"15464","BGR","Vitosha","BGR",TRUE,"15464","",0.998697450975741
19006,21524670.8448087,178204.949689486,1934,FALSE,1,"15464","BGR","Vitosha","BGR",TRUE,"15464","",0.00827910219739622
19006,21524670.8448087,11426182.4672082,2002,FALSE,1,"15464","BGR","Vitosha","BGR",TRUE,"15464","",0.530841217019767
19006,21524670.8448087,9875081.71660973,2007,FALSE,2,"15464","BGR","Vitosha","BGR",TRUE,"15464","",0.458779685311256
