"SitRecID","kba","ovl","year","random","nPAs","DOMAIN","range_countries","RangeName","COUNTRY","multiple_ranges","all_gmba_intersec","note","percPA"
2698,126571028.347889,1354500.45504388,1938,FALSE,1,"19004","GBR","Peak District","GBR",FALSE,"19004","",0.0107015047023316
2698,126571028.347889,9452276.80048134,1940,FALSE,1,"19004","GBR","Peak District","GBR",FALSE,"19004","",0.0746796239539205
2698,126571028.347889,20972076.0984942,1942,FALSE,1,"19004","GBR","Peak District","GBR",FALSE,"19004","",0.165694127417935
2698,126571028.347889,93673182.6573754,1951,FALSE,1,"19004","GBR","Peak District","GBR",FALSE,"19004","",0.740083918729873
