"SitRecID","kba","ovl","year","random","nPAs","DOMAIN","range_countries","RangeName","COUNTRY","multiple_ranges","all_gmba_intersec","note","percPA"
31236,95232570.8325001,3934.72464132309,1980,FALSE,1,"13856","NZL","Waitakere Ranges","NZL",TRUE,"13856","",4.13170053787972e-05
31236,95232570.8325001,23199.3178335056,1984,FALSE,1,"13856","NZL","Waitakere Ranges","NZL",TRUE,"13856","",0.000243606967980626
31236,95232570.8325001,27586.7319282889,1988,FALSE,1,"13856","NZL","Waitakere Ranges","NZL",TRUE,"13856","",0.000289677488354377
31236,95232570.8325001,41176.8641684651,1998,FALSE,1,"13856","NZL","Waitakere Ranges","NZL",TRUE,"13856","",0.000432382154640024
31236,95232570.8325001,42543.8787591457,1999,FALSE,1,"13856","NZL","Waitakere Ranges","NZL",TRUE,"13856","",0.000446736640492191
31236,95232570.8325001,1745.51527315378,2003,FALSE,1,"13856","NZL","Waitakere Ranges","NZL",TRUE,"13856","",1.83289735632978e-05
31236,95232570.8325001,3842.38948226534,2019,FALSE,1,"13856","NZL","Waitakere Ranges","NZL",TRUE,"13856","",4.03474299672486e-05
44584,3027581.62321417,0,0,FALSE,0,"13856","NZL","Waitakere Ranges","NZL",NA,NA,"no pas overlapping kba",0
28585,33129.1526491484,0,0,FALSE,0,"13856","NZL","Waitakere Ranges","NZL",NA,NA,"no pas overlapping kba",0
