"SitRecID","kba","ovl","year","random","nPAs","DOMAIN","range_countries","RangeName","COUNTRY","multiple_ranges","all_gmba_intersec","in_gmba","note","percPA"
3519,88001726.1956851,10824.2754212916,1980,FALSE,1,"20017","DEU","Westerwald","DEU",FALSE,"20017",TRUE,"",0.000123000717022552
3519,88001726.1956851,1093757.65080221,1984,FALSE,3,"20017","DEU","Westerwald","DEU",FALSE,"20017",TRUE,"",0.0124288204116596
3519,88001726.1956851,448350.242950775,1985,FALSE,2,"20017","DEU","Westerwald","DEU",FALSE,"20017",TRUE,"",0.00509478918576893
3519,88001726.1956851,59568.2314852476,1990,FALSE,1,"20017","DEU","Westerwald","DEU",FALSE,"20017",TRUE,"",0.000676898443478127
3519,88001726.1956851,1329906.84170376,1994,FALSE,2,"20017","DEU","Westerwald","DEU",FALSE,"20017",TRUE,"",0.0151122813062383
3519,88001726.1956851,478803.001412727,1995,FALSE,2,"20017","DEU","Westerwald","DEU",FALSE,"20017",TRUE,"",0.00544083647118508
3519,88001726.1956851,420594.626766786,1996,FALSE,1,"20017","DEU","Westerwald","DEU",FALSE,"20017",TRUE,"",0.00477939064321909
3519,88001726.1956851,204291.568556786,1998,FALSE,1,"20017","DEU","Westerwald","DEU",FALSE,"20017",TRUE,"",0.0023214495600065
3519,88001726.1956851,56288060.985466,2000,FALSE,1,"20017","DEU","Westerwald","DEU",FALSE,"20017",TRUE,"",0.639624509868148
3519,88001726.1956851,302708.620043069,2001,FALSE,1,"20017","DEU","Westerwald","DEU",FALSE,"20017",TRUE,"",0.00343980320760925
3519,88001726.1956851,5422.25694681029,2003,FALSE,2,"20017","DEU","Westerwald","DEU",FALSE,"20017",TRUE,"",6.16153475757178e-05
3519,88001726.1956851,1707815.82940024,2004,FALSE,9,"20017","DEU","Westerwald","DEU",FALSE,"20017",TRUE,"",0.0194066173838755
3519,88001726.1956851,196118.785326362,2007,FALSE,1,"20017","DEU","Westerwald","DEU",FALSE,"20017",TRUE,"",0.00222857884503608
3519,88001726.1956851,28.6785542331636,2008,FALSE,1,"20017","DEU","Westerwald","DEU",FALSE,"20017",TRUE,"",3.25886269201044e-07
