"SitRecID","kba","ovl","year","random","nPAs","DOMAIN","range_countries","RangeName","COUNTRY","multiple_ranges","all_gmba_intersec","note","percPA"
2884,516404808.943435,8012078.36460069,2005,FALSE,3,"18580","ITA","Monti della Daunia","ITA",TRUE,"18580","",0.0155151118383142
2884,516404808.943435,7970570.94087297,2012,FALSE,1,"18580","ITA","Monti della Daunia","ITA",TRUE,"18580","",0.0154347341520323
2884,516404808.943435,91241790.7845732,2015,FALSE,2,"18580","ITA","Monti della Daunia","ITA",TRUE,"18580","",0.176686562952917
2884,516404808.943435,20.6846566751094,2017,FALSE,2,"18580","ITA","Monti della Daunia","ITA",TRUE,"18580","",4.005512016325e-08
2884,516404808.943435,78578367.5985093,2018,FALSE,2,"18580","ITA","Monti della Daunia","ITA",TRUE,"18580","",0.152164283208905
2884,516404808.943435,3961088.91506334,2019,FALSE,2,"18580","ITA","Monti della Daunia","ITA",TRUE,"18580","",0.00767051128584131
