"SitRecID","kba","ovl","year","random","nPAs","DOMAIN","range_countries","RangeName","COUNTRY","multiple_ranges","all_gmba_intersec","note","percPA"
26108,95234174.5612486,542734.942929417,1971,FALSE,1,"15914","USA","Blackhead Range","USA",TRUE,"15914","",0.00569895151010486
26108,95234174.5612486,4339857.85799573,1983,FALSE,1,"15914","USA","Blackhead Range","USA",TRUE,"15914","",0.0455703835098041
26108,95234174.5612486,4942353.62933741,1993,FALSE,1,"15914","USA","Blackhead Range","USA",TRUE,"15914","",0.0518968495511956
26108,95234174.5612486,50670077.1200033,1998,FALSE,1,"15914","USA","Blackhead Range","USA",TRUE,"15914","",0.532057713036779
26108,95234174.5612486,120862.416683701,2008,FALSE,1,"15914","USA","Blackhead Range","USA",TRUE,"15914","",0.00126910762066794
26108,95234174.5612486,1851031.80503273,2011,FALSE,1,"15914","USA","Blackhead Range","USA",TRUE,"15914","",0.0194366341028374
