"SitRecID","kba","ovl","year","random","nPAs","DOMAIN","range_countries","RangeName","COUNTRY","multiple_ranges","all_gmba_intersec","note","percPA"
1661,7539486.05040047,4200963.67401654,2000,FALSE,2,"17879","ESP","Sierra del Escudo","ESP",TRUE,"17879","",0.557194966067136
1661,7539486.05040047,41.0753433484701,2006,FALSE,2,"17879","ESP","Sierra del Escudo","ESP",TRUE,"17879","",5.44802962348982e-06
1661,7539486.05040047,1.12510414394751e-05,2015,FALSE,2,"17879","ESP","Sierra del Escudo","ESP",TRUE,"17879","",1.49228228081641e-12
1660,375227994.305254,186445342.194886,1988,FALSE,1,"17879","ESP","Sierra del Escudo","ESP",TRUE,"17879","",0.496885480360001
1660,375227994.305254,3065252.06037353,2000,FALSE,1,"17879","ESP","Sierra del Escudo","ESP",TRUE,"17879","",0.00816903884276796
1660,375227994.305254,16550174.8651212,2006,FALSE,4,"17879","ESP","Sierra del Escudo","ESP",TRUE,"17879","",0.0441069832643067
1660,375227994.305254,0.28229837662377,2015,FALSE,2,"17879","ESP","Sierra del Escudo","ESP",TRUE,"17879","",7.52338260759179e-10
1660,375227994.305254,0.296435693858295,2019,FALSE,1,"17879","ESP","Sierra del Escudo","ESP",TRUE,"17879","",7.90014866580396e-10
