"SitRecID","kba","ovl","year","random","nPAs","DOMAIN","range_countries","RangeName","COUNTRY","multiple_ranges","all_gmba_intersec","note","percPA"
28238,4750266.07162936,4183071.23469387,1987,FALSE,1,"13663","NZL","Collie Range","NZL",TRUE,"13663","",0.880597248999793
28238,4750266.07162936,547112.660395253,1990,FALSE,1,"13663","NZL","Collie Range","NZL",TRUE,"13663","",0.115175161168939
28260,1026236.98332369,1002681.47644627,1987,FALSE,1,"13663","NZL","Collie Range","NZL",TRUE,"13663","",0.977046717999645
28260,1026236.98332369,23555.4865243379,1990,FALSE,1,"13663","NZL","Collie Range","NZL",TRUE,"13663","",0.0229532621676217
27403,4720493.83177418,196659.787354769,1987,FALSE,1,"13663","NZL","Collie Range","NZL",TRUE,"13663","",0.0416608504031993
27403,4720493.83177418,658636.319266354,1990,FALSE,1,"13663","NZL","Collie Range","NZL",TRUE,"13663","",0.139526995000608
27403,4720493.83177418,126422.321810253,1993,FALSE,1,"13663","NZL","Collie Range","NZL",TRUE,"13663","",0.0267815881803065
27403,4720493.83177418,NA,1995,FALSE,1,"13663","NZL","Collie Range","NZL",TRUE,"13663","",NA
