"SitRecID","kba","ovl","year","random","nPAs","DOMAIN","range_countries","RangeName","COUNTRY","multiple_ranges","all_gmba_intersec","note","percPA"
2829,86123291.5962766,2039059.77021707,1993,FALSE,1,"19462","ITA","Sicily (nn)","ITA",TRUE,"19462","",0.0236760547863828
2829,86123291.5962766,3454435.47790935,2005,FALSE,1,"19462","ITA","Sicily (nn)","ITA",TRUE,"19462","",0.0401103512636609
2829,86123291.5962766,80472.6737629164,2017,FALSE,2,"19462","ITA","Sicily (nn)","ITA",TRUE,"19462","",0.00093438920263465
2830,35172592.5308424,34972687.5708257,1989,FALSE,1,"19462","ITA","Sicily (nn)","ITA",TRUE,"19462","",0.994316456489769
