"SitRecID","kba","ovl","year","random","nPAs","DOMAIN","range_countries","RangeName","COUNTRY","multiple_ranges","all_gmba_intersec","note","percPA"
44622,5233776.55181705,503051.540044121,1964,FALSE,1,"13617","NZL","Commissioner Range","NZL",TRUE,"13617","",0.0961163578658078
44622,5233776.55181705,37754.0389440656,1987,FALSE,1,"13617","NZL","Commissioner Range","NZL",TRUE,"13617","",0.0072135366441959
44622,5233776.55181705,504690.689687692,1990,FALSE,1,"13617","NZL","Commissioner Range","NZL",TRUE,"13617","",0.0964295446492598
44622,5233776.55181705,1775670.58084575,2012,FALSE,2,"13617","NZL","Commissioner Range","NZL",TRUE,"13617","",0.339271377611502
