"SitRecID","kba","ovl","year","random","nPAs","DOMAIN","range_countries","RangeName","COUNTRY","multiple_ranges","all_gmba_intersec","note","percPA"
430,169703877.706064,3976.88164439239,1973,FALSE,1,"14770","BGR","Sakar Range","BGR",FALSE,"14770","",2.34342414454462e-05
430,169703877.706064,54362.7105861269,1974,FALSE,1,"14770","BGR","Sakar Range","BGR",FALSE,"14770","",0.000320338647065483
430,169703877.706064,5409.79242513329,1976,FALSE,1,"14770","BGR","Sakar Range","BGR",FALSE,"14770","",3.18778362537085e-05
430,169703877.706064,90043771.8355754,2002,FALSE,1,"14770","BGR","Sakar Range","BGR",FALSE,"14770","",0.530593484678858
430,169703877.706064,79591925.9179599,2007,FALSE,1,"14770","BGR","Sakar Range","BGR",FALSE,"14770","",0.469004756955625
