"SitRecID","kba","ovl","year","random","nPAs","DOMAIN","range_countries","RangeName","COUNTRY","multiple_ranges","all_gmba_intersec","note","percPA"
45523,37484095.7167253,29014.5417365581,1967,FALSE,1,"19355","ZAF","Wolkberg (nn)","ZAF",TRUE,"19355","",0.000774049398332206
7079,2432845356.6668,192019328.487596,1977,FALSE,1,"19355","ZAF","Wolkberg (nn)","ZAF",TRUE,"19355","",0.0789278808706025
7079,2432845356.6668,1481.98556004092,1983,FALSE,1,"19355","ZAF","Wolkberg (nn)","ZAF",TRUE,"19355","",6.09157321068431e-07
7079,2432845356.6668,122107544.975578,1984,FALSE,1,"19355","ZAF","Wolkberg (nn)","ZAF",TRUE,"19355","",0.0501912481370685
7079,2432845356.6668,1537562.75680555,2016,FALSE,1,"19355","ZAF","Wolkberg (nn)","ZAF",TRUE,"19355","",0.000632001846147811
7079,2432845356.6668,15797950.3717607,2020,FALSE,1,"19355","ZAF","Wolkberg (nn)","ZAF",TRUE,"19355","",0.00649361058994939
44663,608149470.845835,94652491.9887888,1965,FALSE,1,"19355","ZAF","Wolkberg (nn)","ZAF",TRUE,"19355","",0.155640178157424
