"SitRecID","kba","ovl","year","random","nPAs","DOMAIN","range_countries","RangeName","COUNTRY","multiple_ranges","all_gmba_intersec","in_gmba","note","percPA"
24515,49036000.6689257,187707.622581929,1994,FALSE,1,"18834","MNP","Rota","MNP",FALSE,"18834",TRUE,"",0.00382795538015562
24515,49036000.6689257,3294838.8127054,2000,FALSE,1,"18834","MNP","Rota","MNP",FALSE,"18834",TRUE,"",0.067192241776629
24515,49036000.6689257,15037.7657661977,2001,FALSE,1,"18834","MNP","Rota","MNP",FALSE,"18834",TRUE,"",0.000306667867710655
24515,49036000.6689257,11551263.4033172,2009,FALSE,1,"18834","MNP","Rota","MNP",FALSE,"18834",TRUE,"",0.235566996609437
