"SitRecID","kba","ovl","year","random","nPAs","DOMAIN","range_countries","RangeName","COUNTRY","multiple_ranges","all_gmba_intersec","note","percPA"
23828,107542147.685514,7893331.3142181,1987,FALSE,1,"11262","HND","Cordillera Nombre de Dios","HND",TRUE,"11262","",0.0733975607154563
23828,107542147.685514,7825491.38441119,2005,FALSE,1,"11262","HND","Cordillera Nombre de Dios","HND",TRUE,"11262","",0.0727667389282134
23472,919934094.797873,700333321.983063,1987,FALSE,1,"11262","HND","Cordillera Nombre de Dios","HND",FALSE,"11262","",0.761286407301753
23472,919934094.797873,1506894.79147096,2005,FALSE,1,"11262","HND","Cordillera Nombre de Dios","HND",FALSE,"11262","",0.00163804646440684
26684,291379313.146364,256220237.904606,1987,FALSE,1,"11262","HND","Cordillera Nombre de Dios","HND",FALSE,"11262","",0.879335719265364
