"SitRecID","kba","ovl","year","random","nPAs","DOMAIN","range_countries","RangeName","COUNTRY","multiple_ranges","all_gmba_intersec","note","percPA"
45720,420419325.49621,240904341.24493,2006,FALSE,1,"18196","STP","São Tomé Island","STP",FALSE,"18196","",0.573009675424881
6883,3195457.12534825,3195457.2116608,2006,FALSE,1,"18196","STP","São Tomé Island","STP",FALSE,"18196","",1.00000002701102
6882,48068016.4316745,34874870.9024837,2006,FALSE,1,"18196","STP","São Tomé Island","STP",FALSE,"18196","",0.725531725488529
6881,168919371.606594,111322397.823553,2006,FALSE,1,"18196","STP","São Tomé Island","STP",FALSE,"18196","",0.659026828982164
