"SitRecID","kba","ovl","year","random","nPAs","DOMAIN","range_countries","RangeName","COUNTRY","multiple_ranges","all_gmba_intersec","note","percPA"
2557,623458341.433091,43894735.283432,1952,FALSE,1,"19005","GBR","North Pennines","GBR",TRUE,"19005","",0.0704052418041835
2557,623458341.433091,23174597.0864048,1976,FALSE,1,"19005","GBR","North Pennines","GBR",TRUE,"19005","",0.0371710434303201
2557,623458341.433091,57460391.8668391,1984,FALSE,3,"19005","GBR","North Pennines","GBR",TRUE,"19005","",0.0921639635693376
2557,623458341.433091,575596.288679196,1985,FALSE,3,"19005","GBR","North Pennines","GBR",TRUE,"19005","",0.000923231353928349
2557,623458341.433091,126039.259768665,1986,FALSE,4,"19005","GBR","North Pennines","GBR",TRUE,"19005","",0.00020216147798897
2557,623458341.433091,25286.8856444557,1987,FALSE,2,"19005","GBR","North Pennines","GBR",TRUE,"19005","",4.05590621922403e-05
2557,623458341.433091,498062699.139279,1988,FALSE,2,"19005","GBR","North Pennines","GBR",TRUE,"19005","",0.798870856382199
