"SitRecID","kba","ovl","year","random","nPAs","DOMAIN","range_countries","RangeName","COUNTRY","multiple_ranges","all_gmba_intersec","note","percPA"
28548,6838873.3599952,28452.6328915022,1987,FALSE,1,"12869","NZL","Arrowsmith Range","NZL",TRUE,"12869","",0.00416042692908151
28549,669018.735844314,55526.7971036397,1987,FALSE,1,"12869","NZL","Arrowsmith Range","NZL",TRUE,"12869","",0.0829973723135927
28549,669018.735844314,197425.366443028,2007,FALSE,1,"12869","NZL","Arrowsmith Range","NZL",TRUE,"12869","",0.295096917119778
44609,212660.00160335,54.5789925828576,1987,FALSE,1,"12869","NZL","Arrowsmith Range","NZL",TRUE,"12869","",0.000256649074444462
44609,212660.00160335,5.89224602654576,2007,FALSE,1,"12869","NZL","Arrowsmith Range","NZL",TRUE,"12869","",2.770735437845e-05
