"SitRecID","kba","ovl","year","random","nPAs","DOMAIN","range_countries","RangeName","COUNTRY","multiple_ranges","all_gmba_intersec","note","percPA"
20439,75429316.3802414,72995918.1199152,1991,FALSE,1,"11246","NIC","Cordillera Dariense","NIC",TRUE,"11246","",0.967739356829653
20442,82093991.4908649,81674053.7889096,2001,FALSE,1,"11246","NIC","Cordillera Dariense","NIC",TRUE,"11246","",0.99488467189463
20443,42808327.2157639,42262388.5601453,1991,FALSE,1,"11246","NIC","Cordillera Dariense","NIC",FALSE,"11246","",0.987246905190502
20445,5549168.95453995,2752348.83205973,1991,FALSE,1,"11246","NIC","Cordillera Dariense","NIC",FALSE,"11246","",0.495992977436367
20448,47770588.9867345,47357970.1350847,1991,FALSE,1,"11246","NIC","Cordillera Dariense","NIC",FALSE,"11246","",0.99136249185112
20449,106643075.850778,105576794.212493,1991,FALSE,1,"11246","NIC","Cordillera Dariense","NIC",FALSE,"11246","",0.990001398311344
