"SitRecID","kba","ovl","year","random","nPAs","DOMAIN","range_countries","RangeName","COUNTRY","multiple_ranges","all_gmba_intersec","note","percPA"
2732,138752250.408843,35506693.5689255,1935,FALSE,1,"15438","ITA","Non Valley Alps","ITA",TRUE,"15438","",0.255899947311143
2732,138752250.408843,82459.2735317318,2000,FALSE,1,"15438","ITA","Non Valley Alps","ITA",TRUE,"15438","",0.000594291431589467
2732,138752250.408843,8464.95182800947,2007,FALSE,1,"15438","ITA","Non Valley Alps","ITA",TRUE,"15438","",6.10076723301199e-05
2732,138752250.408843,9.87248519021696e-07,2017,FALSE,2,"15438","ITA","Non Valley Alps","ITA",TRUE,"15438","",7.11518923918493e-15
