"SitRecID","kba","ovl","year","random","nPAs","DOMAIN","range_countries","RangeName","COUNTRY","multiple_ranges","all_gmba_intersec","note","percPA"
874,93776696.8677826,707879.054273188,1967,FALSE,1,"20526","SWE","Tsáŋátjåhkka","SWE",TRUE,"20526","",0.00754856033446389
874,93776696.8677826,90030179.561416,1996,FALSE,1,"20526","SWE","Tsáŋátjåhkka","SWE",TRUE,"20526","",0.960048525577214
874,93776696.8677826,0.0015036511249491,2003,FALSE,1,"20526","SWE","Tsáŋátjåhkka","SWE",TRUE,"20526","",1.6034379277286e-11
874,93776696.8677826,6302.7933506394,2005,FALSE,1,"20526","SWE","Tsáŋátjåhkka","SWE",TRUE,"20526","",6.7210656390743e-05
874,93776696.8677826,7721.53617018461,2013,FALSE,1,"20526","SWE","Tsáŋátjåhkka","SWE",TRUE,"20526","",8.23396049134823e-05
874,93776696.8677826,0.695571874707099,2018,FALSE,1,"20526","SWE","Tsáŋátjåhkka","SWE",TRUE,"20526","",7.41732112496773e-09
875,83517898.6717072,73437024.649792,1967,FALSE,1,"20526","SWE","Tsáŋátjåhkka","SWE",TRUE,"20526","",0.879296843164826
875,83517898.6717072,10080354.9237966,1974,FALSE,2,"20526","SWE","Tsáŋátjåhkka","SWE",TRUE,"20526","",0.120696941423545
