"SitRecID","kba","ovl","year","random","nPAs","DOMAIN","range_countries","RangeName","COUNTRY","multiple_ranges","all_gmba_intersec","note","percPA"
44611,17239873.5377343,4941442.1235584,1953,FALSE,1,"13668","NZL","Sibbald Range","NZL",TRUE,"13668","",0.286628675827735
44611,17239873.5377343,24598.8799309507,1987,FALSE,1,"13668","NZL","Sibbald Range","NZL",TRUE,"13668","",0.00142685965051362
44611,17239873.5377343,35827.0707028457,1990,FALSE,1,"13668","NZL","Sibbald Range","NZL",TRUE,"13668","",0.00207815159574274
44611,17239873.5377343,27796.8918670416,1999,FALSE,1,"13668","NZL","Sibbald Range","NZL",TRUE,"13668","",0.0016123605434924
44611,17239873.5377343,537882.24483615,2009,FALSE,1,"13668","NZL","Sibbald Range","NZL",TRUE,"13668","",0.0311998950374457
