"SitRecID","kba","ovl","year","random","nPAs","DOMAIN","range_countries","RangeName","COUNTRY","multiple_ranges","all_gmba_intersec","in_gmba","note","percPA"
31423,1819519532.83345,29945849.2675677,1983,FALSE,1,"15958","USA","Far South Appalachian Ridges","USA",FALSE,"15958",TRUE,"",0.0164581081583304
31423,1819519532.83345,36617903.6692065,1999,FALSE,1,"15958","USA","Far South Appalachian Ridges","USA",FALSE,"15958",TRUE,"",0.0201250401594663
31423,1819519532.83345,35982353.6715757,2003,FALSE,2,"15958","USA","Far South Appalachian Ridges","USA",FALSE,"15958",TRUE,"",0.0197757446525139
31423,1819519532.83345,4247.02585029602,2004,FALSE,1,"15958","USA","Far South Appalachian Ridges","USA",FALSE,"15958",TRUE,"",2.33414688529467e-06
31423,1819519532.83345,73436.2584781647,2005,FALSE,1,"15958","USA","Far South Appalachian Ridges","USA",FALSE,"15958",TRUE,"",4.03602473911373e-05
31423,1819519532.83345,1859882.01963925,2006,FALSE,1,"15958","USA","Far South Appalachian Ridges","USA",FALSE,"15958",TRUE,"",0.00102218304672055
31423,1819519532.83345,13436911.3356361,2012,FALSE,1,"15958","USA","Far South Appalachian Ridges","USA",FALSE,"15958",TRUE,"",0.0073848678693278
