"SitRecID","kba","ovl","year","random","nPAs","DOMAIN","range_countries","RangeName","COUNTRY","multiple_ranges","all_gmba_intersec","note","percPA"
22135,130953921.043464,24800811.6809101,1992,FALSE,1,"20246","POL;SVK","Low Beskid","POL",TRUE,"20246","",0.189385789163798
22135,130953921.043464,54884279.188152,1995,FALSE,1,"20246","POL;SVK","Low Beskid","POL",TRUE,"20246","",0.419111384759038
22135,130953921.043464,26081.8815953732,1997,FALSE,1,"20246","POL;SVK","Low Beskid","POL",TRUE,"20246","",0.000199168389824055
22135,130953921.043464,50080322.4164448,1998,FALSE,1,"20246","POL;SVK","Low Beskid","POL",TRUE,"20246","",0.38242705539014
24034,155005.64097178,21519.5419370215,1992,FALSE,1,"20246","POL;SVK","Low Beskid","SVK",TRUE,"20246","",0.138830701915806
24034,155005.64097178,132755.139918968,2001,FALSE,1,"20246","POL;SVK","Low Beskid","SVK",TRUE,"20246","",0.856453604440998
