"SitRecID","kba","ovl","year","random","nPAs","DOMAIN","range_countries","RangeName","COUNTRY","multiple_ranges","all_gmba_intersec","note","percPA"
2768,652268.07410412,447787.255822435,1995,FALSE,1,"18598","ITA","Alpe di Catenaia","ITA",FALSE,"18598","",0.686508007367161
2768,652268.07410412,124660.427016772,1996,FALSE,1,"18598","ITA","Alpe di Catenaia","ITA",FALSE,"18598","",0.191118394362611
2768,652268.07410412,0.000559344887733459,2014,FALSE,1,"18598","ITA","Alpe di Catenaia","ITA",FALSE,"18598","",8.57538349553151e-10
2861,79092042.0752376,25698020.8936259,2004,FALSE,3,"18598","ITA","Alpe di Catenaia","ITA",TRUE,"18598","",0.324912851146014
2861,79092042.0752376,419692.336523857,2014,FALSE,1,"18598","ITA","Alpe di Catenaia","ITA",TRUE,"18598","",0.00530637881526207
2861,79092042.0752376,0.00278434157371521,2016,FALSE,3,"18598","ITA","Alpe di Catenaia","ITA",TRUE,"18598","",3.52038144503408e-11
