"SitRecID","kba","ovl","year","random","nPAs","DOMAIN","range_countries","RangeName","COUNTRY","multiple_ranges","all_gmba_intersec","note","percPA"
24808,600304080.143509,183207647.044245,1986,FALSE,1,"20941","AUS","Mount Royal Range (nn)","AUS",TRUE,"20941","",0.305191407328845
24808,600304080.143509,91972304.9757737,1999,FALSE,3,"20941","AUS","Mount Royal Range (nn)","AUS",TRUE,"20941","",0.153209528334018
24808,600304080.143509,85518.4817453995,2003,FALSE,1,"20941","AUS","Mount Royal Range (nn)","AUS",TRUE,"20941","",0.000142458604853986
24808,600304080.143509,115424035.095734,2010,FALSE,2,"20941","AUS","Mount Royal Range (nn)","AUS",TRUE,"20941","",0.192275946330634
