"SitRecID","kba","ovl","year","random","nPAs","DOMAIN","range_countries","RangeName","COUNTRY","multiple_ranges","all_gmba_intersec","note","percPA"
29782,353996.788149014,171221.623171322,1988,FALSE,1,"20367","AUS","MacAlister Range","AUS",FALSE,"20367","",0.483681290066527
29782,353996.788149014,140.319417076273,2010,FALSE,1,"20367","AUS","MacAlister Range","AUS",FALSE,"20367","",0.000396386130535189
23870,168866471.629795,109755.993753223,1981,FALSE,1,"20367","AUS","MacAlister Range","AUS",TRUE,"20367","",0.000649957286925732
23870,168866471.629795,168558066.828897,1988,FALSE,1,"20367","AUS","MacAlister Range","AUS",TRUE,"20367","",0.998173676527249
23865,31278294.1703283,31271818.8630042,1988,FALSE,1,"20367","AUS","MacAlister Range","AUS",TRUE,"20367","",0.999792977606487
