"SitRecID","kba","ovl","year","random","nPAs","DOMAIN","range_countries","RangeName","COUNTRY","multiple_ranges","all_gmba_intersec","in_gmba","note","percPA"
31272,459594834.409336,459500868.303343,1934,FALSE,1,"14430","NZL","Auckland Islands","NZL",FALSE,"14430",TRUE,"",0.999795545774326
31277,97079378.3046846,97079355.1986339,1934,FALSE,1,"14430","NZL","Auckland Islands","NZL",FALSE,"14430",TRUE,"",0.999999761988065
44649,7054863529.03299,34020.3694215047,1934,FALSE,1,"14430","NZL","Auckland Islands","NZL",FALSE,"14430",TRUE,"",4.82225762149759e-06
44649,7054863529.03299,2949509659.27646,1998,FALSE,1,"14430","NZL","Auckland Islands","NZL",FALSE,"14430",TRUE,"",0.418081745612555
44649,7054863529.03299,734815.705776334,2003,FALSE,1,"14430","NZL","Auckland Islands","NZL",FALSE,"14430",TRUE,"",0.000104157323915953
