"SitRecID","kba","ovl","year","random","nPAs","DOMAIN","range_countries","RangeName","COUNTRY","multiple_ranges","all_gmba_intersec","note","percPA"
1664,76840827.9498713,1859025.71696663,1978,FALSE,1,"17823","ESP","Sierra del Eje","ESP",TRUE,"17823","",0.0241932025794855
1664,76840827.9498713,842360.869874954,1990,FALSE,1,"17823","ESP","Sierra del Eje","ESP",TRUE,"17823","",0.0109624127218474
1664,76840827.9498713,2470.90562653657,2000,FALSE,2,"17823","ESP","Sierra del Eje","ESP",TRUE,"17823","",3.2156155685211e-05
1664,76840827.9498713,48430167.6315291,2004,FALSE,1,"17823","ESP","Sierra del Eje","ESP",TRUE,"17823","",0.63026608280592
1664,76840827.9498713,1.69481592088544,2006,FALSE,1,"17823","ESP","Sierra del Eje","ESP",TRUE,"17823","",2.20561902585314e-08
1664,76840827.9498713,1.38969854782452,2008,FALSE,1,"17823","ESP","Sierra del Eje","ESP",TRUE,"17823","",1.8085418714269e-08
1664,76840827.9498713,0.00606440878580355,2015,FALSE,2,"17823","ESP","Sierra del Eje","ESP",TRUE,"17823","",7.89217001899015e-11
