"SitRecID","kba","ovl","year","random","nPAs","DOMAIN","range_countries","RangeName","COUNTRY","multiple_ranges","all_gmba_intersec","note","percPA"
3372,1111418.98204586,22077.3201065703,1976,FALSE,1,"15412","DEU;AUT","Wetterstein Mountains","DEU",TRUE,"15412","",0.0198640840791932
3372,1111418.98204586,1086159.74726184,1986,FALSE,1,"15412","DEU;AUT","Wetterstein Mountains","DEU",TRUE,"15412","",0.977272985982731
3373,2641507.41364285,479190.889966109,1976,FALSE,1,"15412","DEU;AUT","Wetterstein Mountains","DEU",TRUE,"15412","",0.1814081185202
3373,2641507.41364285,1737802.81619079,1982,FALSE,2,"15412","DEU;AUT","Wetterstein Mountains","DEU",TRUE,"15412","",0.657882997872877
3373,2641507.41364285,408490.680069817,1983,FALSE,1,"15412","DEU;AUT","Wetterstein Mountains","DEU",TRUE,"15412","",0.15464301858857
9440,39652917.3294713,39600330.4126209,1970,FALSE,1,"15412","DEU;AUT","Wetterstein Mountains","DEU",FALSE,"15412","",0.998673819723944
20929,1018.48814490438,1001.50622428954,1988,FALSE,1,"15412","DEU;AUT","Wetterstein Mountains","AUT",TRUE,"15412","",0.98332634434696
