"SitRecID","kba","ovl","year","random","nPAs","DOMAIN","range_countries","RangeName","COUNTRY","percPA"
16407,239955225.990347,172755374.693426,1975,FALSE,2,"11464","PAK;IND","Karakoram","PAK",0.719948373620236
18180,14979633.6865256,14979633.6865256,1987,FALSE,1,"11464","PAK;IND","Karakoram","IND",1
18194,310945709.689456,187003275.664642,1987,FALSE,1,"11464","PAK;IND","Karakoram","IND",0.601401691155038
16411,3333980780.07505,3333982801.49527,1975,FALSE,2,"11464","PAK;IND","Karakoram","PAK",1.0000006063083
