"SitRecID","kba","ovl","year","random","nPAs","DOMAIN","range_countries","RangeName","COUNTRY","multiple_ranges","all_gmba_intersec","note","percPA"
1831,380275.416398525,0,0,FALSE,0,"12819","ESP","Sierra Espuña","ESP",NA,NA,"no pas overlapping kba",0
1907,3690710.90655824,126543.993940215,1992,FALSE,1,"12819","ESP","Sierra Espuña","ESP",FALSE,"12819","",0.0342871596134368
1907,3690710.90655824,6.49340500500466,1999,FALSE,1,"12819","ESP","Sierra Espuña","ESP",FALSE,"12819","",1.75939139352967e-06
1907,3690710.90655824,2139117.37266126,2001,FALSE,1,"12819","ESP","Sierra Espuña","ESP",FALSE,"12819","",0.579594941684579
1907,3690710.90655824,0.00834024210848172,2006,FALSE,1,"12819","ESP","Sierra Espuña","ESP",FALSE,"12819","",2.25979284740548e-09
1909,206225366.472864,174908199.57999,1992,FALSE,2,"12819","ESP","Sierra Espuña","ESP",TRUE,"12819","",0.848141053506167
1909,206225366.472864,1350.73588529417,1999,FALSE,1,"12819","ESP","Sierra Espuña","ESP",TRUE,"12819","",6.54980475193823e-06
1909,206225366.472864,107921.913814437,2001,FALSE,2,"12819","ESP","Sierra Espuña","ESP",TRUE,"12819","",0.000523320266852999
1909,206225366.472864,420366.853023004,2006,FALSE,2,"12819","ESP","Sierra Espuña","ESP",TRUE,"12819","",0.00203838577286911
