"SitRecID","kba","ovl","year","random","nPAs","DOMAIN","range_countries","RangeName","COUNTRY","multiple_ranges","all_gmba_intersec","note","percPA"
14682,201794753.906338,109.776793741491,1981,FALSE,1,"13932","PER","Cordillera de Vilcabamba","PER",TRUE,"13932","",5.44002218176809e-07
14682,201794753.906338,7698.2132687267,1983,FALSE,1,"13932","PER","Cordillera de Vilcabamba","PER",TRUE,"13932","",3.81487284466265e-05
14682,201794753.906338,8093.7883702988,2009,FALSE,1,"13932","PER","Cordillera de Vilcabamba","PER",TRUE,"13932","",4.01090128143544e-05
14682,201794753.906338,207669.692652374,2016,FALSE,1,"13932","PER","Cordillera de Vilcabamba","PER",TRUE,"13932","",0.0010291134364611
14724,14727908125.9752,6648550645.81866,2003,FALSE,3,"13932","PER","Cordillera de Vilcabamba","PER",TRUE,"13932","",0.451425320483415
14724,14727908125.9752,3446830.33441047,2004,FALSE,1,"13932","PER","Cordillera de Vilcabamba","PER",TRUE,"13932","",0.000234033937808953
14817,372644119.578261,372354145.272569,1981,FALSE,1,"13932","PER","Cordillera de Vilcabamba","PER",FALSE,"13932","",0.999221846554241
14881,670957442.981162,405036622.165233,2010,FALSE,1,"13932","PER","Cordillera de Vilcabamba","PER",FALSE,"13932","",0.60366961631068
