"SitRecID","kba","ovl","year","random","nPAs","DOMAIN","range_countries","RangeName","COUNTRY","multiple_ranges","all_gmba_intersec","note","percPA"
14682,131978551.310992,697419.126049133,2009,FALSE,1,"14142","PER","Cordillera Urubamba","PER",TRUE,"14142","",0.00528433687990516
14682,131978551.310992,20735975.4540979,2010,FALSE,1,"14142","PER","Cordillera Urubamba","PER",TRUE,"14142","",0.157116252967772
14682,131978551.310992,13591564.7898077,2011,FALSE,1,"14142","PER","Cordillera Urubamba","PER",TRUE,"14142","",0.102983133659201
14682,131978551.310992,12755.0176154278,2015,FALSE,1,"14142","PER","Cordillera Urubamba","PER",TRUE,"14142","",9.66446251207292e-05
14684,26207346.5767491,5901050.53378296,2020,FALSE,1,"14142","PER","Cordillera Urubamba","PER",FALSE,"14142","",0.225167798521744
14724,2145694.7508646,0,0,FALSE,0,"14142","PER","Cordillera Urubamba","PER",NA,NA,"no pas overlapping kba",0
29753,821455638.772648,8199825.62581636,2010,FALSE,1,"14142","PER","Cordillera Urubamba","PER",FALSE,"14142","",0.0099820674894482
29753,821455638.772648,4162295.88290307,2011,FALSE,1,"14142","PER","Cordillera Urubamba","PER",FALSE,"14142","",0.0050669758492644
47179,12437989.1227208,0,0,FALSE,0,"14142","PER","Cordillera Urubamba","PER",NA,NA,"no pas overlapping kba",0
