"SitRecID","kba","ovl","year","random","nPAs","DOMAIN","range_countries","RangeName","COUNTRY","multiple_ranges","all_gmba_intersec","note","percPA"
1779,51935385.3906915,24173766.4414711,1988,FALSE,1,"17983","ESP","Sierras de Portiello y Galardón","ESP",TRUE,"17983","",0.465458497315856
1779,51935385.3906915,293799.821206219,2001,FALSE,1,"17983","ESP","Sierras de Portiello y Galardón","ESP",TRUE,"17983","",0.0056570259178028
1779,51935385.3906915,4.00904680605071,2006,FALSE,1,"17983","ESP","Sierras de Portiello y Galardón","ESP",TRUE,"17983","",7.71929730739854e-08
1780,137975777.588904,13333.8575247526,1988,FALSE,1,"17983","ESP","Sierras de Portiello y Galardón","ESP",TRUE,"17983","",9.66391185305046e-05
1780,137975777.588904,16198610.6742378,2001,FALSE,1,"17983","ESP","Sierras de Portiello y Galardón","ESP",TRUE,"17983","",0.117401843695357
1780,137975777.588904,1801250.43025822,2006,FALSE,3,"17983","ESP","Sierras de Portiello y Galardón","ESP",TRUE,"17983","",0.0130548307951922
