"SitRecID","kba","ovl","year","random","nPAs","DOMAIN","range_countries","RangeName","COUNTRY","multiple_ranges","all_gmba_intersec","note","percPA"
1130,133609910.433858,12430907.4164445,1987,FALSE,1,"12960","GRC;ALB","Mourgana","GRC",TRUE,"12960","",0.0930388125856754
1130,133609910.433858,507422.384354648,1996,FALSE,1,"12960","GRC;ALB","Mourgana","GRC",TRUE,"12960","",0.00379779001951987
1130,133609910.433858,15985923.8813765,2001,FALSE,1,"12960","GRC;ALB","Mourgana","GRC",TRUE,"12960","",0.119646243526899
1130,133609910.433858,103832035.660997,2002,FALSE,1,"12960","GRC;ALB","Mourgana","GRC",TRUE,"12960","",0.777128248374942
45612,52913459.5214623,1015752.4318782,1996,FALSE,2,"12960","GRC;ALB","Mourgana","ALB",TRUE,"12960","",0.0191964849976631
