"SitRecID","kba","ovl","year","random","nPAs","DOMAIN","range_countries","RangeName","COUNTRY","multiple_ranges","all_gmba_intersec","note","percPA"
26429,804531334.597373,679083988.20339,2018,TRUE,1,"12219","IDN","Arfak Mountains","IDN",FALSE,"12219","",0.844074008059906
26448,376286715.477855,50210655.571303,2009,TRUE,1,"12219","IDN","Arfak Mountains","IDN",FALSE,"12219","",0.133437226205393
26448,376286715.477855,1762898.98058277,2018,TRUE,1,"12219","IDN","Arfak Mountains","IDN",FALSE,"12219","",0.00468498862189175
26459,3703413.96942746,3410781.46769966,2004,TRUE,1,"12219","IDN","Arfak Mountains","IDN",TRUE,"12219","",0.920983043174878
26443,635254781.847494,249307840.67845,2004,TRUE,1,"12219","IDN","Arfak Mountains","IDN",TRUE,"12219","",0.392453308188244
