"SitRecID","kba","ovl","year","random","nPAs","DOMAIN","range_countries","RangeName","COUNTRY","multiple_ranges","all_gmba_intersec","note","percPA"
872,307956951.052551,1457034.7182045,1974,FALSE,1,"20503","SWE","Helagsfjallet","SWE",TRUE,"20503","",0.0047312934915889
872,307956951.052551,143256063.349086,1996,FALSE,1,"20503","SWE","Helagsfjallet","SWE",TRUE,"20503","",0.465182106977804
872,307956951.052551,273472.529969841,2001,FALSE,1,"20503","SWE","Helagsfjallet","SWE",TRUE,"20503","",0.000888021942791525
872,307956951.052551,2224956.77404757,2003,FALSE,3,"20503","SWE","Helagsfjallet","SWE",TRUE,"20503","",0.00722489544867554
872,307956951.052551,12.1867227256298,2016,FALSE,1,"20503","SWE","Helagsfjallet","SWE",TRUE,"20503","",3.95728126414338e-08
