"SitRecID","kba","ovl","year","random","nPAs","DOMAIN","range_countries","RangeName","COUNTRY","multiple_ranges","all_gmba_intersec","note","percPA"
2170,32641607.9737614,1880436.35131342,1967,FALSE,1,"17892","FRA","Massif du Granquet","FRA",TRUE,"17892","",0.0576085697991652
2170,32641607.9737614,551506.230739903,2004,FALSE,2,"17892","FRA","Massif du Granquet","FRA",TRUE,"17892","",0.016895804617935
2170,32641607.9737614,1023801.70708388,2008,FALSE,1,"17892","FRA","Massif du Granquet","FRA",TRUE,"17892","",0.0313649287102171
2170,32641607.9737614,18454.2880432429,2012,FALSE,1,"17892","FRA","Massif du Granquet","FRA",TRUE,"17892","",0.0005653608749323
2170,32641607.9737614,12.9234199151397,2016,FALSE,1,"17892","FRA","Massif du Granquet","FRA",TRUE,"17892","",3.95918605649821e-07
2170,32641607.9737614,29112340.1463733,2019,FALSE,1,"17892","FRA","Massif du Granquet","FRA",TRUE,"17892","",0.891878248454395
