"SitRecID","kba","ovl","year","random","nPAs","DOMAIN","range_countries","RangeName","COUNTRY","multiple_ranges","all_gmba_intersec","note","percPA"
2427,188034529.642516,37483197.9433816,1951,FALSE,1,"19018","GBR","Snowdonia","GBR",FALSE,"19018","",0.199342099637992
2427,188034529.642516,29208781.5600673,1977,FALSE,1,"19018","GBR","Snowdonia","GBR",FALSE,"19018","",0.155337328817201
2427,188034529.642516,121027442.164517,1983,FALSE,1,"19018","GBR","Snowdonia","GBR",FALSE,"19018","",0.64364477308827
2466,22188875.3163447,21733930.7753599,1954,FALSE,1,"19018","GBR","Snowdonia","GBR",TRUE,"19018","",0.979496728225351
2466,22188875.3163447,403088.640501953,1979,FALSE,1,"19018","GBR","Snowdonia","GBR",TRUE,"19018","",0.0181662492918255
20808,150298408.793515,26770689.4896349,1948,FALSE,1,"19018","GBR","Snowdonia","GBR",FALSE,"19018","",0.178116918898412
20808,150298408.793515,120455780.319681,1951,FALSE,1,"19018","GBR","Snowdonia","GBR",FALSE,"19018","",0.80144414892088
20808,150298408.793515,3065406.7345077,1971,FALSE,2,"19018","GBR","Snowdonia","GBR",FALSE,"19018","",0.0203954703121246
20813,895874.437485845,895874.437485845,1951,FALSE,1,"19018","GBR","Snowdonia","GBR",FALSE,"19018","",1
