"SitRecID","kba","ovl","year","random","nPAs","DOMAIN","range_countries","RangeName","COUNTRY","multiple_ranges","all_gmba_intersec","note","percPA"
1844,90004.7307097551,34460.4397980838,1989,FALSE,1,"15085","ESP","Sierra de la Umbría de Alcudia","ESP",TRUE,"15085","",0.382873650377456
1844,90004.7307097551,NA,2003,FALSE,1,"15085","ESP","Sierra de la Umbría de Alcudia","ESP",TRUE,"15085","",NA
1712,383863661.455923,292937377.483449,1989,FALSE,1,"15085","ESP","Sierra de la Umbría de Alcudia","ESP",TRUE,"15085","",0.763128701405058
1712,383863661.455923,35202470.4935015,1997,FALSE,1,"15085","ESP","Sierra de la Umbría de Alcudia","ESP",TRUE,"15085","",0.0917056601814956
1712,383863661.455923,NA,2003,FALSE,1,"15085","ESP","Sierra de la Umbría de Alcudia","ESP",TRUE,"15085","",NA
1712,383863661.455923,1065508.17479583,2006,FALSE,1,"15085","ESP","Sierra de la Umbría de Alcudia","ESP",TRUE,"15085","",0.00277574639588067
1712,383863661.455923,135676.149585201,2010,FALSE,1,"15085","ESP","Sierra de la Umbría de Alcudia","ESP",TRUE,"15085","",0.000353448797603313
1712,383863661.455923,0.189044005211216,2015,FALSE,1,"15085","ESP","Sierra de la Umbría de Alcudia","ESP",TRUE,"15085","",4.92476950004092e-10
