"SitRecID","kba","ovl","year","random","nPAs","DOMAIN","range_countries","RangeName","COUNTRY","multiple_ranges","all_gmba_intersec","note","percPA"
1037,126318853.593746,23547708.1949318,2006,FALSE,1,"20355","GRC","Xerovouni","GRC",TRUE,"20355","",0.186414834563522
1037,126318853.593746,82939099.7157259,2009,FALSE,3,"20355","GRC","Xerovouni","GRC",TRUE,"20355","",0.656585278888506
1037,126318853.593746,19157156.825489,2010,FALSE,2,"20355","GRC","Xerovouni","GRC",TRUE,"20355","",0.151657146027468
1166,20013665.4441637,19041276.1041726,2010,FALSE,2,"20355","GRC","Xerovouni","GRC",TRUE,"20355","",0.951413730647995
