"SitRecID","kba","ovl","year","random","nPAs","DOMAIN","range_countries","RangeName","COUNTRY","multiple_ranges","all_gmba_intersec","note","percPA"
21910,639370038.553751,213.544259519154,1981,FALSE,1,"12950","THA","Sankamphaeng Range","THA",FALSE,"12950","",3.33991658417698e-07
21910,639370038.553751,639369823.381799,1982,FALSE,1,"12950","THA","Sankamphaeng Range","THA",FALSE,"12950","",0.999999663462566
21885,698270870.560627,698270875.744929,1981,FALSE,1,"12950","THA","Sankamphaeng Range","THA",TRUE,"12950","",1.00000000742449
15098,1634217597.69306,1634217587.88378,1962,FALSE,1,"12950","THA","Sankamphaeng Range","THA",FALSE,"12950","",0.999999993997569
