"SitRecID","kba","ovl","year","random","nPAs","DOMAIN","range_countries","RangeName","COUNTRY","multiple_ranges","all_gmba_intersec","note","percPA"
45584,271052252.648819,5043.16006141342,1948,FALSE,1,"15470","HRV","Papuk","HRV",TRUE,"15470","",1.86058592471742e-05
45584,271052252.648819,6089029.08497017,1955,FALSE,1,"15470","HRV","Papuk","HRV",TRUE,"15470","",0.0224644105535594
45584,271052252.648819,111993.650705976,1966,FALSE,1,"15470","HRV","Papuk","HRV",TRUE,"15470","",0.000413181036540131
45584,271052252.648819,230948108.740452,1999,FALSE,1,"15470","HRV","Papuk","HRV",TRUE,"15470","",0.852042757378126
45584,271052252.648819,NA,2005,FALSE,1,"15470","HRV","Papuk","HRV",TRUE,"15470","",NA
45584,271052252.648819,28749307.0529398,2013,FALSE,1,"15470","HRV","Papuk","HRV",TRUE,"15470","",0.106065552940407
