"SitRecID","kba","ovl","year","random","nPAs","DOMAIN","range_countries","RangeName","COUNTRY","multiple_ranges","all_gmba_intersec","note","percPA"
7014,66633296.7193138,10269012.1338166,1953,TRUE,1,"21040","TZA","Makonde Plateau","TZA",FALSE,"21040","",0.154112322808727
7014,66633296.7193138,8884461.42117813,1963,TRUE,1,"21040","TZA","Makonde Plateau","TZA",FALSE,"21040","",0.133333661376579
7014,66633296.7193138,35316478.7939322,2019,TRUE,1,"21040","TZA","Makonde Plateau","TZA",FALSE,"21040","",0.530012479236911
7016,34404205.9876277,4545.23869132577,1955,TRUE,1,"21040","TZA","Makonde Plateau","TZA",FALSE,"21040","",0.00013211287866839
7016,34404205.9876277,34374174.2865339,1998,TRUE,2,"21040","TZA","Makonde Plateau","TZA",FALSE,"21040","",0.999127092161214
22390,2086586.93332231,0,0,FALSE,0,"21040","TZA","Makonde Plateau","TZA",NA,NA,"no pas overlapping kba",0
22396,15123587.4587328,13448084.5462283,1944,TRUE,1,"21040","TZA","Makonde Plateau","TZA",FALSE,"21040","",0.889212601370114
