"SitRecID","kba","ovl","year","random","nPAs","DOMAIN","range_countries","RangeName","COUNTRY","multiple_ranges","all_gmba_intersec","note","percPA"
115,34827768.5779056,29540081.8159791,1983,FALSE,1,"14893","MNE;ALB","Rumija","MNE",TRUE,"14893","",0.848176125607974
115,34827768.5779056,23538.923437519,2005,FALSE,1,"14893","MNE;ALB","Rumija","MNE",TRUE,"14893","",0.000675866539794681
31717,92598791.863726,0,0,FALSE,0,"14893","MNE;ALB","Rumija","MNE",NA,NA,"no pas overlapping kba",0
46567,39632824.3628825,108247.577376068,1983,FALSE,1,"14893","MNE;ALB","Rumija","ALB",TRUE,"14893","",0.0027312607445016
46567,39632824.3628825,17330630.7407059,2005,FALSE,2,"14893","MNE;ALB","Rumija","ALB",TRUE,"14893","",0.437279730105145
2899,17208154.2161256,108247.577376068,1983,FALSE,1,"14893","MNE;ALB","Rumija","ALB",TRUE,"14893","",0.00629048159474476
2899,17208154.2161256,16530666.3618721,2005,FALSE,2,"14893","MNE;ALB","Rumija","ALB",TRUE,"14893","",0.960629835963542
