"SitRecID","kba","ovl","year","random","nPAs","DOMAIN","range_countries","RangeName","COUNTRY","multiple_ranges","all_gmba_intersec","note","percPA"
1849,553037127.952175,241635663.644079,1989,TRUE,2,"15081","ESP","Sierra Mágina","ESP",TRUE,"15081","",0.436924849040108
1849,553037127.952175,6.55663749405662,1992,TRUE,1,"15081","ESP","Sierra Mágina","ESP",TRUE,"15081","",1.1855691349937e-08
1849,553037127.952175,NA,2001,TRUE,1,"15081","ESP","Sierra Mágina","ESP",TRUE,"15081","",NA
1849,553037127.952175,3.9346428068658,2002,TRUE,1,"15081","ESP","Sierra Mágina","ESP",TRUE,"15081","",7.1146087812138e-09
1849,553037127.952175,0.00124707165854687,2012,TRUE,1,"15081","ESP","Sierra Mágina","ESP",TRUE,"15081","",2.25495106117851e-12
