"SitRecID","kba","ovl","year","random","nPAs","DOMAIN","range_countries","RangeName","COUNTRY","multiple_ranges","all_gmba_intersec","note","percPA"
20248,1199318302.63603,80985898.3770195,1941,FALSE,1,"19930","BRA","Maciço Passa Quatro","BRA",TRUE,"19930","",0.0675266092404472
20248,1199318302.63603,132786559.143041,1982,FALSE,1,"19930","BRA","Maciço Passa Quatro","BRA",TRUE,"19930","",0.110718362966015
20248,1199318302.63603,9311942.3295632,1984,FALSE,1,"19930","BRA","Maciço Passa Quatro","BRA",TRUE,"19930","",0.00776436272930725
20248,1199318302.63603,954844365.937142,1985,FALSE,1,"19930","BRA","Maciço Passa Quatro","BRA",TRUE,"19930","",0.796155919440613
