"SitRecID","kba","ovl","year","random","nPAs","DOMAIN","range_countries","RangeName","COUNTRY","multiple_ranges","all_gmba_intersec","note","percPA"
28278,2219968.32153822,2207159.66644797,1978,FALSE,1,"13584","NZL","Secretary Island","NZL",TRUE,"13584","",0.994230253213081
27403,18555080.2136264,89840.3656376561,1978,FALSE,1,"13584","NZL","Secretary Island","NZL",TRUE,"13584","",0.00484182038575502
27403,18555080.2136264,17786530.0835647,1990,FALSE,1,"13584","NZL","Secretary Island","NZL",TRUE,"13584","",0.958580069651365
27403,18555080.2136264,0.0317883938550949,1993,FALSE,1,"13584","NZL","Secretary Island","NZL",TRUE,"13584","",1.71319086143051e-09
