"SitRecID","kba","ovl","year","random","nPAs","DOMAIN","range_countries","RangeName","COUNTRY","multiple_ranges","all_gmba_intersec","in_gmba","note","percPA"
2756,37973429.3688133,16024579.5233591,1979,FALSE,1,"18169","ITA","Apuan Alps","ITA",FALSE,"18169",TRUE,"",0.421994531168673
2756,37973429.3688133,7132755.79941536,1998,FALSE,2,"18169","ITA","Apuan Alps","ITA",FALSE,"18169",TRUE,"",0.187835439621193
2756,37973429.3688133,0.00288698960177453,2016,FALSE,2,"18169","ITA","Apuan Alps","ITA",FALSE,"18169",TRUE,"",7.60265704141421e-11
2756,37973429.3688133,64.9562664942514,2017,FALSE,1,"18169","ITA","Apuan Alps","ITA",FALSE,"18169",TRUE,"",1.7105715120794e-06
2855,218606970.993253,170619246.264943,1985,FALSE,1,"18169","ITA","Apuan Alps","ITA",FALSE,"18169",TRUE,"",0.780484014255011
2855,218606970.993253,11750939.474358,1998,FALSE,1,"18169","ITA","Apuan Alps","ITA",FALSE,"18169",TRUE,"",0.0537537271614304
2855,218606970.993253,15544170.9154726,2016,FALSE,10,"18169","ITA","Apuan Alps","ITA",FALSE,"18169",TRUE,"",0.0711055591907561
