"SitRecID","kba","ovl","year","random","nPAs","DOMAIN","range_countries","RangeName","COUNTRY","multiple_ranges","all_gmba_intersec","note","percPA"
44609,16499255.8966739,36970.0705454613,2008,FALSE,1,"12023","NZL","Two Thumb Range","NZL",TRUE,"12023","",0.00224071138583371
44609,16499255.8966739,2229012.92758321,2009,FALSE,1,"12023","NZL","Two Thumb Range","NZL",TRUE,"12023","",0.135097785108755
44611,9572651.43227093,82426.4893332422,1953,FALSE,1,"12023","NZL","Two Thumb Range","NZL",TRUE,"12023","",0.00861062265939919
44611,9572651.43227093,NA,1990,FALSE,1,"12023","NZL","Two Thumb Range","NZL",TRUE,"12023","",NA
44611,9572651.43227093,39077.8362290472,1999,FALSE,1,"12023","NZL","Two Thumb Range","NZL",TRUE,"12023","",0.0040822374558954
44611,9572651.43227093,1125267.37901077,2009,FALSE,1,"12023","NZL","Two Thumb Range","NZL",TRUE,"12023","",0.117550230150167
44611,9572651.43227093,72684.37285569,2016,FALSE,1,"12023","NZL","Two Thumb Range","NZL",TRUE,"12023","",0.00759291961792941
