"SitRecID","kba","ovl","year","random","nPAs","DOMAIN","range_countries","RangeName","COUNTRY","multiple_ranges","all_gmba_intersec","in_gmba","note","percPA"
995,263188231.228029,35789.6933980361,1975,FALSE,1,"19892","GRC","Falakro","GRC",TRUE,"18099;19892",TRUE,"",0.000135985158724774
995,263188231.228029,5006138.30817887,1982,FALSE,1,"19892","GRC","Falakro","GRC",TRUE,"18099;19892",TRUE,"",0.0190211328402504
995,263188231.228029,254302539.730839,1997,FALSE,1,"19892","GRC","Falakro","GRC",TRUE,"18099;19892",TRUE,"",0.966238264318546
1115,234679547.275706,5024174.35185462,2001,FALSE,2,"19892","GRC","Falakro","GRC",FALSE,"19892",TRUE,"",0.0214086587867503
1115,234679547.275706,98988726.0308067,2006,FALSE,1,"19892","GRC","Falakro","GRC",FALSE,"19892",TRUE,"",0.421803805145886
1115,234679547.275706,278142.337929335,2009,FALSE,2,"19892","GRC","Falakro","GRC",FALSE,"19892",TRUE,"",0.00118520059015866
1115,234679547.275706,74955651.6684917,2010,FALSE,1,"19892","GRC","Falakro","GRC",FALSE,"19892",TRUE,"",0.319395757059443
