"SitRecID","kba","ovl","year","random","nPAs","DOMAIN","range_countries","RangeName","COUNTRY","multiple_ranges","all_gmba_intersec","note","percPA"
44511,2758697585.34199,10382613.1754821,1934,TRUE,1,"12103","USA","Abajo Mountains","USA",TRUE,"12103","",0.003763592367155
44511,2758697585.34199,185890879.932802,1984,TRUE,1,"12103","USA","Abajo Mountains","USA",TRUE,"12103","",0.0673835656798738
44511,2758697585.34199,649461.404306052,1986,TRUE,1,"12103","USA","Abajo Mountains","USA",TRUE,"12103","",0.000235423196713147
44511,2758697585.34199,135819651.956863,1992,TRUE,4,"12103","USA","Abajo Mountains","USA",TRUE,"12103","",0.049233251472914
44511,2758697585.34199,274647314.606867,1993,TRUE,1,"12103","USA","Abajo Mountains","USA",TRUE,"12103","",0.0995568764282726
44511,2758697585.34199,14475887.2006066,1997,TRUE,1,"12103","USA","Abajo Mountains","USA",TRUE,"12103","",0.00524736284162588
44511,2758697585.34199,3400065.50881133,2008,TRUE,2,"12103","USA","Abajo Mountains","USA",TRUE,"12103","",0.00123248939168873
