"SitRecID","kba","ovl","year","random","nPAs","DOMAIN","range_countries","RangeName","COUNTRY","multiple_ranges","all_gmba_intersec","note","percPA"
456,930672.293535337,876121.721882381,1988,FALSE,2,"20182","ROU","Vâlcan Mountains","ROU",TRUE,"20182","",0.941385843296424
456,930672.293535337,NA,1995,FALSE,1,"20182","ROU","Vâlcan Mountains","ROU",TRUE,"20182","",NA
456,930672.293535337,0.196152876965044,2007,FALSE,1,"20182","ROU","Vâlcan Mountains","ROU",TRUE,"20182","",2.10764710981048e-07
456,930672.293535337,42173.0260246247,2009,FALSE,2,"20182","ROU","Vâlcan Mountains","ROU",TRUE,"20182","",0.0453145820688638
459,11055953.9670201,1473742.00236531,1981,FALSE,1,"20182","ROU","Vâlcan Mountains","ROU",TRUE,"20182","",0.133298492989522
459,11055953.9670201,9569310.1143022,1990,FALSE,1,"20182","ROU","Vâlcan Mountains","ROU",TRUE,"20182","",0.865534547525018
