"SitRecID","kba","ovl","year","random","nPAs","DOMAIN","range_countries","RangeName","COUNTRY","multiple_ranges","all_gmba_intersec","note","percPA"
45095,21974217.2069412,10005527.7175726,1936,FALSE,1,"20977","JPN","Izu Hanto","JPN",TRUE,"20977","",0.455330336609766
45095,21974217.2069412,9129857.28346609,1960,FALSE,1,"20977","JPN","Izu Hanto","JPN",TRUE,"20977","",0.415480433158827
45095,21974217.2069412,5570.05745401622,1974,FALSE,2,"20977","JPN","Izu Hanto","JPN",TRUE,"20977","",0.000253481496135241
45095,21974217.2069412,2596284.0608003,1987,FALSE,1,"20977","JPN","Izu Hanto","JPN",TRUE,"20977","",0.118151378788601
