"SitRecID","kba","ovl","year","random","nPAs","DOMAIN","range_countries","RangeName","COUNTRY","multiple_ranges","all_gmba_intersec","note","percPA"
1776,960632.147814989,201730.379529715,1987,FALSE,1,"14941","ESP","Sierra de Izco","ESP",TRUE,"14941","",0.209997531301197
1776,960632.147814989,504843.824525157,1990,FALSE,1,"14941","ESP","Sierra de Izco","ESP",TRUE,"14941","",0.525532927118307
1776,960632.147814989,17915.1042979588,2014,FALSE,1,"14941","ESP","Sierra de Izco","ESP",TRUE,"14941","",0.018649286658486
1776,960632.147814989,189913.66598323,2017,FALSE,1,"14941","ESP","Sierra de Izco","ESP",TRUE,"14941","",0.197696554727217
