"SitRecID","kba","ovl","year","random","nPAs","DOMAIN","range_countries","RangeName","COUNTRY","multiple_ranges","all_gmba_intersec","note","percPA"
2733,746230667.290384,285910533.538921,1988,FALSE,2,"15439","ITA","Adamello-Presanella Alps","ITA",TRUE,"15439","",0.383139618982804
2733,746230667.290384,169654637.947301,2003,FALSE,1,"15439","ITA","Adamello-Presanella Alps","ITA",TRUE,"15439","",0.227348788228349
2733,746230667.290384,19911393.8077559,2004,FALSE,1,"15439","ITA","Adamello-Presanella Alps","ITA",TRUE,"15439","",0.0266826260036398
2733,746230667.290384,42717.521424536,2007,FALSE,2,"15439","ITA","Adamello-Presanella Alps","ITA",TRUE,"15439","",5.72443927822564e-05
2733,746230667.290384,39203893.040593,2016,FALSE,20,"15439","ITA","Adamello-Presanella Alps","ITA",TRUE,"15439","",0.0525358910575802
