"SitRecID","kba","ovl","year","random","nPAs","DOMAIN","range_countries","RangeName","COUNTRY","multiple_ranges","all_gmba_intersec","note","percPA"
31256,980248.100041748,928130.822104305,1987,FALSE,1,"13620","NZL","Malcolm Range","NZL",TRUE,"13620","",0.94683256418939
31256,980248.100041748,12260.3205290067,1990,FALSE,1,"13620","NZL","Malcolm Range","NZL",TRUE,"13620","",0.0125073647462154
31256,980248.100041748,NA,2014,FALSE,1,"13620","NZL","Malcolm Range","NZL",TRUE,"13620","",NA
27403,2945154.47572762,153223.249356562,1987,FALSE,1,"13620","NZL","Malcolm Range","NZL",TRUE,"13620","",0.0520255391081677
27403,2945154.47572762,700553.386659499,1990,FALSE,1,"13620","NZL","Malcolm Range","NZL",TRUE,"13620","",0.237866431942054
27403,2945154.47572762,946434.752101807,2014,FALSE,1,"13620","NZL","Malcolm Range","NZL",TRUE,"13620","",0.32135317855203
