"SitRecID","kba","ovl","year","random","nPAs","DOMAIN","range_countries","RangeName","COUNTRY","multiple_ranges","all_gmba_intersec","note","percPA"
29536,84491854.0717338,3005473.63152909,1976,TRUE,1,"16002","USA","Roan-Unaka Mountains","USA",FALSE,"16002","",0.0355711643986109
29536,84491854.0717338,7275468.30738225,1992,TRUE,1,"16002","USA","Roan-Unaka Mountains","USA",FALSE,"16002","",0.0861085176472203
29536,84491854.0717338,926906.975277011,1996,TRUE,1,"16002","USA","Roan-Unaka Mountains","USA",FALSE,"16002","",0.0109703708772927
29536,84491854.0717338,37646.5108601568,1998,TRUE,1,"16002","USA","Roan-Unaka Mountains","USA",FALSE,"16002","",0.000445563791607589
29536,84491854.0717338,90901.222610385,2010,TRUE,1,"16002","USA","Roan-Unaka Mountains","USA",FALSE,"16002","",0.00107585782806008
29594,203146503.031366,2711617.36067581,1985,FALSE,1,"16002","USA","Roan-Unaka Mountains","USA",TRUE,"16002","",0.0133480878095998
29594,203146503.031366,18097569.9824418,1986,FALSE,1,"16002","USA","Roan-Unaka Mountains","USA",TRUE,"16002","",0.0890862983727928
29594,203146503.031366,207.119872909738,1992,FALSE,1,"16002","USA","Roan-Unaka Mountains","USA",TRUE,"16002","",1.01955913500395e-06
29594,203146503.031366,173135975.924854,1998,FALSE,1,"16002","USA","Roan-Unaka Mountains","USA",TRUE,"16002","",0.852271505250183
