"SitRecID","kba","ovl","year","random","nPAs","DOMAIN","range_countries","RangeName","COUNTRY","multiple_ranges","all_gmba_intersec","note","percPA"
26001,12311071.378276,2612259.95427079,1989,TRUE,1,"16134","USA","Kanab Plateau","USA",TRUE,"16134","",0.2121878652154
26001,12311071.378276,834.147756576538,1999,TRUE,1,"16134","USA","Kanab Plateau","USA",TRUE,"16134","",6.77559028736092e-05
26001,12311071.378276,58442.6786065102,2000,TRUE,1,"16134","USA","Kanab Plateau","USA",TRUE,"16134","",0.00474716430526409
26001,12311071.378276,8676095.62971453,2009,TRUE,1,"16134","USA","Kanab Plateau","USA",TRUE,"16134","",0.704739284106849
26001,12311071.378276,3545.12977967448,2015,TRUE,1,"16134","USA","Kanab Plateau","USA",TRUE,"16134","",0.000287962734578096
