"SitRecID","kba","ovl","year","random","nPAs","DOMAIN","range_countries","RangeName","COUNTRY","multiple_ranges","all_gmba_intersec","note","percPA"
7032,103807291.750322,38139204.1586474,1949,FALSE,1,"14079","TZA","Umalila Mountains","TZA",FALSE,"14079","",0.367403903093628
7032,103807291.750322,9588024.44870499,1956,FALSE,1,"14079","TZA","Umalila Mountains","TZA",FALSE,"14079","",0.0923636893616889
7032,103807291.750322,6868428.38557611,1957,FALSE,1,"14079","TZA","Umalila Mountains","TZA",FALSE,"14079","",0.0661651823274234
7032,103807291.750322,14210629.4650551,1958,FALSE,2,"14079","TZA","Umalila Mountains","TZA",FALSE,"14079","",0.136894328186835
7032,103807291.750322,29346977.6911023,1962,FALSE,1,"14079","TZA","Umalila Mountains","TZA",FALSE,"14079","",0.282706322419891
29897,10239057.3230317,9157769.66288602,1937,FALSE,1,"14079","TZA","Umalila Mountains","TZA",TRUE,"14079","",0.894395780194197
48984,2093618.45487478,69432.9114091396,1962,FALSE,1,"14079","TZA","Umalila Mountains","TZA",TRUE,"14079","",0.03316407115512
48989,10632374.4230868,654190.612119228,1962,FALSE,1,"14079","TZA","Umalila Mountains","TZA",FALSE,"14079","",0.0615281766882417
