"SitRecID","kba","ovl","year","random","nPAs","DOMAIN","range_countries","RangeName","COUNTRY","multiple_ranges","all_gmba_intersec","note","percPA"
10002,47009975.280601,0,0,FALSE,0,"17747","MEX","Sierra de Mil Cumbres","MEX",NA,NA,"no pas overlapping kba",0
10017,974866243.947559,1555020.26502735,1977,FALSE,1,"17747","MEX","Sierra de Mil Cumbres","MEX",TRUE,"17747","",0.00159511140598176
10017,974866243.947559,5926.22671711817,1980,FALSE,1,"17747","MEX","Sierra de Mil Cumbres","MEX",TRUE,"17747","",6.07901520225062e-06
10017,974866243.947559,14248925.1586193,1981,FALSE,1,"17747","MEX","Sierra de Mil Cumbres","MEX",TRUE,"17747","",0.0146162873595055
10017,974866243.947559,127562202.446331,2005,FALSE,1,"17747","MEX","Sierra de Mil Cumbres","MEX",TRUE,"17747","",0.130850979032558
10017,974866243.947559,393979049.459905,2013,FALSE,1,"17747","MEX","Sierra de Mil Cumbres","MEX",TRUE,"17747","",0.40413651811817
10014,39521281.6297518,8675239.49380636,1947,FALSE,1,"17747","MEX","Sierra de Mil Cumbres","MEX",TRUE,"17747","",0.21950805075298
10014,39521281.6297518,14910634.5697088,1980,FALSE,1,"17747","MEX","Sierra de Mil Cumbres","MEX",TRUE,"17747","",0.377281149670107
10014,39521281.6297518,13566606.1140498,1988,FALSE,1,"17747","MEX","Sierra de Mil Cumbres","MEX",TRUE,"17747","",0.343273435339121
10036,1968247216.56671,71508456.8890855,1940,FALSE,1,"17747","MEX","Sierra de Mil Cumbres","MEX",TRUE,"17747","",0.0363310341745691
10036,1968247216.56671,27874.8021207303,1997,FALSE,1,"17747","MEX","Sierra de Mil Cumbres","MEX",TRUE,"17747","",1.41622464323122e-05
10036,1968247216.56671,68003775.8653359,2004,FALSE,2,"17747","MEX","Sierra de Mil Cumbres","MEX",TRUE,"17747","",0.034550423998037
10036,1968247216.56671,103383910.094086,2005,FALSE,1,"17747","MEX","Sierra de Mil Cumbres","MEX",TRUE,"17747","",0.052525876436611
10036,1968247216.56671,128119026.961052,2008,FALSE,1,"17747","MEX","Sierra de Mil Cumbres","MEX",TRUE,"17747","",0.0650929547277782
10036,1968247216.56671,381174065.24834,2009,FALSE,2,"17747","MEX","Sierra de Mil Cumbres","MEX",TRUE,"17747","",0.19366168133759
