"SitRecID","kba","ovl","year","random","nPAs","DOMAIN","range_countries","RangeName","COUNTRY","multiple_ranges","all_gmba_intersec","note","percPA"
3245,713427667.500828,38241.6504207999,1974,FALSE,1,"15365","AUT","Seckau Tauern","AUT",TRUE,"15365","",5.36027016652749e-05
3245,713427667.500828,984.307169318199,1978,FALSE,1,"15365","AUT","Seckau Tauern","AUT",TRUE,"15365","",1.37968740792781e-06
3245,713427667.500828,302447457.620591,1981,FALSE,1,"15365","AUT","Seckau Tauern","AUT",TRUE,"15365","",0.423935699998963
3245,713427667.500828,360414.148973802,1984,FALSE,1,"15365","AUT","Seckau Tauern","AUT",TRUE,"15365","",0.00050518667188273
3245,713427667.500828,59771.6031840742,1985,FALSE,1,"15365","AUT","Seckau Tauern","AUT",TRUE,"15365","",8.37808875473768e-05
3245,713427667.500828,83360295.77144,1997,FALSE,1,"15365","AUT","Seckau Tauern","AUT",TRUE,"15365","",0.116844775677758
3245,713427667.500828,317.229893147945,2004,FALSE,1,"15365","AUT","Seckau Tauern","AUT",TRUE,"15365","",4.4465600031916e-07
3245,713427667.500828,NA,2006,FALSE,1,"15365","AUT","Seckau Tauern","AUT",TRUE,"15365","",NA
3245,713427667.500828,7327276.69370641,2015,FALSE,3,"15365","AUT","Seckau Tauern","AUT",TRUE,"15365","",0.0102705249985247
