"SitRecID","kba","ovl","year","random","nPAs","DOMAIN","range_countries","RangeName","COUNTRY","multiple_ranges","all_gmba_intersec","note","percPA"
16002,5667324.84606572,0,0,FALSE,0,"19531","MYS","Crocker Range (nn)","MYS",NA,NA,"no pas overlapping kba",0
16011,553932330.608609,305989886.970962,1984,FALSE,3,"19531","MYS","Crocker Range (nn)","MYS",TRUE,"19531","",0.55239578927406
16019,793852232.913217,630210219.373565,1964,FALSE,1,"19531","MYS","Crocker Range (nn)","MYS",TRUE,"19531","",0.793863383190179
16019,793852232.913217,19187.3989476075,1984,FALSE,1,"19531","MYS","Crocker Range (nn)","MYS",TRUE,"19531","",2.41699880054442e-05
16019,793852232.913217,4765.69650660737,2000,FALSE,1,"19531","MYS","Crocker Range (nn)","MYS",TRUE,"19531","",6.00325389161983e-06
26689,37660598.0068563,37658079.8235105,1984,FALSE,1,"19531","MYS","Crocker Range (nn)","MYS",FALSE,"19531","",0.999933134801912
