"SitRecID","kba","ovl","year","random","nPAs","DOMAIN","range_countries","RangeName","COUNTRY","multiple_ranges","all_gmba_intersec","note","percPA"
24564,145735740.37803,48957456.733335,1986,FALSE,1,"14401","AUS","Nightcap Range","AUS",TRUE,"14401","",0.335933084131197
24564,145735740.37803,349981.506211136,1992,FALSE,1,"14401","AUS","Nightcap Range","AUS",TRUE,"14401","",0.0024014802772697
24564,145735740.37803,24016665.7395116,2003,FALSE,1,"14401","AUS","Nightcap Range","AUS",TRUE,"14401","",0.164795990861362
24564,145735740.37803,4420570.26611687,2012,FALSE,1,"14401","AUS","Nightcap Range","AUS",TRUE,"14401","",0.0303327807897375
24564,145735740.37803,39827054.1605689,2014,FALSE,1,"14401","AUS","Nightcap Range","AUS",TRUE,"14401","",0.273282683144573
24564,145735740.37803,27251968.1016754,2016,FALSE,1,"14401","AUS","Nightcap Range","AUS",TRUE,"14401","",0.186995777638247
