"SitRecID","kba","ovl","year","random","nPAs","DOMAIN","range_countries","RangeName","COUNTRY","multiple_ranges","all_gmba_intersec","note","percPA"
24564,10210824.2165885,9818261.84286799,2014,FALSE,1,"12640","AUS","Tweed Range","AUS",TRUE,"12640","",0.961554291270363
24332,43708843.5242245,25375166.0434377,1986,FALSE,1,"12640","AUS","Tweed Range","AUS",TRUE,"12640","",0.580549929887167
24332,43708843.5242245,968057.828796506,2003,FALSE,1,"12640","AUS","Tweed Range","AUS",TRUE,"12640","",0.0221478710197396
24332,43708843.5242245,17217826.8672884,2009,FALSE,1,"12640","AUS","Tweed Range","AUS",TRUE,"12640","",0.393920897443693
