"SitRecID","kba","ovl","year","random","nPAs","DOMAIN","range_countries","RangeName","COUNTRY","multiple_ranges","all_gmba_intersec","note","percPA"
16334,881313352.793697,828987638.56313,1992,FALSE,1,"19509","MNG","Khangai Mountains (nn)","MNG",FALSE,"19509","",0.940627571266567
16334,881313352.793697,1124684.25580937,2000,FALSE,1,"19509","MNG","Khangai Mountains (nn)","MNG",FALSE,"19509","",0.00127614571167474
16345,5039442.82358609,5039442.82358609,1965,FALSE,1,"19509","MNG","Khangai Mountains (nn)","MNG",TRUE,"19509","",1
28302,8475731538.93085,239148.764933586,1992,FALSE,1,"19509","MNG","Khangai Mountains (nn)","MNG",FALSE,"19509","",2.82157078518975e-05
28302,8475731538.93085,8408242883.93724,1996,FALSE,1,"19509","MNG","Khangai Mountains (nn)","MNG",FALSE,"19509","",0.992037424181782
