"SitRecID","kba","ovl","year","random","nPAs","DOMAIN","range_countries","RangeName","COUNTRY","multiple_ranges","all_gmba_intersec","note","percPA"
7161,360421948.669243,38964990.1182703,1985,FALSE,1,"20366","ZAF","Kogelsberg","ZAF",TRUE,"20366","",0.10810937086972
7161,360421948.669243,5070201.51403303,2000,FALSE,1,"20366","ZAF","Kogelsberg","ZAF",TRUE,"20366","",0.0140674049756218
7161,360421948.669243,1280.9439124912,2002,FALSE,1,"20366","ZAF","Kogelsberg","ZAF",TRUE,"20366","",3.55401194966269e-06
7161,360421948.669243,223987734.326179,2004,FALSE,1,"20366","ZAF","Kogelsberg","ZAF",TRUE,"20366","",0.621459750587308
7161,360421948.669243,539.956554174798,2017,FALSE,1,"20366","ZAF","Kogelsberg","ZAF",TRUE,"20366","",1.49812339722494e-06
