"SitRecID","kba","ovl","year","random","nPAs","DOMAIN","range_countries","RangeName","COUNTRY","multiple_ranges","all_gmba_intersec","note","percPA"
24332,111465416.183238,84216127.4614493,1986,FALSE,1,"14414","AUS","Mistake Mountains","AUS",TRUE,"14414","",0.755535935226819
24332,111465416.183238,7.49702743823218,2007,FALSE,1,"14414","AUS","Mistake Mountains","AUS",TRUE,"14414","",6.72587758153418e-08
24332,111465416.183238,541.690043364652,2009,FALSE,1,"14414","AUS","Mistake Mountains","AUS",TRUE,"14414","",4.85971399841335e-06
24332,111465416.183238,9780.83570870478,2011,FALSE,1,"14414","AUS","Mistake Mountains","AUS",TRUE,"14414","",8.77477162299925e-05
24332,111465416.183238,11300079.0360838,2018,FALSE,1,"14414","AUS","Mistake Mountains","AUS",TRUE,"14414","",0.101377444439875
