"SitRecID","kba","ovl","year","random","nPAs","DOMAIN","range_countries","RangeName","COUNTRY","multiple_ranges","all_gmba_intersec","note","percPA"
19338,59729238.440499,3678237.14024678,1980,FALSE,1,"11871","PAN","Serranía del Sapo","PAN",FALSE,"11871","",0.0615818523102543
19338,59729238.440499,32910.8533804864,1981,FALSE,1,"11871","PAN","Serranía del Sapo","PAN",FALSE,"11871","",0.000551000719911596
20903,111010019.602767,1043048.99556745,1980,FALSE,1,"11871","PAN","Serranía del Sapo","PAN",FALSE,"11871","",0.00939598965300479
20903,111010019.602767,27791384.8556344,1981,FALSE,1,"11871","PAN","Serranía del Sapo","PAN",FALSE,"11871","",0.250350238249501
20903,111010019.602767,25576418.9349899,1993,FALSE,1,"11871","PAN","Serranía del Sapo","PAN",FALSE,"11871","",0.23039739139324
19341,2022749283.06061,2010115390.87205,1980,FALSE,1,"11871","PAN","Serranía del Sapo","PAN",TRUE,"11871","",0.993754098792985
