"SitRecID","kba","ovl","year","random","nPAs","DOMAIN","range_countries","RangeName","COUNTRY","multiple_ranges","all_gmba_intersec","note","percPA"
1033,5409727.53957677,5366317.07232526,2002,FALSE,1,"20779","GRC","Pargas Mountains","GRC",TRUE,"20779","",0.991975479923171
1035,2490705.93837285,893111.188826561,2001,FALSE,1,"20779","GRC","Pargas Mountains","GRC",TRUE,"20779","",0.358577532203589
1035,2490705.93837285,1142903.68736362,2006,FALSE,2,"20779","GRC","Pargas Mountains","GRC",TRUE,"20779","",0.458867371597576
1035,2490705.93837285,391100.144180421,2009,FALSE,1,"20779","GRC","Pargas Mountains","GRC",TRUE,"20779","",0.157023813271157
1116,17598860.1521724,3965510.0640763,1996,FALSE,1,"20779","GRC","Pargas Mountains","GRC",FALSE,"20779","",0.225327664961687
1116,17598860.1521724,10468620.6467571,2001,FALSE,1,"20779","GRC","Pargas Mountains","GRC",FALSE,"20779","",0.594846515981029
1116,17598860.1521724,291588.424227799,2006,FALSE,1,"20779","GRC","Pargas Mountains","GRC",FALSE,"20779","",0.0165685971538222
1116,17598860.1521724,442261.185123509,2009,FALSE,1,"20779","GRC","Pargas Mountains","GRC",FALSE,"20779","",0.025130103955563
