"SitRecID","kba","ovl","year","random","nPAs","DOMAIN","range_countries","RangeName","COUNTRY","multiple_ranges","all_gmba_intersec","note","percPA"
2716,596494213.62946,467265.559994086,1979,FALSE,1,"19451","ITA;FRA","Cottian Alps (nn)","ITA",TRUE,"19451","",0.000783353047384881
2716,596494213.62946,256549675.309627,1995,FALSE,1,"19451","ITA;FRA","Cottian Alps (nn)","ITA",TRUE,"19451","",0.430095832361242
2716,596494213.62946,215.750970131909,2003,FALSE,1,"19451","ITA;FRA","Cottian Alps (nn)","ITA",TRUE,"19451","",3.61698345435975e-07
2716,596494213.62946,212889242.389818,2006,FALSE,3,"19451","ITA;FRA","Cottian Alps (nn)","ITA",TRUE,"19451","",0.356900767057673
2716,596494213.62946,71071.8470273614,2017,FALSE,5,"19451","ITA;FRA","Cottian Alps (nn)","ITA",TRUE,"19451","",0.000119149264826751
2716,596494213.62946,35460.9964532852,2018,FALSE,1,"19451","ITA;FRA","Cottian Alps (nn)","ITA",TRUE,"19451","",5.94490200290752e-05
2349,640301866.79471,637937748.696108,1979,FALSE,2,"19451","ITA;FRA","Cottian Alps (nn)","FRA",TRUE,"19451","",0.996307806956058
