"SitRecID","kba","ovl","year","random","nPAs","DOMAIN","range_countries","RangeName","COUNTRY","multiple_ranges","all_gmba_intersec","in_gmba","note","percPA"
23856,5011241440.73376,7321117.79548985,1978,FALSE,1,"14406","AUS","Warrumbungles","AUS",FALSE,"14406",TRUE,"",0.00146093894737945
23856,5011241440.73376,453689431.331333,2005,FALSE,3,"14406","AUS","Warrumbungles","AUS",FALSE,"14406",TRUE,"",0.0905343389850526
23856,5011241440.73376,663304168.008383,2010,FALSE,4,"14406","AUS","Warrumbungles","AUS",FALSE,"14406",TRUE,"",0.132363242891618
23856,5011241440.73376,1067931265.28284,2011,FALSE,3,"14406","AUS","Warrumbungles","AUS",FALSE,"14406",TRUE,"",0.21310712682933
23856,5011241440.73376,2012338.38614941,2014,FALSE,1,"14406","AUS","Warrumbungles","AUS",FALSE,"14406",TRUE,"",0.000401564843751523
23856,5011241440.73376,424289002.695142,2015,FALSE,2,"14406","AUS","Warrumbungles","AUS",FALSE,"14406",TRUE,"",0.084667443728877
