"SitRecID","kba","ovl","year","random","nPAs","DOMAIN","range_countries","RangeName","COUNTRY","multiple_ranges","all_gmba_intersec","note","percPA"
2860,469054554.633041,193787175.429426,1997,FALSE,1,"17710","ITA","Arunci Mountains","ITA",TRUE,"17710","",0.413144214282352
2860,469054554.633041,128860360.409007,1999,FALSE,2,"17710","ITA","Arunci Mountains","ITA",TRUE,"17710","",0.27472360972983
2860,469054554.633041,45837.3556440296,2001,FALSE,1,"17710","ITA","Arunci Mountains","ITA",TRUE,"17710","",9.77228665435088e-05
2860,469054554.633041,14737.1632229475,2002,FALSE,1,"17710","ITA","Arunci Mountains","ITA",TRUE,"17710","",3.14188681836314e-05
2860,469054554.633041,3040.10695984756,2016,FALSE,6,"17710","ITA","Arunci Mountains","ITA",TRUE,"17710","",6.48135047366922e-06
