"SitRecID","kba","ovl","year","random","nPAs","DOMAIN","range_countries","RangeName","COUNTRY","multiple_ranges","all_gmba_intersec","note","percPA"
22161,5149874.00315169,184911.416800931,1992,FALSE,2,"20834","SVN","Macelj","SVN",TRUE,"20834","",0.0359060079310225
22161,5149874.00315169,3571744.07347888,2004,FALSE,4,"20834","SVN","Macelj","SVN",TRUE,"20834","",0.693559506755505
22161,5149874.00315169,0.00316599292364304,2007,FALSE,2,"20834","SVN","Macelj","SVN",TRUE,"20834","",6.14770948125231e-10
22161,5149874.00315169,1431.94844818238,2013,FALSE,1,"20834","SVN","Macelj","SVN",TRUE,"20834","",0.00027805504509548
22161,5149874.00315169,0.0331048840932254,2015,FALSE,1,"20834","SVN","Macelj","SVN",TRUE,"20834","",6.42829010437254e-09
