"SitRecID","kba","ovl","year","random","nPAs","DOMAIN","range_countries","RangeName","COUNTRY","multiple_ranges","all_gmba_intersec","note","percPA"
19666,150969121.332711,145702534.616971,1982,FALSE,27,"11592","PRT","Madeira","PRT",FALSE,"11592","",0.965114808450571
19666,150969121.332711,1690111.86788681,1990,FALSE,1,"11592","PRT","Madeira","PRT",FALSE,"11592","",0.0111950831598342
19666,150969121.332711,2821162.86147107,1999,FALSE,1,"11592","PRT","Madeira","PRT",FALSE,"11592","",0.0186870191504506
19674,11633507.5532106,594946.723920367,1982,FALSE,1,"11592","PRT","Madeira","PRT",FALSE,"11592","",0.0511407863190989
19674,11633507.5532106,1735790.50605287,2018,FALSE,3,"11592","PRT","Madeira","PRT",FALSE,"11592","",0.149206118456839
19667,32735829.9843171,32735829.9866598,1982,FALSE,11,"11592","PRT","Madeira","PRT",FALSE,"11592","",1.00000000007156
