"SitRecID","kba","ovl","year","random","nPAs","DOMAIN","range_countries","RangeName","COUNTRY","multiple_ranges","all_gmba_intersec","note","percPA"
29524,492663440.327593,55336086.9447904,1976,TRUE,1,"16556","USA","Bodie Mountains","USA",TRUE,"16556","",0.112320262506175
29524,492663440.327593,23801162.6957069,1993,TRUE,1,"16556","USA","Bodie Mountains","USA",TRUE,"16556","",0.0483112014154744
29524,492663440.327593,20967.3110193163,1995,TRUE,1,"16556","USA","Bodie Mountains","USA",TRUE,"16556","",4.25590967443703e-05
29524,492663440.327593,82480595.2111579,2009,TRUE,1,"16556","USA","Bodie Mountains","USA",TRUE,"16556","",0.167417730766288
29524,492663440.327593,50906001.0583199,2010,TRUE,1,"16556","USA","Bodie Mountains","USA",TRUE,"16556","",0.103328148369342
29524,492663440.327593,4652.00164943075,2014,TRUE,1,"16556","USA","Bodie Mountains","USA",TRUE,"16556","",9.4425550358221e-06
26131,34619837.2186836,0,0,FALSE,0,"16556","USA","Bodie Mountains","USA",NA,NA,"no pas overlapping kba",0
