"SitRecID","kba","ovl","year","random","nPAs","DOMAIN","range_countries","RangeName","COUNTRY","multiple_ranges","all_gmba_intersec","note","percPA"
22456,112194123.074654,3899139.55063146,1939,FALSE,1,"12286","MDG","Beampingaratra Massif","MDG",TRUE,"12286","",0.0347535097541336
22456,112194123.074654,28.7052124692,2007,FALSE,1,"12286","MDG","Beampingaratra Massif","MDG",TRUE,"12286","",2.55853084658449e-07
6594,163622.707920063,133070.268667541,1939,FALSE,1,"12286","MDG","Beampingaratra Massif","MDG",TRUE,"12286","",0.813275066517979
6594,163622.707920063,30472.1262081528,2007,FALSE,1,"12286","MDG","Beampingaratra Massif","MDG",TRUE,"12286","",0.186234090582584
6605,10951985.5692048,10951985.5692048,1953,FALSE,1,"12286","MDG","Beampingaratra Massif","MDG",TRUE,"12286","",1
6592,337851790.081036,317621341.819221,1939,FALSE,1,"12286","MDG","Beampingaratra Massif","MDG",TRUE,"12286","",0.940120346093292
6592,337851790.081036,20229212.5764613,2007,FALSE,1,"12286","MDG","Beampingaratra Massif","MDG",TRUE,"12286","",0.0598759964291124
22478,1090663266.0928,60629.2681825645,1939,FALSE,1,"12286","MDG","Beampingaratra Massif","MDG",TRUE,"12286","",5.55893556402273e-05
22478,1090663266.0928,19004271.2339909,1953,FALSE,1,"12286","MDG","Beampingaratra Massif","MDG",TRUE,"12286","",0.0174245083930184
