"SitRecID","kba","ovl","year","random","nPAs","DOMAIN","range_countries","RangeName","COUNTRY","multiple_ranges","all_gmba_intersec","note","percPA"
2748,1381768.96522001,1362515.80681297,2004,FALSE,1,"12314","ITA","Tuscan–Emilian Apennines","ITA",TRUE,"12314","",0.98606629697753
2755,164759889.950866,1650552.89035646,1971,FALSE,1,"12314","ITA","Tuscan–Emilian Apennines","ITA",FALSE,"12314","",0.0100179290654338
2755,164759889.950866,11670035.4238691,1977,FALSE,2,"12314","ITA","Tuscan–Emilian Apennines","ITA",FALSE,"12314","",0.0708305609292968
2755,164759889.950866,40278898.1534513,1988,FALSE,2,"12314","ITA","Tuscan–Emilian Apennines","ITA",FALSE,"12314","",0.244470290466102
2755,164759889.950866,33922225.1386578,1992,FALSE,1,"12314","ITA","Tuscan–Emilian Apennines","ITA",FALSE,"12314","",0.205888855283734
2755,164759889.950866,57643217.0483443,1997,FALSE,1,"12314","ITA","Tuscan–Emilian Apennines","ITA",FALSE,"12314","",0.349861954056502
2755,164759889.950866,716959.52087337,1998,FALSE,3,"12314","ITA","Tuscan–Emilian Apennines","ITA",FALSE,"12314","",0.00435154163484315
2755,164759889.950866,16397287.5543166,1999,FALSE,6,"12314","ITA","Tuscan–Emilian Apennines","ITA",FALSE,"12314","",0.0995223264546156
