"SitRecID","kba","ovl","year","random","nPAs","DOMAIN","range_countries","RangeName","COUNTRY","multiple_ranges","all_gmba_intersec","in_gmba","note","percPA"
26497,39352703.2338406,29564.5403476506,2005,FALSE,1,"20942","AUS","Scenic Rim (nn)","AUS",FALSE,"20942",TRUE,"",0.000751270889117148
26497,39352703.2338406,16547.5981570631,2008,FALSE,1,"20942","AUS","Scenic Rim (nn)","AUS",FALSE,"20942",TRUE,"",0.000420494573364743
26497,39352703.2338406,31758.6447618008,2009,FALSE,1,"20942","AUS","Scenic Rim (nn)","AUS",FALSE,"20942",TRUE,"",0.000807025747966675
26497,39352703.2338406,4080014.45127555,2014,FALSE,1,"20942","AUS","Scenic Rim (nn)","AUS",FALSE,"20942",TRUE,"",0.103678124143884
