"SitRecID","kba","ovl","year","random","nPAs","DOMAIN","range_countries","RangeName","COUNTRY","multiple_ranges","all_gmba_intersec","note","percPA"
16631,3310492.34759666,0,0,FALSE,0,"11181","LAO","Bolaven Plateau","LAO",NA,NA,"no pas overlapping kba",0
16638,393438271.280284,360959500.376615,1993,FALSE,1,"11181","LAO","Bolaven Plateau","LAO",FALSE,"11181","",0.917448877563488
16643,179442021.06403,14433040.7954601,1993,FALSE,1,"11181","LAO","Bolaven Plateau","LAO",FALSE,"11181","",0.0804328925291697
22565,179442021.06403,14433040.7954601,1993,FALSE,1,"11181","LAO","Bolaven Plateau","LAO",FALSE,"11181","",0.0804328925291697
22566,625301844.931109,0,0,FALSE,0,"11181","LAO","Bolaven Plateau","LAO",NA,NA,"no pas overlapping kba",0
22568,321902879.091623,299810390.039922,1993,FALSE,1,"11181","LAO","Bolaven Plateau","LAO",FALSE,"11181","",0.931369085253154
22564,339202850.280613,338309226.839953,1993,FALSE,1,"11181","LAO","Bolaven Plateau","LAO",FALSE,"11181","",0.997365519069426
