"SitRecID","kba","ovl","year","random","nPAs","DOMAIN","range_countries","RangeName","COUNTRY","multiple_ranges","all_gmba_intersec","note","percPA"
29594,443746502.741113,25740497.7761042,1975,FALSE,2,"15994","USA","Unicoi Mountains","USA",TRUE,"15994","",0.0580072127151422
29594,443746502.741113,65574243.8439599,1984,FALSE,1,"15994","USA","Unicoi Mountains","USA",TRUE,"15994","",0.147774108503153
29594,443746502.741113,454.740082202479,1993,FALSE,1,"15994","USA","Unicoi Mountains","USA",TRUE,"15994","",1.02477445882606e-06
29594,443746502.741113,24914.1386218071,2005,FALSE,1,"15994","USA","Unicoi Mountains","USA",TRUE,"15994","",5.61449802261142e-05
29594,443746502.741113,351651232.535144,2011,FALSE,1,"15994","USA","Unicoi Mountains","USA",TRUE,"15994","",0.792459727260773
