"SitRecID","kba","ovl","year","random","nPAs","DOMAIN","range_countries","RangeName","COUNTRY","multiple_ranges","all_gmba_intersec","in_gmba","note","percPA"
437,840250623.195489,825968.855764928,1963,FALSE,1,"20965","BGR","Eastern Pre-Balkans","BGR",TRUE,"12372;20965",TRUE,"",0.000983002967166811
437,840250623.195489,374305.170124453,1979,FALSE,1,"20965","BGR","Eastern Pre-Balkans","BGR",TRUE,"12372;20965",TRUE,"",0.000445468482606967
437,840250623.195489,731178.356238008,1986,FALSE,1,"20965","BGR","Eastern Pre-Balkans","BGR",TRUE,"12372;20965",TRUE,"",0.000870190793143744
437,840250623.195489,489141.428697914,1987,FALSE,1,"20965","BGR","Eastern Pre-Balkans","BGR",TRUE,"12372;20965",TRUE,"",0.000582137537533385
437,840250623.195489,4819772.86706066,2002,FALSE,1,"20965","BGR","Eastern Pre-Balkans","BGR",TRUE,"12372;20965",TRUE,"",0.00573611340950986
437,840250623.195489,71973.0919438861,2005,FALSE,1,"20965","BGR","Eastern Pre-Balkans","BGR",TRUE,"12372;20965",TRUE,"",8.56566957013029e-05
437,840250623.195489,2774892.23674705,2006,FALSE,2,"20965","BGR","Eastern Pre-Balkans","BGR",TRUE,"12372;20965",TRUE,"",0.00330245781454358
437,840250623.195489,829525898.77659,2007,FALSE,2,"20965","BGR","Eastern Pre-Balkans","BGR",TRUE,"12372;20965",TRUE,"",0.987236279125729
19038,14776257.2260976,14663310.0415016,2007,FALSE,1,"20965","BGR","Eastern Pre-Balkans","BGR",FALSE,"20965",TRUE,"",0.992356170925579
