"SitRecID","kba","ovl","year","random","nPAs","DOMAIN","range_countries","RangeName","COUNTRY","multiple_ranges","all_gmba_intersec","note","percPA"
26051,225863644.242108,104869622.051077,1932,FALSE,1,"15801","USA","Unimak Island","USA",FALSE,"15801","",0.464305012003903
26051,225863644.242108,36054199.2631241,1980,FALSE,2,"15801","USA","Unimak Island","USA",FALSE,"15801","",0.159628165852477
31097,8081407.50378656,3171671.2293639,1932,FALSE,1,"15801","USA","Unimak Island","USA",TRUE,"15801","",0.392465202117058
31097,8081407.50378656,1159.3975559622,1980,FALSE,1,"15801","USA","Unimak Island","USA",TRUE,"15801","",0.000143464805532819
31109,92025.9764938354,16032.1174999647,1980,FALSE,2,"15801","USA","Unimak Island","USA",TRUE,"15801","",0.174212957153882
31121,62133748.5490754,41427397.0252596,1980,FALSE,2,"15801","USA","Unimak Island","USA",FALSE,"15801","",0.666745496491956
