"SitRecID","kba","ovl","year","random","nPAs","DOMAIN","range_countries","RangeName","COUNTRY","multiple_ranges","all_gmba_intersec","note","percPA"
3109,119341468.095111,1394364.95628009,1973,FALSE,1,"21021","SVK","Tribeč (nn)","SVK",FALSE,"21021","",0.0116838260709918
3109,119341468.095111,103119526.822263,1985,FALSE,1,"21021","SVK","Tribeč (nn)","SVK",FALSE,"21021","",0.864071210688315
3109,119341468.095111,11451.9593034897,2000,FALSE,1,"21021","SVK","Tribeč (nn)","SVK",FALSE,"21021","",9.59595980029582e-05
3109,119341468.095111,5856985.99511328,2004,FALSE,5,"21021","SVK","Tribeč (nn)","SVK",FALSE,"21021","",0.0490775426899012
3109,119341468.095111,7.0201700418061e-07,2017,FALSE,1,"21021","SVK","Tribeč (nn)","SVK",FALSE,"21021","",5.88242306204183e-15
