"SitRecID","kba","ovl","year","random","nPAs","DOMAIN","range_countries","RangeName","COUNTRY","multiple_ranges","all_gmba_intersec","note","percPA"
9333,137689069.014962,34189.2826153748,1984,FALSE,1,"15478","DEU","Palatinate Forest","DEU",FALSE,"15478","",0.00024830789299374
9333,137689069.014962,250140.749428889,1989,FALSE,3,"15478","DEU","Palatinate Forest","DEU",FALSE,"15478","",0.00181670739165001
9333,137689069.014962,688730.711419133,1990,FALSE,3,"15478","DEU","Palatinate Forest","DEU",FALSE,"15478","",0.00500207254175198
9333,137689069.014962,1796450.73945333,1991,FALSE,5,"15478","DEU","Palatinate Forest","DEU",FALSE,"15478","",0.0130471558294734
9333,137689069.014962,2993129.75122134,1992,FALSE,10,"15478","DEU","Palatinate Forest","DEU",FALSE,"15478","",0.0217383251454485
9333,137689069.014962,547541.878358075,1994,FALSE,1,"15478","DEU","Palatinate Forest","DEU",FALSE,"15478","",0.00397665466311329
9333,137689069.014962,68956376.7667974,2004,FALSE,1,"15478","DEU","Palatinate Forest","DEU",FALSE,"15478","",0.500812281324267
9333,137689069.014962,959378.738130834,2007,FALSE,2,"15478","DEU","Palatinate Forest","DEU",FALSE,"15478","",0.00696771896995385
9333,137689069.014962,245.212991333861,2014,FALSE,2,"15478","DEU","Palatinate Forest","DEU",FALSE,"15478","",1.78091836256962e-06
