"SitRecID","kba","ovl","year","random","nPAs","DOMAIN","range_countries","RangeName","COUNTRY","multiple_ranges","all_gmba_intersec","note","percPA"
15202,477491792.822554,453214511.893178,1993,FALSE,1,"14527","BTN","Kula Kangri Himalaya","BTN",TRUE,"14527","",0.949156652963881
15202,477491792.822554,1491316.02358851,1999,FALSE,1,"14527","BTN","Kula Kangri Himalaya","BTN",TRUE,"14527","",0.00312322859995777
15206,119612475.508551,81474310.5420782,2008,FALSE,1,"14527","BTN","Kula Kangri Himalaya","BTN",FALSE,"14527","",0.681152281111794
15213,7976709.26052821,6684.98567793798,1999,FALSE,1,"14527","BTN","Kula Kangri Himalaya","BTN",TRUE,"14527","",0.000838063098402976
