"SitRecID","kba","ovl","year","random","nPAs","DOMAIN","range_countries","RangeName","COUNTRY","multiple_ranges","all_gmba_intersec","note","percPA"
44625,1081295.03868301,94209.9804087067,1987,FALSE,1,"11416","NZL","Humboldt Mountains","NZL",TRUE,"11416","",0.0871269885076435
44625,1081295.03868301,117499.14174468,1990,FALSE,1,"11416","NZL","Humboldt Mountains","NZL",TRUE,"11416","",0.108665200099124
44625,1081295.03868301,253362.450647399,2006,FALSE,1,"11416","NZL","Humboldt Mountains","NZL",TRUE,"11416","",0.234313893602978
44624,8154790.24778666,287201.470756778,1958,FALSE,1,"11416","NZL","Humboldt Mountains","NZL",TRUE,"11416","",0.0352187440792519
44624,8154790.24778666,747170.766623317,1964,FALSE,1,"11416","NZL","Humboldt Mountains","NZL",TRUE,"11416","",0.091623541982102
44624,8154790.24778666,71514.0687260775,1987,FALSE,4,"11416","NZL","Humboldt Mountains","NZL",TRUE,"11416","",0.00876957794781878
44624,8154790.24778666,1853138.37848117,1990,FALSE,1,"11416","NZL","Humboldt Mountains","NZL",TRUE,"11416","",0.227245376296973
44624,8154790.24778666,50648.6120780899,1998,FALSE,2,"11416","NZL","Humboldt Mountains","NZL",TRUE,"11416","",0.00621090310591823
44624,8154790.24778666,26730.9650312819,2006,FALSE,1,"11416","NZL","Humboldt Mountains","NZL",TRUE,"11416","",0.0032779463626961
