"SitRecID","kba","ovl","year","random","nPAs","DOMAIN","range_countries","RangeName","COUNTRY","multiple_ranges","all_gmba_intersec","note","percPA"
7028,92278726.4371611,92269124.9031215,1940,FALSE,1,"14078","TZA","Kitulo Plateau","TZA",TRUE,"14078","",0.999895950730896
7036,165870395.110779,92274108.9374883,1940,FALSE,1,"14078","TZA","Kitulo Plateau","TZA",TRUE,"14078","",0.55630246057991
7036,165870395.110779,11520930.6386916,1956,FALSE,1,"14078","TZA","Kitulo Plateau","TZA",TRUE,"14078","",0.0694574256665702
7036,165870395.110779,56747516.1757718,2005,FALSE,1,"14078","TZA","Kitulo Plateau","TZA",TRUE,"14078","",0.342119617776711
