"SitRecID","kba","ovl","year","random","nPAs","DOMAIN","range_countries","RangeName","COUNTRY","multiple_ranges","all_gmba_intersec","note","percPA"
1102,172011353.483844,5514859.54972237,1962,FALSE,1,"14800","GRC","Agia Dinati","GRC",FALSE,"14800","",0.0320610206130397
1102,172011353.483844,17041320.5880642,1992,FALSE,1,"14800","GRC","Agia Dinati","GRC",FALSE,"14800","",0.0990709057449793
1102,172011353.483844,470974.679862861,2006,FALSE,1,"14800","GRC","Agia Dinati","GRC",FALSE,"14800","",0.00273804414838871
1102,172011353.483844,85886569.0289938,2010,FALSE,1,"14800","GRC","Agia Dinati","GRC",FALSE,"14800","",0.499307559004009
