"SitRecID","kba","ovl","year","random","nPAs","DOMAIN","range_countries","RangeName","COUNTRY","multiple_ranges","all_gmba_intersec","note","percPA"
44611,15693927.2782888,91514.2795830369,1987,FALSE,1,"15220","NZL","Gamack Range","NZL",TRUE,"15220","",0.00583119049555166
44611,15693927.2782888,2020550.14983343,2002,FALSE,1,"15220","NZL","Gamack Range","NZL",TRUE,"15220","",0.12874726089936
44611,15693927.2782888,65290.9947063737,2003,FALSE,1,"15220","NZL","Gamack Range","NZL",TRUE,"15220","",0.00416027126598821
44612,2064844.2651996,2064844.2651996,1957,FALSE,1,"15220","NZL","Gamack Range","NZL",TRUE,"15220","",1
