"SitRecID","kba","ovl","year","random","nPAs","DOMAIN","range_countries","RangeName","COUNTRY","multiple_ranges","all_gmba_intersec","note","percPA"
3279,395762936.574675,511556.079156162,1991,FALSE,22,"15406","CHE","Sankt Gallen and Appenzell Prealps","CHE",TRUE,"15406","",0.00129258207851315
3279,395762936.574675,25880465.0921106,1992,FALSE,1,"15406","CHE","Sankt Gallen and Appenzell Prealps","CHE",TRUE,"15406","",0.0653938575352857
3279,395762936.574675,6215656.87636633,1994,FALSE,21,"15406","CHE","Sankt Gallen and Appenzell Prealps","CHE",TRUE,"15406","",0.0157055052455462
3279,395762936.574675,709953.53693297,1996,FALSE,7,"15406","CHE","Sankt Gallen and Appenzell Prealps","CHE",TRUE,"15406","",0.00179388586277839
3279,395762936.574675,56795.4604489952,2003,FALSE,2,"15406","CHE","Sankt Gallen and Appenzell Prealps","CHE",TRUE,"15406","",0.00014350879074367
3279,395762936.574675,1923450.38053672,2010,FALSE,52,"15406","CHE","Sankt Gallen and Appenzell Prealps","CHE",TRUE,"15406","",0.00486010740971391
3279,395762936.574675,82191.496414911,2017,FALSE,2,"15406","CHE","Sankt Gallen and Appenzell Prealps","CHE",TRUE,"15406","",0.000207678609640098
3279,395762936.574675,24525607.8458924,2018,FALSE,21,"15406","CHE","Sankt Gallen and Appenzell Prealps","CHE",TRUE,"15406","",0.0619704514479333
