"SitRecID","kba","ovl","year","random","nPAs","DOMAIN","range_countries","RangeName","COUNTRY","multiple_ranges","all_gmba_intersec","note","percPA"
1936,25826489.2665444,25653022.7719945,1988,FALSE,2,"15027","ESP","Montes Capetanos y Somostierra","ESP",TRUE,"15027","",0.993283388510161
1691,75506138.321308,413199.949559892,1988,FALSE,2,"15027","ESP","Montes Capetanos y Somostierra","ESP",TRUE,"15027","",0.00547240209533118
1691,75506138.321308,39230385.4591915,2006,FALSE,1,"15027","ESP","Montes Capetanos y Somostierra","ESP",TRUE,"15027","",0.519565512571322
1691,75506138.321308,7047531.37487316,2013,FALSE,1,"15027","ESP","Montes Capetanos y Somostierra","ESP",TRUE,"15027","",0.0933371978961919
1691,75506138.321308,0.00609438121318817,2015,FALSE,1,"15027","ESP","Montes Capetanos y Somostierra","ESP",TRUE,"15027","",8.07137187609067e-11
1695,77027024.956614,2191822.6981733,1998,FALSE,1,"15027","ESP","Montes Capetanos y Somostierra","ESP",TRUE,"15027","",0.0284552428113102
1695,77027024.956614,33067.8995698995,2004,FALSE,1,"15027","ESP","Montes Capetanos y Somostierra","ESP",TRUE,"15027","",0.000429302567358992
1695,77027024.956614,12930566.0380252,2006,FALSE,1,"15027","ESP","Montes Capetanos y Somostierra","ESP",TRUE,"15027","",0.167870510970773
1695,77027024.956614,2089.7891606288,2011,FALSE,1,"15027","ESP","Montes Capetanos y Somostierra","ESP",TRUE,"15027","",2.71305968496887e-05
