"SitRecID","kba","ovl","year","random","nPAs","DOMAIN","range_countries","RangeName","COUNTRY","multiple_ranges","all_gmba_intersec","note","percPA"
45162,16490954.4615753,1452896.46244991,1989,FALSE,1,"18944","JPN","Okinawa Islands","JPN",FALSE,"18944","",0.0881026301925232
15286,69773273.0290952,1204467.07955146,1965,FALSE,1,"18944","JPN","Okinawa Islands","JPN",FALSE,"18944","",0.0172625853319107
15286,69773273.0290952,11910985.8871084,1972,FALSE,1,"18944","JPN","Okinawa Islands","JPN",FALSE,"18944","",0.170709863103907
15286,69773273.0290952,4103684.68116124,1974,FALSE,1,"18944","JPN","Okinawa Islands","JPN",FALSE,"18944","",0.0588145647037372
