"SitRecID","kba","ovl","year","random","nPAs","DOMAIN","range_countries","RangeName","COUNTRY","multiple_ranges","all_gmba_intersec","note","percPA"
3246,86775314.6504269,68567259.6049568,1970,FALSE,3,"15453","AUT","Gailtal Alps","AUT",TRUE,"15453","",0.790170106339332
3246,86775314.6504269,1805587.59776018,2000,FALSE,1,"15453","AUT","Gailtal Alps","AUT",TRUE,"15453","",0.0208076179848378
3246,86775314.6504269,483431.380966335,2002,FALSE,2,"15453","AUT","Gailtal Alps","AUT",TRUE,"15453","",0.00557107033162405
3246,86775314.6504269,0.176030748782484,2003,FALSE,2,"15453","AUT","Gailtal Alps","AUT",TRUE,"15453","",2.02858093331751e-09
3246,86775314.6504269,0.153488002717495,2005,FALSE,1,"15453","AUT","Gailtal Alps","AUT",TRUE,"15453","",1.76879799670931e-09
3247,988872.319416818,360517.344902222,1970,FALSE,1,"15453","AUT","Gailtal Alps","AUT",TRUE,"15453","",0.364574210262893
3247,988872.319416818,628356.844109438,2000,FALSE,1,"15453","AUT","Gailtal Alps","AUT",TRUE,"15453","",0.635427680370311
