"SitRecID","kba","ovl","year","random","nPAs","DOMAIN","range_countries","RangeName","COUNTRY","multiple_ranges","all_gmba_intersec","note","percPA"
1028,532533555.647243,6616815.27248251,1980,FALSE,1,"14789","GRC","Antichasia","GRC",TRUE,"14789","",0.0124251611984158
1028,532533555.647243,5928554.67926431,1981,FALSE,1,"14789","GRC","Antichasia","GRC",TRUE,"14789","",0.0111327344847945
1028,532533555.647243,441562.039832622,1985,FALSE,1,"14789","GRC","Antichasia","GRC",TRUE,"14789","",0.000829172237411304
1028,532533555.647243,2717866.83860302,1988,FALSE,1,"14789","GRC","Antichasia","GRC",TRUE,"14789","",0.00510365367549415
1028,532533555.647243,18923110.164892,1991,FALSE,1,"14789","GRC","Antichasia","GRC",TRUE,"14789","",0.0355341179240672
1028,532533555.647243,589855.067756802,1992,FALSE,1,"14789","GRC","Antichasia","GRC",TRUE,"14789","",0.00110763924921105
1028,532533555.647243,464226136.103149,1997,FALSE,1,"14789","GRC","Antichasia","GRC",TRUE,"14789","",0.871731238680212
1028,532533555.647243,27463784.4240775,2006,FALSE,1,"14789","GRC","Antichasia","GRC",TRUE,"14789","",0.0515719321962687
