"SitRecID","kba","ovl","year","random","nPAs","DOMAIN","range_countries","RangeName","COUNTRY","multiple_ranges","all_gmba_intersec","note","percPA"
1930,48783384.4583544,22295383.8400504,1992,FALSE,2,"14958","ESP","Sierras de Carrodilla Montroig","ESP",FALSE,"14958","",0.457028229746618
1930,48783384.4583544,470.897233361534,2003,FALSE,1,"14958","ESP","Sierras de Carrodilla Montroig","ESP",FALSE,"14958","",9.65282008597684e-06
1930,48783384.4583544,32661.5050003205,2006,FALSE,2,"14958","ESP","Sierras de Carrodilla Montroig","ESP",FALSE,"14958","",0.000669521095409095
1930,48783384.4583544,0.00247506031230191,2008,FALSE,1,"14958","ESP","Sierras de Carrodilla Montroig","ESP",FALSE,"14958","",5.07357236440786e-11
1785,238927333.968964,3856126.38974433,1990,FALSE,1,"14958","ESP","Sierras de Carrodilla Montroig","ESP",TRUE,"14958","",0.0161393270735831
1785,238927333.968964,128875434.342482,1992,FALSE,3,"14958","ESP","Sierras de Carrodilla Montroig","ESP",TRUE,"14958","",0.539391756487864
1785,238927333.968964,4738.46093857549,2005,FALSE,2,"14958","ESP","Sierras de Carrodilla Montroig","ESP",TRUE,"14958","",1.98322262248614e-05
1785,238927333.968964,43231.8953084361,2006,FALSE,3,"14958","ESP","Sierras de Carrodilla Montroig","ESP",TRUE,"14958","",0.00018094160509091
1785,238927333.968964,8.49249772727489e-08,2008,FALSE,1,"14958","ESP","Sierras de Carrodilla Montroig","ESP",TRUE,"14958","",3.55442702440151e-16
