"SitRecID","kba","ovl","year","random","nPAs","DOMAIN","range_countries","RangeName","COUNTRY","multiple_ranges","all_gmba_intersec","note","percPA"
20171,32934619.25325,0.00399771256343229,1937,FALSE,1,"19929","BRA","Maciço do Itatiaia","BRA",TRUE,"19929","",1.21383293752145e-10
20171,32934619.25325,32926308.6340994,1985,FALSE,1,"19929","BRA","Maciço do Itatiaia","BRA",TRUE,"19929","",0.999747663117442
20212,280845291.47026,278956125.399117,1937,FALSE,1,"19929","BRA","Maciço do Itatiaia","BRA",FALSE,"19929","",0.993273285582773
20248,279818186.230833,2227.40243311599,1968,FALSE,1,"19929","BRA","Maciço do Itatiaia","BRA",TRUE,"19929","",7.96017751068731e-06
20248,279818186.230833,43472847.6390433,1982,FALSE,1,"19929","BRA","Maciço do Itatiaia","BRA",TRUE,"19929","",0.155361051490702
20248,279818186.230833,227587429.481229,1985,FALSE,1,"19929","BRA","Maciço do Itatiaia","BRA",TRUE,"19929","",0.813340378432312
20248,279818186.230833,11082.2994516967,2012,FALSE,1,"19929","BRA","Maciço do Itatiaia","BRA",TRUE,"19929","",3.96053580397182e-05
