"SitRecID","kba","ovl","year","random","nPAs","DOMAIN","range_countries","RangeName","COUNTRY","multiple_ranges","all_gmba_intersec","note","percPA"
1846,21395272.9280929,23123.7490091503,1986,FALSE,1,"15102","ESP","Sierra de la Sagra","ESP",TRUE,"15102","",0.00108078775563493
1846,21395272.9280929,11744.1132928759,1987,FALSE,1,"15102","ESP","Sierra de la Sagra","ESP",TRUE,"15102","",0.000548911590534347
1846,21395272.9280929,19330153.373693,2002,FALSE,1,"15102","ESP","Sierra de la Sagra","ESP",TRUE,"15102","",0.903477765329727
1846,21395272.9280929,196974.675320623,2005,FALSE,2,"15102","ESP","Sierra de la Sagra","ESP",TRUE,"15102","",0.00920645770599107
1846,21395272.9280929,683344.053333128,2006,FALSE,2,"15102","ESP","Sierra de la Sagra","ESP",TRUE,"15102","",0.0319390201578531
1846,21395272.9280929,0.061422489499364,2015,FALSE,1,"15102","ESP","Sierra de la Sagra","ESP",TRUE,"15102","",2.87084393388194e-09
1846,21395272.9280929,NA,2017,FALSE,1,"15102","ESP","Sierra de la Sagra","ESP",TRUE,"15102","",NA
1832,1505673.87987931,0,0,FALSE,0,"15102","ESP","Sierra de la Sagra","ESP",NA,NA,"no pas overlapping kba",0
