"SitRecID","kba","ovl","year","random","nPAs","DOMAIN","range_countries","RangeName","COUNTRY","multiple_ranges","all_gmba_intersec","in_gmba","note","percPA"
26459,2974882294.44884,13458024.7390415,1982,FALSE,1,"11721","IDN","Tamrau Mountains","IDN",TRUE,"11721;12219",TRUE,"",0.00452388478164475
26459,2974882294.44884,1522926.97565438,1999,FALSE,1,"11721","IDN","Tamrau Mountains","IDN",TRUE,"11721;12219",TRUE,"",0.000511928481505362
26459,2974882294.44884,6633836.97229098,2005,FALSE,1,"11721","IDN","Tamrau Mountains","IDN",TRUE,"11721;12219",TRUE,"",0.0022299493948617
26459,2974882294.44884,2060043310.92846,2011,FALSE,1,"11721","IDN","Tamrau Mountains","IDN",TRUE,"11721;12219",TRUE,"",0.692478930938719
26459,2974882294.44884,943357.160974372,2017,FALSE,2,"11721","IDN","Tamrau Mountains","IDN",TRUE,"11721;12219",TRUE,"",0.00031710739034438
