"SitRecID","kba","ovl","year","random","nPAs","DOMAIN","range_countries","RangeName","COUNTRY","multiple_ranges","all_gmba_intersec","note","percPA"
31396,309599517.609881,1961981.35799008,1994,TRUE,1,"19645","USA","Northern Green Mountains (nn)","USA",TRUE,"19645","",0.00633715896309091
31396,309599517.609881,2279221.99653558,1995,TRUE,1,"19645","USA","Northern Green Mountains (nn)","USA",TRUE,"19645","",0.00736183962472312
31396,309599517.609881,8032340.66912716,1997,TRUE,2,"19645","USA","Northern Green Mountains (nn)","USA",TRUE,"19645","",0.0259442932312592
31396,309599517.609881,494274.50996492,2009,TRUE,1,"19645","USA","Northern Green Mountains (nn)","USA",TRUE,"19645","",0.00159649638274871
31396,309599517.609881,17311121.9958465,2011,TRUE,1,"19645","USA","Northern Green Mountains (nn)","USA",TRUE,"19645","",0.0559145638516784
