"SitRecID","kba","ovl","year","random","nPAs","DOMAIN","range_countries","RangeName","COUNTRY","multiple_ranges","all_gmba_intersec","note","percPA"
31068,3333848.29251957,12855.6375751756,1980,FALSE,1,"15796","USA","Fox Islands","USA",FALSE,"15796","",0.00385609555300428
31089,507290.941997766,1757.17741823196,1980,FALSE,1,"15796","USA","Fox Islands","USA",TRUE,"15796","",0.00346384544402076
31109,70463575.4349047,1032355.8036387,1980,FALSE,1,"15796","USA","Fox Islands","USA",TRUE,"15796","",0.0146509142811297
31119,19066306.2444749,15156824.0979564,1980,FALSE,1,"15796","USA","Fox Islands","USA",TRUE,"15796","",0.79495335402727
30191,39658367.8414807,23636009.8886905,1980,FALSE,1,"15796","USA","Fox Islands","USA",FALSE,"15796","",0.595990485114426
31150,151509733.261358,129235495.047435,1980,FALSE,1,"15796","USA","Fox Islands","USA",FALSE,"15796","",0.852984770453662
30175,31956943.4170671,30589590.3913938,1980,FALSE,1,"15796","USA","Fox Islands","USA",FALSE,"15796","",0.957212646784518
