"SitRecID","kba","ovl","year","random","nPAs","percPA","ISO","COUNTRY"
19,474631265.47697,10671868.4670966,1993,FALSE,1,0.0224845458850507,"AND","Andorra"
19,474631265.47697,58945041.9126849,2000,FALSE,4,0.12419123264762,"AND","Andorra"
19,474631265.47697,15293752.8045944,2003,FALSE,1,0.0322223880241545,"AND","Andorra"
19,474631265.47697,0.00697745342658598,2012,FALSE,1,1.47007876094596e-11,"AND","Andorra"
19,474631265.47697,38894870.2255823,2013,FALSE,1,0.0819475518253012,"AND","Andorra"
19,474631265.47697,NA,2014,FALSE,1,NA,"AND","Andorra"
NA,0,0,0,FALSE,0,NA,"AND","Andorra"
NA,0,0,0,FALSE,0,NA,"AND","Andorra"
NA,0,0,0,FALSE,0,NA,"AND","Andorra"
