"SitRecID","kba","ovl","year","random","nPAs","percPA","ISO","COUNTRY"
911,220194.214009285,12175.2032802403,2004,0,1,0.0552930209134692,"POL","Poland"
911,220194.214009285,16.8434619252548,2005,0,1,7.64936626561158e-05,"POL","Poland"
911,220194.214009285,0.000959150493144989,2008,0,1,4.35592959361114e-09,"POL","Poland"
